document_id,origin,bundle,node_uuid,node_title,filename,url,anchor,node_created,url_path_month,category,indexed,current_published_at,year_in_filename,year_in_anchor,needs_pdf_metadata
inbody:55252e581abbf0b3398f9223aa1a301e0ae2b2ab,inbody,article,f4d8b82c-6cd0-422e-86b2-e0ede594bf85,Breathe and Let Breathe,TERI-emergency-plan-for-air-pollution.pdf,http://www.teriin.org/sites/default/files/files/TERI-emergency-plan-for-air-pollution.pdf,10-point Emergency Response Solution,2018-01-24T10:01:08+00:00,,unmanaged_no_file_entity,True,2018-01-24 10:01:08,False,False,True
,inbody,article,e60890e4-7b13-4634-a06d-84de757dd457,What is India losing by not conserving its land?,life-on-land-exec-summary1.pdf,/sites/default/files/2018-03/life-on-land-exec-summary1.pdf,Vol I: Macroeconomic assessment of the costs of degradation in India,2018-02-05T06:26:03+00:00,2018-03,managed_path_month,False,,False,False,True
,inbody,article,e60890e4-7b13-4634-a06d-84de757dd457,What is India losing by not conserving its land?,life-on-land-exec-summary2.pdf,/sites/default/files/2018-03/life-on-land-exec-summary2.pdf,Vol II: Six micro-economic case studies,2018-02-05T06:26:03+00:00,2018-03,managed_path_month,False,,False,False,True
,inbody,article,45aa6b56-c5d3-4611-b619-06ffcf9df4d6,India@ 70: Concerns and Opportunities in Waste Recycling In India,waste-recycling-issues-and-opportunities.pdf,/sites/default/files/files/waste-recycling-issues-and-opportunities.pdf,Presentation,2018-02-23T09:40:12+00:00,,unmanaged_no_file_entity,False,,False,False,True
,inbody,article,f05cd30f-df0d-4294-843f-1e774e3fdd34,District Mineral Foundations: Sharing mining revenues with communities,21majorminerals13032018.pdf,http://mines.gov.in/writereaddata/UploadFile/21majorminerals13032018.pdf,"The Ministry of Mines, March 2018",2018-03-03T06:19:43+00:00,,external_host,False,,False,True,False
,inbody,article,f05cd30f-df0d-4294-843f-1e774e3fdd34,District Mineral Foundations: Sharing mining revenues with communities,Annexure213032018.pdf,http://mines.gov.in/writereaddata/UploadFile/Annexure213032018.pdf,Mines,2018-03-03T06:19:43+00:00,,external_host,False,,False,False,False
,inbody,article,f05cd30f-df0d-4294-843f-1e774e3fdd34,District Mineral Foundations: Sharing mining revenues with communities,"MMDR%20Act,%202015.pdf","http://mines.gov.in/writereaddata/UploadFile/MMDR%20Act,%202015.pdf","The Mines and Minerals (Development and Regulation) Amendment Act, 2015",2018-03-03T06:19:43+00:00,,external_host,False,,False,True,False
,inbody,article,f05cd30f-df0d-4294-843f-1e774e3fdd34,District Mineral Foundations: Sharing mining revenues with communities,PMKKKY%20Guidelines.pdf,http://mines.gov.in/writereaddata/UploadFile/PMKKKY%20Guidelines.pdf,Pradhan Mantri Khanij Kshetra Kalyan Yojana Guidelines 2015,2018-03-03T06:19:43+00:00,,external_host,False,,False,True,False
,inbody,article,f05cd30f-df0d-4294-843f-1e774e3fdd34,District Mineral Foundations: Sharing mining revenues with communities,"contribution%20to%20DMF%20Rules,.pdf","http://mines.gov.in/writereaddata/UploadFile/contribution%20to%20DMF%20Rules,.pdf","Ministry of Mines notification, F.No.16.7.2015-M.VI",2018-03-03T06:19:43+00:00,,external_host,False,,False,True,False
,inbody,article,f05cd30f-df0d-4294-843f-1e774e3fdd34,District Mineral Foundations: Sharing mining revenues with communities,Goa%20DMF%20Rules.pdf,http://mines.gov.in/writereaddata/UploadFile/Goa%20DMF%20Rules.pdf,Goa,2018-03-03T06:19:43+00:00,,external_host,False,,False,False,False
,inbody,article,f05cd30f-df0d-4294-843f-1e774e3fdd34,District Mineral Foundations: Sharing mining revenues with communities,Karnataka%20DMF%20Rules.pdf,http://mines.gov.in/writereaddata/UploadFile/Karnataka%20DMF%20Rules.pdf,Karnataka,2018-03-03T06:19:43+00:00,,external_host,False,,False,False,False
,inbody,article,f05cd30f-df0d-4294-843f-1e774e3fdd34,District Mineral Foundations: Sharing mining revenues with communities,Andhra%20Pradesh%20DMF%20Rules%202016.pdf,http://mines.gov.in/writereaddata/UploadFile/Andhra%20Pradesh%20DMF%20Rules%202016.pdf,Andhra Pradesh,2018-03-03T06:19:43+00:00,,external_host,False,,False,False,False
,inbody,article,f05cd30f-df0d-4294-843f-1e774e3fdd34,District Mineral Foundations: Sharing mining revenues with communities,draftnationalmineralpolicy2018.pdf,http://mines.gov.in/writereaddata/UploadFile/draftnationalmineralpolicy2018.pdf,"Draft National Mineral Policy, 2018",2018-03-03T06:19:43+00:00,,external_host,False,,True,True,False
inbody:e61dedfa025511df0dacc549cf029a0ef4fffcef,inbody,article,99e46946-23c0-4dbd-9327-d75da72b34c0,Forests in India are net source of GHG emissions,Forestry%20Sector%20in%20India%20is%20Net%20Source%20of%20Green%20House%20Gases%20%28GHGS%29%20by%20Dr%20J.V.%20Sharma%20-%20Paper.pdf,http://www.teriin.org/sites/default/files/2018-03/Forestry%20Sector%20in%20India%20is%20Net%20Source%20of%20Green%20House%20Gases%20%28GHGS%29%20by%20Dr%20J.V.%20Sharma%20-%20Paper.pdf,Also Read: Forestry Sector in India is Net Source of Green House Gases (GHGS) by Dr J.V. Sharma - Paper,2018-03-03T07:17:23+00:00,2018-03,managed_path_month,True,2018-03-03 07:17:23,False,False,True
inbody:f8c4d1a7bb9e758ae8afd2a9137366104ad51b19,inbody,article,9f84ed70-6193-420a-a267-7c1e97efc2b2,"A People’s Biodiversity Register of Village Ghukhuyi, Zünheboto, Nagaland",people-biodiversity-nagaland-report.pdf,http://www.teriin.org/sites/default/files/2018-03/people-biodiversity-nagaland-report.pdf,"View Report - A People's Biodiversity Register (PBR) of Village Ghukhuyi, Zünheboto, Nagaland",2018-03-06T11:39:14+00:00,2018-03,managed_path_month,True,2018-03-06 11:39:14,False,False,True
inbody:4db30e175828ee46c052162bbc12477ca9a509af,inbody,article,9f84ed70-6193-420a-a267-7c1e97efc2b2,"A People’s Biodiversity Register of Village Ghukhuyi, Zünheboto, Nagaland",Presentation_IGES_ISAP_2017.pdf,http://www.teriin.org/sites/default/files/2018-03/Presentation_IGES_ISAP_2017.pdf,"View Presentation - The Sustainable Management of SEPLS and Mainstreaming of Biodiversity Conservation in the State of Nagaland, India",2018-03-06T11:39:14+00:00,2018-03,managed_path_month,True,2018-07-12 06:24:04,True,False,True
,inbody,article,3d250124-02fe-4f4a-871a-6879487ea037,GOBAR-DHAN - Re-emphasizing India's traditional practices,Biogas_%20A%20fit%20Option%20for%20Rural%20Energy.pdf,http://web.iitd.ac.in/~vkvijay/Biogas_%20A%20fit%20Option%20for%20Rural%20Energy.pdf,http://web.iitd.ac.in/~vkvijay/Biogas_%20A%20fit%20Option%20for%20Rural%20Energy.pdf,2018-05-10T10:41:18+00:00,,external_host,False,,False,False,False
,inbody,article,906a377e-7ae0-497e-8b9d-5fbb0c2f7ff5,Can the technology behind Bitcoin aid transition to renewable energy?,WEO2017SpecialReport_EnergyAccessOutlook.pdf,https://www.iea.org/publications/freepublications/publication/WEO2017SpecialReport_EnergyAccessOutlook.pdf,https://www.iea.org/publications/freepublications/publication/WEO2017SpecialReport_EnergyAccessOutlook.pdf,2018-05-18T08:44:05+00:00,,external_host,False,,True,True,False
,inbody,article,906a377e-7ae0-497e-8b9d-5fbb0c2f7ff5,Can the technology behind Bitcoin aid transition to renewable energy?,installed_capacity-07.pdf,http://www.cea.nic.in/reports/monthly/installedcapacity/2017/installed_capacity-07.pdf,http://www.cea.nic.in/reports/monthly/installedcapacity/2017/installed_capacity-07.pdf,2018-05-18T08:44:05+00:00,,external_host,False,,False,True,False
inbody:a3796b87dcfaed0c47b8cc8bec8240f165197a44,inbody,article,ca0d3f46-c993-42a3-98bd-4608841c572c,Chennai is learning the art of solid waste management,waste-recycling-issues-and-opportunities.pdf,http://www.teriin.org/sites/default/files/files/waste-recycling-issues-and-opportunities.pdf,Here is a quick glimpse of the state of waste management in India.,2018-06-15T09:40:42+00:00,,unmanaged_no_file_entity,True,2018-06-15 09:40:42,False,False,True
inbody:0eb32effb3431a14d845a72210ff28a445664efe,inbody,article,167634d4-4bd8-4c58-94f7-40c9a314a945,The mathematics of energy efficient ACs in India,improving-air-conditioners-in-india.pdf,http://www.teriin.org/sites/default/files/2018-04/improving-air-conditioners-in-india.pdf,here,2018-06-29T05:05:33+00:00,2018-04,managed_path_month,True,2018-06-29 05:05:33,False,False,True
inbody:91a056c7f85199a14118203fd948c467599aebdd,inbody,article,4fb6d56c-0af2-4d63-90de-7f406c9dd1b7,Losing the benefits of forests to degradation?,life-on-land-exec-summary1.pdf,http://www.teriin.org/sites/default/files/2018-03/life-on-land-exec-summary1.pdf,we estimate that forest degradation accounts for 55% of the total costs of land degradation in India,2018-07-12T07:29:03+00:00,2018-03,managed_path_month,True,2018-07-12 07:29:03,False,False,True
,inbody,article,19c0a045-2e29-4c9b-9a04-a5f701a2f4df,The women of Ujjwala,06.-Case_Study_Botswana.pdf,http://www.energia.org/cm2/wp-content/uploads/2015/02/06.-Case_Study_Botswana.pdf,,2018-08-03T09:41:14+00:00,,external_host,False,,False,False,False
,inbody,article,19c0a045-2e29-4c9b-9a04-a5f701a2f4df,The women of Ujjwala,120104-BRI-PUBLIC-P151262-M-E-Laos-Energy-and-Gender-Note.pdf,http://documents.worldbank.org/curated/en/547301506533359927/pdf/120104-BRI-PUBLIC-P151262-M-E-Laos-Energy-and-Gender-Note.pdf,,2018-08-03T09:41:14+00:00,,external_host,False,,False,False,False
inbody:1bc3f853c546a5c906810b34c4dab3b499b4671c,inbody,article,1c6d5fc3-0519-4d03-835a-9da02d06d7b8,We need to mine in India to Make in India,mining-recommendation-paper.pdf,http://www.teriin.org/sites/default/files/2018-08/mining-recommendation-paper.pdf,Read more,2018-08-08T05:57:18+00:00,2018-08,managed_path_month,True,2018-08-08 05:57:18,False,False,True
inbody:c137ea055324a88bdff23669ae1913cb21e27521,inbody,article,d6f37760-5bbd-4975-be42-3543b117cd8a,Enabling India's energy transition towards low-carbon pathways,energy-transitions-presentation.pdf,http://www.teriin.org/sites/default/files/files/energy-transitions-presentation.pdf,,2018-08-28T05:32:45+00:00,,unmanaged_no_file_entity,True,2018-08-28 05:32:45,False,False,True
inbody:7d7bbda955d08e942f4708c960b4d223c705dc17,inbody,article,285e40a4-a669-493f-b34c-e6a6552bb351,Towards COP24: From Bangkok to Katowice,Briefing%20note%20on%20SB48-2%20Bangkok.pdf,http://www.teriin.org/sites/default/files/2018-09/Briefing%20note%20on%20SB48-2%20Bangkok.pdf,Read full article here,2018-09-26T10:29:59+00:00,2018-09,managed_path_month,True,2018-09-26 10:29:59,False,False,True
,inbody,article,9fca453a-8198-452c-a00d-6b572e624ab4,The need for sustainable water indicators for cities in India,Rural_Urban_2011.pdf,http://censusindia.gov.in/2011-prov-results/paper2/data_files/india/Rural_Urban_2011.pdf,http://censusindia.gov.in/2011-prov-results/paper2/data_files/india/Rural_Urban_2011.pdf,2018-11-06T10:03:38+00:00,,external_host,False,,True,True,False
,inbody,article,9fca453a-8198-452c-a00d-6b572e624ab4,The need for sustainable water indicators for cities in India,Flyer.pdf,http://mohua.gov.in/upload/uploadfiles/files/Flyer.pdf,http://mohua.gov.in/upload/uploadfiles/files/Flyer.pdf,2018-11-06T10:03:38+00:00,,external_host,False,,False,False,False
inbody:51ce0930869cde0e3825793214f6cc1b86ac6823,inbody,article,01479057-a133-4c67-8cf2-499fc67d6719,Modern bioenergy to lead renewables growth till 2023: IEA,renewables2018_India.pdf,http://teriin.org/sites/default/files/files/renewables2018_India.pdf,Download presentation,2018-11-16T10:15:27+00:00,,unmanaged_no_file_entity,True,2018-11-16 10:15:27,True,False,True
,inbody,article,13deba0a-24be-4e29-bf96-b573b8977cae,A tomorrow unlike yesterday: Transitions in the energy sector in India,miles-report.pdf,https://www.iddri.org/sites/default/files/import/publications/miles-report.pdf,TERI's analysis,2018-11-21T08:54:18+00:00,,external_host,False,,False,False,False
inbody:0213525f925c9f8bc8eb9073d60362fa4fcd55cf,inbody,article,13deba0a-24be-4e29-bf96-b573b8977cae,A tomorrow unlike yesterday: Transitions in the energy sector in India,Transitions-in-Indian-Electricity-Sector_Report.pdf,http://www.teriin.org/files/transition-report/files/downloads/Transitions-in-Indian-Electricity-Sector_Report.pdf,TERI's estimates,2018-11-21T08:54:18+00:00,,unmanaged_no_file_entity,True,2018-11-21 08:54:18,False,False,True
,inbody,article,0ce78445-363f-4aee-9c3c-53490f37ce68,Does access to energy cause human development ? A Granger causality check,gaye_amie.pdf,http://hdr.undp.org/sites/default/files/gaye_amie.pdf,"Amie Gaye, Access to Energy and Human Development, Human Development Report 2007/2008: Fighting climate change: Human solidarity in a divided world",2018-12-11T04:55:24+00:00,,external_host,False,,False,True,False
,inbody,article,0ce78445-363f-4aee-9c3c-53490f37ce68,Does access to energy cause human development ? A Granger causality check,Energy%20access%20and%20human%20development%20IC4HD_Session%204_Iyer.pdf,http://www.in.undp.org/content/dam/india/docs/human-development/Energy%20access%20and%20human%20development%20IC4HD_Session%204_Iyer.pdf,"Srinivasan Iyer, Energy Access for Sustainable Human Development, UNDP",2018-12-11T04:55:24+00:00,,external_host,False,,False,False,False
inbody:7764def1d94ec4276dafb31b946f3d398789299d,inbody,article,4c50e3e8-d307-4e27-90f9-0627ce4d65e6,Blockchain and distributed clean energy: How do the twain meet?,microgrids.pdf,http://www.teriin.org/sites/default/files/files/microgrids.pdf,,2019-01-30T10:59:21+00:00,,unmanaged_no_file_entity,True,2019-01-30 10:59:21,False,False,True
inbody:abe1919632f4cb4b136dc6b1fcd538ca25c9c1ab,inbody,article,4c50e3e8-d307-4e27-90f9-0627ce4d65e6,Blockchain and distributed clean energy: How do the twain meet?,electric-vehicle.pdf,http://www.teriin.org/sites/default/files/files/electric-vehicle.pdf,,2019-01-30T10:59:21+00:00,,unmanaged_no_file_entity,True,2019-01-30 10:59:21,False,False,True
inbody:789659dbb09358c9ac773fc304f21144f031d21a,inbody,article,4c50e3e8-d307-4e27-90f9-0627ce4d65e6,Blockchain and distributed clean energy: How do the twain meet?,energy-storage.pdf,http://www.teriin.org/sites/default/files/files/energy-storage.pdf,,2019-01-30T10:59:21+00:00,,unmanaged_no_file_entity,True,2019-01-30 10:59:21,False,False,True
inbody:42211be8ffa29b55474de9d6f2e5a3587a9689a7,inbody,article,4c50e3e8-d307-4e27-90f9-0627ce4d65e6,Blockchain and distributed clean energy: How do the twain meet?,rooftop.pdf,http://www.teriin.org/sites/default/files/files/rooftop.pdf,,2019-01-30T10:59:21+00:00,,unmanaged_no_file_entity,True,2019-01-30 10:59:21,False,False,True
,inbody,article,71006477-7497-4a02-a594-d9e03357ca1c,Technology lever for green housing scale-up in India,SHLC-infographic-rev.pdf,https://www.ecocities.in/sites/default/files/2018-09/SHLC-infographic-rev.pdf,View SHLC Infographic,2019-02-22T11:26:15+00:00,2018-09,external_host,False,,False,False,False
inbody:ae21f5aabd04acd402cbc40dfbbd37de38a9980b,inbody,article,c96c332b-77f0-40b3-92c9-60ca0469e419,A green agenda: Clearing India's air,green-agenda_0.pdf,https://www.teriin.org/sites/default/files/2019-05/green-agenda_0.pdf,Download document,2019-04-18T06:52:15+00:00,2019-05,managed_path_month,True,2019-04-18 06:52:15,False,False,True
inbody:c326a0127ef3e7b4dcb5c4d9166c235e1f318efb,inbody,article,119fb6f4-d7a0-4bce-af7a-8b732c855a7c,Holistic approach needed for India's resource efficiency policy,National-Policy-Report.pdf,https://www.teriin.org/sites/default/files/2019-04/National-Policy-Report.pdf,reference report,2019-04-26T11:50:22+00:00,2019-04,managed_path_month,True,2019-04-26 11:50:22,False,False,True
inbody:6a35e6c478d4c88d511795affdb14f0720bf31f9,inbody,article,119fb6f4-d7a0-4bce-af7a-8b732c855a7c,Holistic approach needed for India's resource efficiency policy,RE-Reference-Report.pdf,https://www.teriin.org/sites/default/files/2019-04/RE-Reference-Report.pdf,here,2019-04-26T11:50:22+00:00,2019-04,managed_path_month,True,2019-04-26 11:50:22,False,False,True
inbody:e1c048a8bb75d7f3434878e3bba4d03aa11d2be4,inbody,article,23ac0d7a-11c8-43be-8cfe-01967b3fed36,"Land Acquisition Act, 2013 is progressive but much remains to be done to ensure beneficial outcomes for all stakeholders",RFCTLARR%20Conference%202018%20Proceedings.pdf,https://www.teriin.org/sites/default/files/2019-05/RFCTLARR%20Conference%202018%20Proceedings.pdf,Conference Proceedings,2019-06-17T08:57:31+00:00,2019-05,managed_path_month,True,2019-06-17 08:57:31,False,False,True
inbody:be3bd0e08263352f6aa2b905cda0a6aaf3fea67b,inbody,article,23ac0d7a-11c8-43be-8cfe-01967b3fed36,"Land Acquisition Act, 2013 is progressive but much remains to be done to ensure beneficial outcomes for all stakeholders",RFCTLARR%20Conference%202018%20Executive%20Summary.pdf,https://www.teriin.org/sites/default/files/2019-05/RFCTLARR%20Conference%202018%20Executive%20Summary.pdf,Executive Summary,2019-06-17T08:57:31+00:00,2019-05,managed_path_month,True,2019-06-17 08:57:31,False,False,True
inbody:5b5d47119e1c4765f519f0554ef3a672bb15a938,inbody,article,23ac0d7a-11c8-43be-8cfe-01967b3fed36,"Land Acquisition Act, 2013 is progressive but much remains to be done to ensure beneficial outcomes for all stakeholders",RFCTLARR%20Conference%202018%20Way%20Foreword.pdf,https://www.teriin.org/sites/default/files/2019-05/RFCTLARR%20Conference%202018%20Way%20Foreword.pdf,Recommendations,2019-06-17T08:57:31+00:00,2019-05,managed_path_month,True,2019-06-17 08:57:31,False,False,True
,inbody,article,502f39cb-e8e6-4b0e-9f9e-bd710c1d7fb9,Need for cross-learning as states act to improve wastewater management,2018-05-18-Water-Index-Report_vS8-compressed.pdf,https://niti.gov.in/writereaddata/files/document_publication/2018-05-18-Water-Index-Report_vS8-compressed.pdf,approximately 33% of urban wastewater is treated,2019-06-18T05:46:45+00:00,,external_host,False,,True,False,False
,inbody,article,502f39cb-e8e6-4b0e-9f9e-bd710c1d7fb9,Need for cross-learning as states act to improve wastewater management,AU4066.pdf,http://164.100.24.220/loksabhaquestions/annex/15/AU4066.pdf,"Lok Sabha Question No. 4066, answered on 10th August, 2018",2019-06-18T05:46:45+00:00,,external_host,False,,False,True,False
,inbody,article,502f39cb-e8e6-4b0e-9f9e-bd710c1d7fb9,Need for cross-learning as states act to improve wastewater management,Acts.ashx,http://udhd.jharkhand.gov.in/Handlers/Acts.ashx?id=PL24032017050302PM.pdf,"Government of Jharkhand (2017) Jharkhand Waste Water Policy, 2017",2019-06-18T05:46:45+00:00,,external_host,False,,False,True,False
,inbody,article,502f39cb-e8e6-4b0e-9f9e-bd710c1d7fb9,Need for cross-learning as states act to improve wastewater management,Policy_Reuse_Of_WasteWaterA.pdf,https://gwssb.gujarat.gov.in/downloads/Policy_Reuse_Of_WasteWaterA.pdf,Government of Gujarat (2018) Policy for Reuse of Treated Waste Water,2019-06-18T05:46:45+00:00,,external_host,False,,False,True,False
,inbody,article,502f39cb-e8e6-4b0e-9f9e-bd710c1d7fb9,Need for cross-learning as states act to improve wastewater management,StateLevelPolicyV1.pdf,http://www.uddkar.gov.in/sites/uddkar.gov.in/files/images/ADB/urban_waste_water_re-use_policy_udd_435_prj_2014_dt._27.12.2017.pdf; http:/www.mpurban.gov.in/pdf/StateLevelPolicyV1.pdf,"(Karnataka) Policy for Urban Waste Water Reuse, 2017",2019-06-18T05:46:45+00:00,,external_host,False,,False,True,False
,inbody,article,502f39cb-e8e6-4b0e-9f9e-bd710c1d7fb9,Need for cross-learning as states act to improve wastewater management,notificationtwwp.pdf,https://pwssb.punjab.gov.in/wp-content/uploads/2018/03/notificationtwwp.pdf,Government of Punjab (2017) The State Treated Waste Water Policy - 2017,2019-06-18T05:46:45+00:00,,external_host,False,,False,True,False
,inbody,article,502f39cb-e8e6-4b0e-9f9e-bd710c1d7fb9,Need for cross-learning as states act to improve wastewater management,urban_waste_water_re-use_policy_udd_435_prj_2014_dt._27.12.2017.pdf,http://www.uddkar.gov.in/sites/uddkar.gov.in/files/images/ADB/urban_waste_water_re-use_policy_udd_435_prj_2014_dt._27.12.2017.pdf,Government of Karnataka (2017) Policy for Urban Waste Water Reuse: Enabling Environment for Urban Wastewater Reuse,2019-06-18T05:46:45+00:00,,external_host,False,,True,True,False
,inbody,article,502f39cb-e8e6-4b0e-9f9e-bd710c1d7fb9,Need for cross-learning as states act to improve wastewater management,2018-05-18-Water-Index-Report_vS8-compressed.pdf,http://niti.gov.in/writereaddata/files/document_publication/2018-05-18-Water-Index-Report_vS8-compressed.pdf,NITI Aayog (2018) Composite Water Managment Index: A Tool for Water Management,2019-06-18T05:46:45+00:00,,external_host,False,,True,True,False
inbody:cbf11c425efc31ebde7f33921f9a777c4ce368f0,inbody,article,651dc67b-487a-417c-b6a1-ba6944618256,हरित एजेन्डा 2019: भारत की नयी सरकार के लिये सतत्त विकास की ओर आवश्यक अनिवार्यतायें,Green-Agenda-2019-Hindi-Version.pdf,https://www.teriin.org/sites/default/files/2019-06/Green-Agenda-2019-Hindi-Version.pdf,Download,2019-06-25T10:25:40+00:00,2019-06,managed_path_month,True,2019-07-02 06:05:59,True,False,True
inbody:6d1dca69133a60279f047d5283b8352d0c25a6ba,inbody,article,d7c83c7e-0b84-4b4c-8d93-dcce604eadc2,A 'green division' in Delhi to reduce residents' carbon footprint,model-green-division-report.pdf,https://www.teriin.org/sites/default/files/2019-07/model-green-division-report.pdf,here,2019-07-02T09:41:02+00:00,2019-07,managed_path_month,True,2019-07-02 09:41:02,False,False,True
inbody:ac44646ac0f4459b3f433f94ff206817ca644e3f,inbody,article,ba69cfd5-24ed-49bb-a50f-3d0924c61a66,Time for a strategy on ocean development and Indian maritime security,maritime-strategy.pdf,https://www.teriin.org/sites/default/files/2019-08/maritime-strategy.pdf,here,2019-08-05T09:35:28+00:00,2019-08,managed_path_month,True,2019-08-05 09:35:28,False,False,True
,inbody,article,b9e955aa-df51-41b8-98e2-c8f046a19373,Here is how marine pollution is challenging environment and economy of South Asian Seas region,2017.05-Marine-Environment-Pollution-Challenges-and-Opportunities-in-South-Asian-Seas-Region.pdf,http://www.sacep.org/pdf/Reports-Technical/2017.05-Marine-Environment-Pollution-Challenges-and-Opportunities-in-South-Asian-Seas-Region.pdf,http://www.sacep.org/pdf/Reports-Technical/2017.05-Marine-Environment-Pollution-Challenges-and-Opportunities-in-South-Asian-Seas-Region.pdf,2019-08-09T04:47:34+00:00,,external_host,False,,True,True,False
,inbody,article,b9e955aa-df51-41b8-98e2-c8f046a19373,Here is how marine pollution is challenging environment and economy of South Asian Seas region,scr2004v1-all.pdf,https://www.icriforum.org/sites/default/files/scr2004v1-all.pdf,https://www.icriforum.org/sites/default/files/scr2004v1-all.pdf,2019-08-09T04:47:34+00:00,,external_host,False,,True,True,False
,inbody,article,b04ebb75-82fa-4c51-adb9-d1919b67533e,Solid waste pollution in the South Asian Seas (SAS),2017.05-SACEP-Leaflet.pdf,http://www.sacep.org/pdf/General-Publications/2017.05-SACEP-Leaflet.pdf,http://www.sacep.org/pdf/General-Publications/2017.05-SACEP-Leaflet.pdf,2019-08-09T06:43:01+00:00,,external_host,False,,True,True,False
,inbody,article,b04ebb75-82fa-4c51-adb9-d1919b67533e,Solid waste pollution in the South Asian Seas (SAS),4288Presentation-Sinha-PS-7.pdf,http://www.uncrd.or.jp/content/documents/4288Presentation-Sinha-PS-7.pdf,http://www.uncrd.or.jp/content/documents/4288Presentation-Sinha-PS-7.pdf,2019-08-09T06:43:01+00:00,,external_host,False,,False,False,False
,inbody,article,b04ebb75-82fa-4c51-adb9-d1919b67533e,Solid waste pollution in the South Asian Seas (SAS),2007.09-Marine-Litter-in-the-SAS-Region.pdf,http://www.sacep.org/pdf/Reports-Technical/2007.09-Marine-Litter-in-the-SAS-Region.pdf,http://www.sacep.org/pdf/Reports-Technical/2007.09-Marine-Litter-in-the-SAS-Region.pdf,2019-08-09T06:43:01+00:00,,external_host,False,,True,True,False
,inbody,article,b04ebb75-82fa-4c51-adb9-d1919b67533e,Solid waste pollution in the South Asian Seas (SAS),SFG4315-EA-REVISED-PUBLIC-disclosed-7-24-18.pdf,http://documents.worldbank.org/curated/en/972591525333833635/pdf/SFG4315-EA-REVISED-PUBLIC-disclosed-7-24-18.pdf,http://documents.worldbank.org/curated/en/972591525333833635/pdf/SFG4315-EA-REVISED-PUBLIC-disclosed-7-24-18.pdf,2019-08-09T06:43:01+00:00,,external_host,False,,False,False,False
,inbody,article,b04ebb75-82fa-4c51-adb9-d1919b67533e,Solid waste pollution in the South Asian Seas (SAS),BOBLME-2011-Ecology-14.pdf,https://www.boblme.org/documentRepository/BOBLME-2011-Ecology-14.pdf,https://www.boblme.org/documentRepository/BOBLME-2011-Ecology-14.pdf,2019-08-09T06:43:01+00:00,,external_host,False,,True,True,False
,inbody,article,b04ebb75-82fa-4c51-adb9-d1919b67533e,Solid waste pollution in the South Asian Seas (SAS),1153.pdf,https://www.currentscience.ac.in/cs/Volumes/110/07/1153.pdf,https://www.currentscience.ac.in/cs/Volumes/110/07/1153.pdf,2019-08-09T06:43:01+00:00,,external_host,False,,False,False,False
,inbody,article,4a0ddbf7-c0dc-415d-b5fe-ba013c0fc0f7,Liveability of Indian cities: Turning urban legend into reality,sub_1__what_is_livability_lit_review.pdf,https://sci.uoregon.edu/sites/sci1.uoregon.edu/files/sub_1__what_is_livability_lit_review.pdf,https://sci.uoregon.edu/sites/sci1.uoregon.edu/files/sub_1__what_is_livability_lit_review.pdf,2019-08-09T12:06:39+00:00,,external_host,False,,False,False,False
,inbody,article,554eab61-3398-4353-9b10-69897d8fedde,"Plastic waste pollution: A minute to make, but years to break",Lo_Book02.pdf,http://www.moef.nic.in/sites/default/files/press-releases/Lo_Book02.pdf,,2019-09-27T09:32:12+00:00,,external_host,False,,False,False,False
,inbody,article,95abffc5-8603-4137-907d-6df04e016128,Mainstreaming non-state climate action,INDIA-COOLING-ACTION-PLAN-e-circulation-version080319.pdf,http://ozonecell.in/wp-content/uploads/2019/03/INDIA-COOLING-ACTION-PLAN-e-circulation-version080319.pdf,"India Cooling Action Plan (MoEFCC, 2019)",2019-10-25T06:06:12+00:00,,external_host,False,,False,True,False
inbody:274c70050e6bbb94a834c143da6ee0a3db1f226a,inbody,article,ba8f410f-7a75-4e52-9909-fbe3ef99dad1,A clean-up drive in the mangroves of Navi Mumbai,Report_UNEP-Project-Cleanup-activity-min.pdf,https://www.teriin.org/sites/default/files/2019-12/Report_UNEP-Project-Cleanup-activity-min.pdf,full report,2019-12-03T10:02:14+00:00,2019-12,managed_path_month,True,2019-12-03 10:02:14,False,False,True
,inbody,article,82129fc7-f3c8-4f0c-b7da-13e8b87c74ba,Clearing the haze of shared mobility,Road_Transport_Year_Book_2015_16.pdf,https://morth.nic.in/sites/default/files/other_files/Road_Transport_Year_Book_2015_16.pdf,https://morth.nic.in/sites/default/files/other_files/Road_Transport_Year_Book_2015_16.pdf,2019-12-17T07:17:40+00:00,,external_host,False,,True,True,False
,inbody,article,b8c402c3-964f-4bb1-adb3-e169800f25ac,TERI statement on COVID 19 crisis,srp-04022020.pdf,https://www.who.int/docs/default-source/coronaviruse/srp-04022020.pdf,strategic preparedness and response plan,2020-03-31T04:46:54+00:00,,external_host,False,,False,False,False
,inbody,article,b8c402c3-964f-4bb1-adb3-e169800f25ac,TERI statement on COVID 19 crisis,covid-19-sprp-unct-guidelines.pdf,https://www.who.int/docs/default-source/coronaviruse/covid-19-sprp-unct-guidelines.pdf,operational planning guidelines to support country preparedness and response,2020-03-31T04:46:54+00:00,,external_host,False,,False,False,False
,inbody,article,325ea237-026c-4d21-88ed-4e6479674c61,Effects of COVID-19 on Transportation Demand,Corona%20Virus_EN.pdf,https://www.uitp.org/sites/default/files/cck-focus-papers-files/Corona%20Virus_EN.pdf,https://www.uitp.org/sites/default/files/cck-focus-papers-files/Corona%20Virus_EN.pdf,2020-04-08T10:28:59+00:00,,external_host,False,,False,False,False
inbody:58256770e1814fca125f783d7043221d5e3f3aa6,inbody,article,c8b6d0b2-772c-4471-919d-0dc011ebfcfa,What can the Coronavirus response teach us about dealing with climate change?,KAS-TERI_CC_Security_Proceedings.pdf,https://www.teriin.org/sites/default/files/files/KAS-TERI_CC_Security_Proceedings.pdf,Proceedings,2020-04-13T07:08:58+00:00,,unmanaged_no_file_entity,True,2020-04-13 07:08:58,False,False,True
,inbody,article,f306a5af-7b0e-4733-91ea-e952d848b7b3,"In fight against Coronavirus, be aware of malnutrition's role in increasing vulnerability",who-rights-roles-respon-hw-covid-19.pdf,https://www.who.int/docs/default-source/coronaviruse/who-rights-roles-respon-hw-covid-19.pdf?sfvrsn=bcabd401_0,https://www.who.int/docs/default-source/coronaviruse/who-rights-roles-respon-hw-covid-19.pdf?sfvrsn=bcabd401_0,2020-04-17T13:03:32+00:00,,external_host,False,,False,False,False
,inbody,article,f306a5af-7b0e-4733-91ea-e952d848b7b3,"In fight against Coronavirus, be aware of malnutrition's role in increasing vulnerability",protein-energy-malnutrition-and-susceptibility-to-viral-infections-as-zika-and-influenza-viruses-2155-9600-1000489.pdf,https://www.longdom.org/open-access/protein-energy-malnutrition-and-susceptibility-to-viral-infections-as-zika-and-influenza-viruses-2155-9600-1000489.pdf,https://www.longdom.org/open-access/protein-energy-malnutrition-and-susceptibility-to-viral-infections-as-zika-and-influenza-viruses-2155-9600-1000489.pdf,2020-04-17T13:03:32+00:00,,external_host,False,,False,False,False
,inbody,article,f306a5af-7b0e-4733-91ea-e952d848b7b3,"In fight against Coronavirus, be aware of malnutrition's role in increasing vulnerability",idhe_2009_london_malnutrition_fenn.pdf,https://www.who.int/diseasecontrol_emergencies/publications/idhe_2009_london_malnutrition_fenn.pdf,https://www.who.int/diseasecontrol_emergencies/publications/idhe_2009_london_malnutrition_fenn.pdf,2020-04-17T13:03:32+00:00,,external_host,False,,True,True,False
,inbody,article,f306a5af-7b0e-4733-91ea-e952d848b7b3,"In fight against Coronavirus, be aware of malnutrition's role in increasing vulnerability",who-rights-roles-respon-hw-covid-19.pdf,https://www.who.int/docs/default-source/coronaviruse/who-rights-roles-respon-hw-covid-19.pdf,,2020-04-17T13:03:32+00:00,,external_host,False,,False,False,False
,inbody,article,3859f41c-6d83-4c13-a5bf-ad00460e7794,The equilibrium of attention: Will the supply chain provide impetus to achieving sustainability?,Draft-National-Resourc.pdf,http://moef.gov.in/wp-content/uploads/2019/07/Draft-National-Resourc.pdf,savings to the tune of Rs. 60.8 billion,2020-05-05T12:49:25+00:00,,external_host,False,,False,False,False
,inbody,article,3859f41c-6d83-4c13-a5bf-ad00460e7794,The equilibrium of attention: Will the supply chain provide impetus to achieving sustainability?,Business-Responsibility-Report.pdf,https://www.acclimited.com/newsite/annualreport2018/Business-Responsibility-Report.pdf,ACC Limited,2020-05-05T12:49:25+00:00,,external_host,False,,False,False,False
,inbody,article,3859f41c-6d83-4c13-a5bf-ad00460e7794,The equilibrium of attention: Will the supply chain provide impetus to achieving sustainability?,Operationalising_Value_Chain.pdf,http://cbs.teriin.org/pdf/researchreports/Operationalising_Value_Chain.pdf,Operationalizing Sustainability in Value Chain,2020-05-05T12:49:25+00:00,,unmanaged_no_file_entity,False,,False,False,True
inbody:9f8e1bd50fd0d3980c74d3fa4375f4e62d3327a2,inbody,article,3859f41c-6d83-4c13-a5bf-ad00460e7794,The equilibrium of attention: Will the supply chain provide impetus to achieving sustainability?,teri-yesbank-circular-economy-report.pdf,http://wsds.teriin.org/2018/files/teri-yesbank-circular-economy-report.pdf,TERI's report Circular Economy: A Business Imperative for India,2020-05-05T12:49:25+00:00,,unmanaged_no_file_entity,True,2020-05-05 12:49:25,False,False,True
,inbody,article,3859f41c-6d83-4c13-a5bf-ad00460e7794,The equilibrium of attention: Will the supply chain provide impetus to achieving sustainability?,TERI_Incentivizing_RE_in_Supply_Chain.pdf,http://cbs.teriin.org/pdf/TERI_Incentivizing_RE_in_Supply_Chain.pdf,Resource Efficient and Cleaner Production (RECP),2020-05-05T12:49:25+00:00,,unmanaged_no_file_entity,False,,False,False,True
,inbody,article,089de12b-d5f4-4ea3-a162-2569bcd119c1,COVID-19 lockdown: Cleaner air and health benefits,ebd5.pdf,https://www.who.int/quantifying_ehimpacts/publications/ebd5.pdf,https://www.who.int/quantifying_ehimpacts/publications/ebd5.pdf,2020-05-07T07:23:17+00:00,,external_host,False,,False,False,False
inbody:62f67cd34c6271a2553e5092f809d61ce6acb512,inbody,article,089de12b-d5f4-4ea3-a162-2569bcd119c1,COVID-19 lockdown: Cleaner air and health benefits,Report_SA_AQM-Delhi-NCR_0.pdf,https://www.teriin.org/sites/default/files/2018-08/Report_SA_AQM-Delhi-NCR_0.pdf,Report: Source Apportionment of PM2.5 &amp; PM10 of Delhi NCR for Identification of Major Sources,2020-05-07T07:23:17+00:00,2018-08,managed_path_month,True,2020-05-07 07:23:17,False,False,True
,inbody,article,089de12b-d5f4-4ea3-a162-2569bcd119c1,COVID-19 lockdown: Cleaner air and health benefits,20200311-sitrep-51-covid-19.pdf,https://www.who.int/docs/default-source/coronaviruse/situation-reports/20200311-sitrep-51-covid-19.pdf?sfvrsn=1ba62e57_10,https://www.who.int/docs/default-source/coronaviruse/situation-reports/20200311-sitrep-51-covid-19.pdf?sfvrsn=1ba62e57_10,2020-05-07T07:23:17+00:00,,external_host,False,,False,False,False
,inbody,article,089de12b-d5f4-4ea3-a162-2569bcd119c1,COVID-19 lockdown: Cleaner air and health benefits,20200311-sitrep-51-covid-19.pdf,https://www.who.int/docs/default-source/coronaviruse/situation-reports/20200311-sitrep-51-covid-19.pdf,,2020-05-07T07:23:17+00:00,,external_host,False,,False,False,False
inbody:36e33f02beb7379e183cba9e6515a6c99838e273,inbody,article,fe0e88ed-c039-4a88-83ab-a9ecada7a012,Integrating electric buses in public transport: Kolkata's success story,e-bus-case-study-TERI-Kolkata.pdf,https://www.teriin.org/sites/default/files/2020-06/e-bus-case-study-TERI-Kolkata.pdf,case study,2020-06-16T11:08:43+00:00,2020-06,managed_path_month,True,2020-06-16 11:08:43,False,False,True
,inbody,article,0426ffbf-8f3b-4073-a993-4fd62ff5b85a,"भारत के नेतृत्व को मज़बूत करने के लिए अक्षय ऊर्जा, यातायात और खाद्य सुरक्षा पर ध्यान देना ज़रूरी",future.pdf, https://www.ceew.in/sites/default/files/future.pdf,Cobenefits study,2020-06-17T10:51:03+00:00,,external_host,False,,False,False,False
inbody:345b98619f328638045a8f79c204452adcb30f56,inbody,article,0426ffbf-8f3b-4073-a993-4fd62ff5b85a,"भारत के नेतृत्व को मज़बूत करने के लिए अक्षय ऊर्जा, यातायात और खाद्य सुरक्षा पर ध्यान देना ज़रूरी",benefits-cycling-report.pdf,https://www.teriin.org/sites/default/files/2020-06/benefits-cycling-report.pdf,टेरी के एक अध्ययन,2020-06-17T10:51:03+00:00,2020-06,managed_path_month,True,2020-06-17 10:51:03,False,False,True
inbody:56661cc11ee0d022913f4134855f609d85df98dc,inbody,article,2dd4a2b1-a6e3-4b0d-ab2c-5e15e8f16dab,"Biodiversity, Pandemics, and the Web of Life",biodiversity-pandemics-web-life.pdf,https://www.teriin.org/sites/default/files/files/biodiversity-pandemics-web-life.pdf,View presentation,2020-06-29T05:23:14+00:00,,unmanaged_no_file_entity,True,2020-06-29 05:23:14,False,False,True
inbody:4945f6dcf9fa60dfef5f810e71ba5181a41207a9,inbody,article,a35789a4-5c17-4bb7-a5dd-3cdd82a6dac0,कोविड 19 और शहरी यातायात: बढ़ेगा वायु प्रदूषण और होगी भीड़भाड़,behavioural-effects-covid19.pdf,https://www.teriin.org/sites/default/files/2020-05/behavioural-effects-covid19.pdf,टेरी ने हाल ही में एक सर्वे किया है।,2020-07-07T11:21:35+00:00,2020-05,managed_path_month,True,2020-07-07 11:21:35,False,False,True
,inbody,article,bd3a113f-67f8-4a75-87e8-58d7f2486943,Fuel price hikes and choices for sustainable transportation in India,reportprice.pdf,http://petroleum.nic.in/sites/default/files/reportprice.pdf,http://petroleum.nic.in/sites/default/files/reportprice.pdf,2020-07-13T10:49:37+00:00,,external_host,False,,False,False,False
,inbody,article,bd3a113f-67f8-4a75-87e8-58d7f2486943,Fuel price hikes and choices for sustainable transportation in India,India%E2%80%99s-Energy-and-Emissions-Outlook.pdf,https://niti.gov.in/sites/default/files/2019-07/India%E2%80%99s-Energy-and-Emissions-Outlook.pdf,https://niti.gov.in/sites/default/files/2019-07/India%E2%80%99s-Energy-and-Emissions-Outlook.pdf,2020-07-13T10:49:37+00:00,2019-07,external_host,False,,False,True,False
inbody:828d1688c75a366da53505a5757c44f786321127,inbody,article,4fe4ec1f-d226-47e2-b64e-460e5bc4d36e,The impact of stubble burning and poor air quality in India during the time of COVID-19,Punjab_SPM.pdf,https://www.teriin.org/projects/green/pdf/Punjab_SPM.pdf,Climate Resilient Green Growth Strategy for Punjab: Towards the 2030 Development Agenda,2020-07-27T10:24:48+00:00,,unmanaged_no_file_entity,True,2020-07-27 10:24:48,False,False,True
inbody:12a9f0600ce34aa2bf577ae01fd9db8b0202cc35,inbody,article,c9a06ee8-73ee-4789-b496-bc2ac859e368,COVID-19 and climate discourse: Sustaining momentum,energy-review-aug20.pdf,https://www.teriin.org/sites/default/files/files/energy-review-aug20.pdf,August 2020,2020-08-28T10:00:07+00:00,,unmanaged_no_file_entity,True,2020-08-28 10:00:07,False,True,True
,inbody,article,c9a06ee8-73ee-4789-b496-bc2ac859e368,COVID-19 and climate discourse: Sustaining momentum,COBENEFITS-Study-India-Health.pdf,https://www.cobenefits.info/wp-content/uploads/2019/10/COBENEFITS-Study-India-Health.pdf,https://www.cobenefits.info/wp-content/uploads/2019/10/COBENEFITS-Study-India-Health.pdf,2020-08-28T10:00:07+00:00,,external_host,False,,False,True,False
,inbody,article,64443eb6-ae5d-41cb-b751-1433b5fe2d90,India's energy transition: The challenge with decision-making at a time of rapid change,INDIA%20INDC%20TO%20UNFCCC.pdf,https://www4.unfccc.int/sites/submissions/INDC/Published%20Documents/India/1/INDIA%20INDC%20TO%20UNFCCC.pdf,"India's Intended Nationally Determined Contribution, UNFCCC",2020-09-04T08:38:55+00:00,,external_host,False,,False,False,False
,inbody,article,64443eb6-ae5d-41cb-b751-1433b5fe2d90,India's energy transition: The challenge with decision-making at a time of rapid change,report-175-GW-RE.pdf,http://niti.gov.in/writereaddata/files/writereaddata/files/document_publication/report-175-GW-RE.pdf,Report,2020-09-04T08:38:55+00:00,,external_host,False,,False,False,False
,inbody,article,64443eb6-ae5d-41cb-b751-1433b5fe2d90,India's energy transition: The challenge with decision-making at a time of rapid change,paris_agreement_english_.pdf,https://unfccc.int/files/meetings/paris_nov_2015/application/pdf/paris_agreement_english_.pdf,"Article 2 of Paris Agreement, UNFCCC.",2020-09-04T08:38:55+00:00,,external_host,False,,False,False,False
,inbody,article,64443eb6-ae5d-41cb-b751-1433b5fe2d90,India's energy transition: The challenge with decision-making at a time of rapid change,installed_capacity-12.pdf,http://cea.nic.in/reports/monthly/installedcapacity/2019/installed_capacity-12.pdf,CEA Monthly Report (December 2019),2020-09-04T08:38:55+00:00,,external_host,False,,False,True,False
,inbody,article,64443eb6-ae5d-41cb-b751-1433b5fe2d90,India's energy transition: The challenge with decision-making at a time of rapid change,Clarification.pdf,https://mnre.gov.in/sites/default/files/webform/notices/Clarification.pdf,"Ministry of New and Renewable Energy, Clarification 4/9/2019-EFM dated October 3, 2019",2020-09-04T08:38:55+00:00,,external_host,False,,False,True,False
,inbody,article,64443eb6-ae5d-41cb-b751-1433b5fe2d90,India's energy transition: The challenge with decision-making at a time of rapid change,17_Energy_1.pdf,http://164.100.47.193/lsscommittee/Energy/17_Energy_1.pdf,http://164.100.47.193/lsscommittee/Energy/17_Energy_1.pdf,2020-09-04T08:38:55+00:00,,external_host,False,,False,False,False
,inbody,article,64443eb6-ae5d-41cb-b751-1433b5fe2d90,India's energy transition: The challenge with decision-making at a time of rapid change,echap01_vol1.pdf,https://www.indiabudget.gov.in/economicsurvey/doc/vol1chapter/echap01_vol1.pdf,"'Chapter 01: Shifting Gears: Private Investment 01 as the Key Driver of Growth, Jobs, Exports and Demand', Economic Survey (2018-2019)",2020-09-04T08:38:55+00:00,,external_host,False,,False,True,False
inbody:e2a25184abeb8d0d62a8fbbd66b40781ffbf3f6b,inbody,article,c17f8e36-9c93-49eb-b398-05c45797db96,भारत के जलवायु संबंधी लक्ष्य: तकनीकी समाधान और बाधाएं,technology-roadmap-dp.pdf,https://www.teriin.org/projects/nfa/files/technology-roadmap-dp.pdf,Discussion paper,2020-09-10T08:42:37+00:00,,unmanaged_no_file_entity,True,2020-09-10 08:42:37,False,False,True
,inbody,article,c17f8e36-9c93-49eb-b398-05c45797db96,भारत के जलवायु संबंधी लक्ष्य: तकनीकी समाधान और बाधाएं,press_factsh_science.pdf,https://unfccc.int/files/press/backgrounders/application/pdf/press_factsh_science.pdf,https://unfccc.int/files/press/backgrounders/application/pdf/press_factsh_science.pdf,2020-09-10T08:42:37+00:00,,external_host,False,,False,False,False
,inbody,article,4fa5b689-c1dd-448d-b4e1-167110435fae,Improving reliability for underserved communities: How lessons from Nigeria could strengthen the Indian electricity grid,Rural-electrification-impact-on-distribution-companies-in-India.pdf,https://shaktifoundation.in/wp-content/uploads/2019/02/Rural-electrification-impact-on-distribution-companies-in-India.pdf,logistical and financial,2020-10-12T11:42:35+00:00,,external_host,False,,False,False,False
,inbody,article,4fa5b689-c1dd-448d-b4e1-167110435fae,Improving reliability for underserved communities: How lessons from Nigeria could strengthen the Indian electricity grid,Mokoloki_Project_Summary.pdf,https://rmi.org/wp-content/uploads/2020/07/Mokoloki_Project_Summary.pdf,project summary,2020-10-12T11:42:35+00:00,,external_host,False,,False,False,False
,inbody,article,9743ce24-dd66-407c-b950-737452158e67,The need for re-strategising climate policies in the new-normal scenario,India-Second-Biennial-Update-Report-to-the-United-Nations-Framework-Convention-on-Climate-Change.pdf,http://moef.gov.in/wp-content/uploads/2019/04/India-Second-Biennial-Update-Report-to-the-United-Nations-Framework-Convention-on-Climate-Change.pdf,MOEFCC (2018). India Second Biennial Update Report to the United Nations Framework Convention on Climate Change.,2020-10-13T09:03:03+00:00,,external_host,False,,False,True,False
,inbody,article,9743ce24-dd66-407c-b950-737452158e67,The need for re-strategising climate policies in the new-normal scenario,200501-Stimulus-Green-Index-summary-report.pdf,https://www.vivideconomics.com/wp-content/uploads/2020/05/200501-Stimulus-Green-Index-summary-report.pdf,Vivid Economics (2020). Green Stimulus Index.,2020-10-13T09:03:03+00:00,,external_host,False,,False,True,False
,inbody,article,9743ce24-dd66-407c-b950-737452158e67,The need for re-strategising climate policies in the new-normal scenario,Sub%20Committee%20Report%20Final.pdf,https://dea.gov.in/sites/default/files/Sub%20Committee%20Report%20Final.pdf,"Sub-Committee for the Assessment of the Financial Requirements for Implementing India's Nationally Determined Contribution (NDC), June 2020",2020-10-13T09:03:03+00:00,,external_host,False,,False,True,False
inbody:32ed301dc8f875983a707dc3fc923ab3959e93e4,inbody,article,3ddbdb33-d7f8-4913-8803-ef4d09854ee0,Students RoaR for wildlife conservation in India,Report_RoaR_October15.pdf,https://www.teriin.org/sites/default/files/files/Report_RoaR_October15.pdf,The Roar 2020 Campaign Booklet,2020-11-20T09:02:46+00:00,,unmanaged_no_file_entity,True,2020-11-20 09:02:46,False,True,True
,inbody,article,23266fdf-3cf0-4c8b-b7a9-1b2ba9b3bf45,Cooling India with Energy Efficient Solutions,cooling-india-issue-brief-2018_0.pdf,https://www.nrdc.org/sites/default/files/cooling-india-issue-brief-2018_0.pdf,https://www.nrdc.org/sites/default/files/cooling-india-issue-brief-2018_0.pdf,2020-11-27T11:56:34+00:00,,external_host,False,,True,True,False
,inbody,article,23266fdf-3cf0-4c8b-b7a9-1b2ba9b3bf45,Cooling India with Energy Efficient Solutions,Coolingas-a-Service_Instrument-analysis.pdf,https://www.climatefinancelab.org/wp-content/uploads/2019/03/Coolingas-a-Service_Instrument-analysis.pdf,https://www.climatefinancelab.org/wp-content/uploads/2019/03/Coolingas-a-Service_Instrument-analysis.pdf,2020-11-27T11:56:34+00:00,,external_host,False,,False,True,False
,inbody,article,33a441d1-3752-4452-b87e-f6e6d230430a,Climate Action: What's Next for India?,GlobalCommission_Report_FINAL.pdf,https://cdn.gca.org/assets/2019-09/GlobalCommission_Report_FINAL.pdf,Adapt Now: A Global Call for Leadership on Climate Resilience.,2020-12-23T11:28:44+00:00,,external_host,False,,False,False,False
,inbody,article,693542b1-8ab9-4f5d-b93c-f3d7b7be9466,वेटलैंड्स: एक बहुमूल्य प्राकृतिक सम्पदा,india_final_report_jaltarang_2015.pdf,http://www.ramsar.org/sites/default/files/documents/library/india_final_report_jaltarang_2015.pdf,http://www.ramsar.org/sites/default/files/documents/library/india_final_report_jaltarang_2015.pdf,2021-02-02T12:02:21+00:00,,external_host,False,,True,True,False
,inbody,article,693542b1-8ab9-4f5d-b93c-f3d7b7be9466,वेटलैंड्स: एक बहुमूल्य प्राकृतिक सम्पदा,WWD2013_India_Teri.pdf,http://www.ramsar.org/sites/default/files/documents/pdf/wwd/13/PDF_reports/WWD2013_India_Teri.pdf,http://www.ramsar.org/sites/default/files/documents/pdf/wwd/13/PDF_reports/WWD2013_India_Teri.pdf,2021-02-02T12:02:21+00:00,,external_host,False,,True,True,False
,inbody,article,693542b1-8ab9-4f5d-b93c-f3d7b7be9466,वेटलैंड्स: एक बहुमूल्य प्राकृतिक सम्पदा,wwd2010_rpts_india_teri1.pdf,http://www.ramsar.org/sites/default/files/documents/pdf/wwd/10/wwd2010_rpts_india_teri1.pdf,http://www.ramsar.org/sites/default/files/documents/pdf/wwd/10/wwd2010_rpts_india_teri1.pdf,2021-02-02T12:02:21+00:00,,external_host,False,,True,True,False
,inbody,article,693542b1-8ab9-4f5d-b93c-f3d7b7be9466,वेटलैंड्स: एक बहुमूल्य प्राकृतिक सम्पदा,wwd2009_rpts_india_teri.pdf,http://www.ramsar.org/sites/default/files/documents/pdf/wwd/9/wwd2009_rpts_india_teri.pdf,http://www.ramsar.org/sites/default/files/documents/pdf/wwd/9/wwd2009_rpts_india_teri.pdf,2021-02-02T12:02:21+00:00,,external_host,False,,True,True,False
,inbody,article,693542b1-8ab9-4f5d-b93c-f3d7b7be9466,वेटलैंड्स: एक बहुमूल्य प्राकृतिक सम्पदा,wwd2008_rpts_india_teri.pdf,http://www.ramsar.org/sites/default/files/documents/tmp/pdf/wwd/8/wwd2008_rpts_india_teri.pdf,http://www.ramsar.org/sites/default/files/documents/tmp/pdf/wwd/8/wwd2008_rpts_india_teri.pdf,2021-02-02T12:02:21+00:00,,external_host,False,,True,True,False
,inbody,article,693542b1-8ab9-4f5d-b93c-f3d7b7be9466,वेटलैंड्स: एक बहुमूल्य प्राकृतिक सम्पदा,RAMSAR+GWO_ENGLISH_WEB.pdf,https://static1.squarespace.com/static/5b256c78e17ba335ea89fe1f/t/5b9ffd2e0e2e7277f629eb8f/1537211739585/RAMSAR+GWO_ENGLISH_WEB.pdf,https://static1.squarespace.com/static/5b256c78e17ba335ea89fe1f/t/5b9ffd2e0e2e7277f629eb8f/1537211739585/RAMSAR+GWO_ENGLISH_WEB.pdf,2021-02-02T12:02:21+00:00,,external_host,False,,False,False,False
,inbody,article,693542b1-8ab9-4f5d-b93c-f3d7b7be9466,वेटलैंड्स: एक बहुमूल्य प्राकृतिक सम्पदा,introducing_ramsar_web_eng.pdf,https://www.ramsar.org/sites/default/files/documents/library/introducing_ramsar_web_eng.pdf,https://www.ramsar.org/sites/default/files/documents/library/introducing_ramsar_web_eng.pdf,2021-02-02T12:02:21+00:00,,external_host,False,,False,False,False
,inbody,article,45c47e32-ac8d-4519-8b89-ea02067d1625,A Sustainable Development Agenda: Plastic and Biomedical Waste Post COVID-19,towards-more-equal-city-including-the-excluded_2.pdf,https://files.wri.org/s3fs-public/towards-more-equal-city-including-the-excluded_2.pdf,https://files.wri.org/s3fs-public/towards-more-equal-city-including-the-excluded_2.pdf,2021-02-24T07:06:01+00:00,,external_host,False,,False,False,False
inbody:f712b9e2b70048f5c231b0524c26dfcf80b8a526,inbody,article,f9f85315-010f-4aee-a522-b0054ed9aac3,Air Pollution in India: Major Issues and Challenges,policy-brief-air-pollution-in-urban-centres-of-India.pdf,http://www.teriin.org/sites/default/files/2018-03/policy-brief-air-pollution-in-urban-centres-of-India.pdf,,2021-04-05T10:11:19+00:00,2018-03,managed_path_month,True,2021-04-05 10:11:19,False,False,True
,inbody,article,3b83b0a8-7cbb-4f25-9dcb-d58c5363c50a,Refurbishing Plastic for Climate Action: The First Steps,AS82.pdf,http://164.100.24.220/loksabhaquestions/annex/172/AS82.pdf,,2021-04-13T11:12:49+00:00,,external_host,False,,False,False,False
,inbody,article,998ebedf-1592-4f08-8971-eb069f5c8a68,Firewood Consumption and Forest Degradation in Himalayan states: A Review of Research Gaps,Deforestation%20in%20the%20Himalayas.pdf,http://www.indiaenvironmentportal.org.in/files/file/Deforestation%20in%20the%20Himalayas.pdf,,2021-05-04T12:29:21+00:00,,external_host,False,,False,False,False
,inbody,article,998ebedf-1592-4f08-8971-eb069f5c8a68,Firewood Consumption and Forest Degradation in Himalayan states: A Review of Research Gaps,201710310449342512219PrimarySurveyReportPPAC.pdf,http://ppac.org.in/WriteReadData/Reports/201710310449342512219PrimarySurveyReportPPAC.pdf,,2021-05-04T12:29:21+00:00,,external_host,False,,False,False,False
,inbody,article,998ebedf-1592-4f08-8971-eb069f5c8a68,Firewood Consumption and Forest Degradation in Himalayan states: A Review of Research Gaps,024-ICRE2014-1-015.pdf,http://www.ipcbee.com/vol64/024-ICRE2014-1-015.pdf,,2021-05-04T12:29:21+00:00,,external_host,False,,True,False,False
inbody:eff5623596adb09714fbfa2c38600f37fb70f6f7,inbody,article,998ebedf-1592-4f08-8971-eb069f5c8a68,Firewood Consumption and Forest Degradation in Himalayan states: A Review of Research Gaps,clean-fuel-for-cooking-solutions-pb_0.pdf,https://www.teriin.org/sites/default/files/2021-02/clean-fuel-for-cooking-solutions-pb_0.pdf,,2021-05-04T12:29:21+00:00,2021-02,managed_path_month,True,2021-05-04 12:29:21,False,False,True
inbody:114b8c643c8910fa5d9345eaf992789094a015f0,inbody,article,c317a9e8-6d4e-47f3-a6cb-c21b5c62a309,"Just Transition, sectoral planning based on demand profiles – TERI's suggestions for draft National Electricity Policy 2021",Draft-NEP-2021_TERI-Suggestions.pdf,https://www.teriin.org/sites/default/files/2021-06/Draft-NEP-2021_TERI-Suggestions.pdf,here,2021-06-09T06:21:37+00:00,2021-06,managed_path_month,True,2021-06-09 06:21:37,True,False,True
,inbody,article,b59fb065-a4d6-4238-9f69-786856b2df35,अपशिष्ट जल किसानों के लिए बन सकता है संसाधन,AgricultureWastewaterReuseBackgroundReview.pdf,http://www.hrdp-network.com/igep/content/live/hrdpmp/hrdpmaster/igep/content/e48745/e57806/e61054/e61055/AgricultureWastewaterReuseBackgroundReview.pdf,,2021-07-08T09:10:01+00:00,,external_host,False,,False,False,False
inbody:ae4a1f4348418a6df80ae9c16c685b172f120499,inbody,article,5727f136-5806-4cdc-887a-88d97aaf069f,CSR during COVID-19: Experience and learnings,CSR_during_COVID-19_Knowledge_Paper.pdf,https://www.teriin.org/sites/default/files/2021-09/CSR_during_COVID-19_Knowledge_Paper.pdf,Download,2021-09-03T10:31:38+00:00,2021-09,managed_path_month,True,2021-09-13 09:16:54,False,False,True
,inbody,article,07013f9f-3048-444a-ab6e-ae65f0102dc2,A Critical Analysis of Article 4.19 of the Paris Agreement ,en_SNBC-2_complete.pdf,https://unfccc.int/sites/default/files/resource/en_SNBC-2_complete.pdf,,2021-11-02T11:22:11+00:00,,external_host,False,,False,False,False
,inbody,article,07013f9f-3048-444a-ab6e-ae65f0102dc2,A Critical Analysis of Article 4.19 of the Paris Agreement ,Klimaschutzplan_2050_eng_bf.pdf,https://unfccc.int/sites/default/files/resource/Klimaschutzplan_2050_eng_bf.pdf,,2021-11-02T11:22:11+00:00,,external_host,False,,False,False,False
,inbody,article,07013f9f-3048-444a-ab6e-ae65f0102dc2,A Critical Analysis of Article 4.19 of the Paris Agreement ,mid_century_strategy_report-final_red.pdf,https://unfccc.int/files/focus/long-term_strategies/application/pdf/mid_century_strategy_report-final_red.pdf,,2021-11-02T11:22:11+00:00,,external_host,False,,False,False,False
,inbody,article,07013f9f-3048-444a-ab6e-ae65f0102dc2,A Critical Analysis of Article 4.19 of the Paris Agreement ,clean-growth-strategy-amended-april-2018.pdf,https://unfccc.int/sites/default/files/resource/clean-growth-strategy-amended-april-2018.pdf,,2021-11-02T11:22:11+00:00,,external_host,False,,True,False,False
,inbody,article,07013f9f-3048-444a-ab6e-ae65f0102dc2,A Critical Analysis of Article 4.19 of the Paris Agreement ,LTS1_SLOVENIA_EN.pdf,https://unfccc.int/sites/default/files/resource/LTS1_SLOVENIA_EN.pdf,,2021-11-02T11:22:11+00:00,,external_host,False,,False,False,False
,inbody,article,e6ad6c94-50f8-4f41-ab68-30830a54c71e,नए प्लास्टिक नियमों के ठोस निष्पादन से हो सकता है कचरा प्रबंधन में सुधार,Au677.pdf,https://pqars.nic.in/annex/254/Au677.pdf,https://pqars.nic.in/annex/254/Au677.pdf,2021-11-10T07:18:08+00:00,,external_host,False,,False,False,False
,inbody,article,e6ad6c94-50f8-4f41-ab68-30830a54c71e,नए प्लास्टिक नियमों के ठोस निष्पादन से हो सकता है कचरा प्रबंधन में सुधार,Annexure-%20I.pdf,https://www.npcindia.gov.in/NPC/Uploads/file%20upload/Annexure-%20I.pdf,https://www.npcindia.gov.in/NPC/Uploads/file%20upload/Annexure-%20I.pdf,2021-11-10T07:18:08+00:00,,external_host,False,,False,False,False
,inbody,article,e6ad6c94-50f8-4f41-ab68-30830a54c71e,नए प्लास्टिक नियमों के ठोस निष्पादन से हो सकता है कचरा प्रबंधन में सुधार,Handbook.pdf,http://cpheeo.gov.in/upload/uploadfiles/files/Handbook.pdf,http://cpheeo.gov.in/upload/uploadfiles/files/Handbook.pdf,2021-11-10T07:18:08+00:00,,external_host,False,,False,False,False
,inbody,article,e6ad6c94-50f8-4f41-ab68-30830a54c71e,नए प्लास्टिक नियमों के ठोस निष्पादन से हो सकता है कचरा प्रबंधन में सुधार,doc202181311.pdf,https://static.pib.gov.in/WriteReadData/specificdocs/documents/2021/aug/doc202181311.pdf,https://static.pib.gov.in/WriteReadData/specificdocs/documents/2021/aug/doc202181311.pdf,2021-11-10T07:18:08+00:00,,external_host,False,,False,True,False
inbody:5a590c63be2a1369ee935e75ec44c4d7efb7417b,inbody,article,821c8896-1c89-4118-b9f3-f0fc49bf19c6,Evaluation and Rating of NGOs,evaluation-rating-ngos.pdf,https://www.teriin.org/sites/default/files/2022-03/evaluation-rating-ngos.pdf,Download,2022-03-09T06:39:57+00:00,2022-03,managed_path_month,True,2022-03-09 06:39:57,False,False,True
,inbody,article,7f3dbb30-6d29-47ed-a20c-0ce7900e7c77,Microbeads: A Brewing Environmental Concern,Toxics%20Link%20-%20Goa%20Tap%20Water%20final.pdf,http://toxicslink.org/docs/Toxics%20Link%20-%20Goa%20Tap%20Water%20final.pdf,http://toxicslink.org/docs/Toxics%20Link%20-%20Goa%20Tap%20Water%20final.pdf,2022-04-26T09:37:14+00:00,,external_host,False,,False,False,False
,inbody,article,7f3dbb30-6d29-47ed-a20c-0ce7900e7c77,Microbeads: A Brewing Environmental Concern,Toxics%20Link%20-%20Cosmetic%20Report.pdf,http://toxicslink.org/docs/Toxics%20Link%20-%20Cosmetic%20Report.pdf,http://toxicslink.org/docs/Toxics%20Link%20-%20Cosmetic%20Report.pdf,2022-04-26T09:37:14+00:00,,external_host,False,,False,False,False
inbody:46a78cf8f1dbf7e4e27f4a9499d79418a8b99c25,inbody,article,bebb4429-9a38-45e3-980f-67682d564ee7,Estimated CO2 Reductions from Pragati Maidan Integrated Road Project,Decarbonization_of_Transport%20Sector_in_India.pdf,https://www.teriin.org/sites/default/files/files/Decarbonization_of_Transport%20Sector_in_India.pdf,https://www.teriin.org/sites/default/files/files/Decarbonization_of_Transport%20Sector_in_India.pdf,2022-06-18T13:12:32+00:00,,unmanaged_no_file_entity,True,2022-06-18 13:12:32,False,False,True
,inbody,article,d9a4bcea-c263-4948-bd96-087b59a70ad6, Truck on Train: Finding a Win-Win Solution,Meta-study-India-transport_final.pdf,https://theicct.org/wp-content/uploads/2022/05/Meta-study-India-transport_final.pdf,https://theicct.org/wp-content/uploads/2022/05/Meta-study-India-transport_final.pdf,2022-08-30T08:49:06+00:00,,external_host,False,,False,True,False
,inbody,article,be74de52-11c3-470c-94fa-bdbeaa962717,Towards a Circular Plastics Economy: India’s Actions to #BeatPlasticPollution,Annual_Report_2019-20_PWM.pdf,https://cpcb.nic.in/uploads/plasticwaste/Annual_Report_2019-20_PWM.pdf,,2023-07-12T04:49:54+00:00,,external_host,False,,True,False,False
inbody:214b18029a3ef586630f20952188d7d62e896293,inbody,article,be74de52-11c3-470c-94fa-bdbeaa962717,Towards a Circular Plastics Economy: India’s Actions to #BeatPlasticPollution,Circular-Economy-Plastics-India-Roadmap.pdf,https://www.teriin.org/sites/default/files/2021-12/Circular-Economy-Plastics-India-Roadmap.pdf,Download,2023-07-12T04:49:54+00:00,2021-12,managed_path_month,True,2023-07-12 04:49:54,False,False,True
,inbody,article,be74de52-11c3-470c-94fa-bdbeaa962717,Towards a Circular Plastics Economy: India’s Actions to #BeatPlasticPollution,12122022_171118_102120463.pdf,https://loksabhadocs.nic.in/Refinput/New_Reference_Notes/English/12122022_171118_102120463.pdf,,2023-07-12T04:49:54+00:00,,external_host,False,,False,False,False
,inbody,article,3c453521-1f4e-462a-8711-610d424c3979,International Zero Waste Day: Towards zero waste in fashion and textiles,MOT%20Annual%20Report%20English%20%2807.11.2024%29.pdf,https://texmin.nic.in/sites/default/files/MOT%20Annual%20Report%20English%20%2807.11.2024%29.pdf,https://texmin.nic.in/sites/default/files/MOT%20Annual%20Report%20English%20%2807.11.2024%29.pdf,2025-03-30T04:16:45+00:00,,external_host,False,,True,True,False
,inbody,article,3c453521-1f4e-462a-8711-610d424c3979,International Zero Waste Day: Towards zero waste in fashion and textiles,IDH_textile-waste-cost-analysis_2023.pdf,https://www.idhsustainabletrade.com/uploaded/2023/09/IDH_textile-waste-cost-analysis_2023.pdf,https://www.idhsustainabletrade.com/uploaded/2023/09/IDH_textile-waste-cost-analysis_2023.pdf,2025-03-30T04:16:45+00:00,,external_host,False,,True,True,False
,inbody,article,e68737cd-4f6e-4dc5-b948-edc286cf8d77,Echoes of the Urban Forest: Reclaiming Green in India’s Urban Cities,the_forest_%28conservation%29_act%2C_1980.pdf,https://www.indiacode.nic.in/bitstream/123456789/19381/1/the_forest_%28conservation%29_act%2C_1980.pdf,Forest Conservation Act of 1980,2025-05-20T04:24:45+00:00,,external_host,False,,True,True,False
,inbody,article,fca3ec73-99b6-4800-a323-5ce5c35885dc,The Silent Disaster: Why India Must Build Stronger Heatwave Resilience,NIDM_HealthAdaptation.pdf,https://nidm.gov.in/PDF/pubs/NIDM_HealthAdaptation.pdf,"24,223 deaths",2025-05-30T09:10:00+00:00,,external_host,False,,False,False,False
,inbody,article,fca3ec73-99b6-4800-a323-5ce5c35885dc,The Silent Disaster: Why India Must Build Stronger Heatwave Resilience,Report-of-Heat-Related-Activities-2024_NPCCHH.pdf,https://ncdc.mohfw.gov.in/wp-content/uploads/2024/12/Report-of-Heat-Related-Activities-2024_NPCCHH.pdf,National Heat-Related Illness and Death Surveillance (NHRIDS),2025-05-30T09:10:00+00:00,,external_host,False,,True,False,False
,inbody,article,fca3ec73-99b6-4800-a323-5ce5c35885dc,The Silent Disaster: Why India Must Build Stronger Heatwave Resilience,20250331_pr_3851.pdf,https://internal.imd.gov.in/press_release/20250331_pr_3851.pdf,April to June in 2025,2025-05-30T09:10:00+00:00,,external_host,False,,False,True,False
,inbody,article,fca3ec73-99b6-4800-a323-5ce5c35885dc,The Silent Disaster: Why India Must Build Stronger Heatwave Resilience,27.pdf,https://nidm.gov.in/PDF/pubs/NDMA/27.pdf,National Guidelines for Preparation of Action Plan – Prevention and Management of Heat Wave,2025-05-30T09:10:00+00:00,,external_host,False,,False,False,False
,inbody,article,fca3ec73-99b6-4800-a323-5ce5c35885dc,The Silent Disaster: Why India Must Build Stronger Heatwave Resilience,27505481411548674558.pdf,https://ncdc.mohfw.gov.in/wp-content/uploads/2024/04/27505481411548674558.pdf,National Action Plan on Climate Change and Human Health (NAPCCHH),2025-05-30T09:10:00+00:00,,external_host,False,,False,False,False
,inbody,article,fca3ec73-99b6-4800-a323-5ce5c35885dc,The Silent Disaster: Why India Must Build Stronger Heatwave Resilience,P15743300f4cc10380b9f6051f8e7ed1147.pdf,https://documents1.worldbank.org/curated/en/099920011222212474/pdf/P15743300f4cc10380b9f6051f8e7ed1147.pdf,World Bank,2025-05-30T09:10:00+00:00,,external_host,False,,False,False,False
,inbody,article,31b5fd0c-56c2-459d-a989-b245df778a7c,"Climate Anxiety in Youth: Causes, Impacts, and Solutions",18.01.324.20241203.pdf,https://ijip.in/wp-content/uploads/2024/10/18.01.324.20241203.pdf,Christ University,2025-06-11T08:32:03+00:00,,external_host,False,,False,False,False
,inbody,article,cf7999db-5383-4043-8194-fea29687e281,"Gloomy Skies, Choked Lungs – An Unseen Battle for Clean Air",FR375.pdf,https://dhsprogram.com/pubs/pdf/FR375/FR375.pdf,Millions of rural homes still rely on solid,2025-08-08T08:37:57+00:00,,external_host,False,,False,False,False
,inbody,article,18e1d14a-956b-48c4-8cd0-b1c72abbcd47,India’s Green Diplomacy Could Be Its Biggest Soft Power Tool Yet,air-dec-2024-vfinal-web.pdf,https://www.traffic.org/site/assets/files/26039/air-dec-2024-vfinal-web.pdf,US$23 billion industry,2025-08-19T05:35:11+00:00,,external_host,False,,True,False,False
,inbody,article,fc14c79d-81e5-4ad0-85df-453f847a76e5,Towards Zero Waste: Innovations in Circular Economy Models for Indian Cities and Towns,FS08_Informal-sector_updated-Nov-2023.pdf,https://prevent-waste.net/wp-content/uploads/2023/11/FS08_Informal-sector_updated-Nov-2023.pdf,https://prevent-waste.net/wp-content/uploads/2023/11/FS08_Informal-sector_updated-Nov-2023.pdf,2025-09-12T05:35:10+00:00,,external_host,False,,True,True,False
,inbody,article,fc14c79d-81e5-4ad0-85df-453f847a76e5,Towards Zero Waste: Innovations in Circular Economy Models for Indian Cities and Towns,19.8.2020_The-State-of-Informal-Waste-Workers-In-India.pdf,https://sprf.in/wp-content/uploads/2021/02/19.8.2020_The-State-of-Informal-Waste-Workers-In-India.pdf,https://sprf.in/wp-content/uploads/2021/02/19.8.2020_The-State-of-Informal-Waste-Workers-In-India.pdf,2025-09-12T05:35:10+00:00,,external_host,False,,True,True,False
inbody:dca1b696810f6523feccd06b514d2ae570b0902c,inbody,article,15052e3c-8c61-4eaf-9cc0-ab3c239ff000,"Melting Glaciers: Global Signals, Indian Realities",cc-impact-himalayan-glacier.pdf,https://www.teriin.org/sites/default/files/2019-11/cc-impact-himalayan-glacier.pdf,https://www.teriin.org/sites/default/files/2019-11/cc-impact-himalayan-glacier.pdf,2025-09-22T08:08:09+00:00,2019-11,managed_path_month,True,2025-09-22 08:08:09,False,True,True
,inbody,article,15052e3c-8c61-4eaf-9cc0-ab3c239ff000,"Melting Glaciers: Global Signals, Indian Realities",RS-in-32-27-07-2023.pdf,https://moes.gov.in/sites/default/files/RS-in-32-27-07-2023.pdf,https://moes.gov.in/sites/default/files/RS-in-32-27-07-2023.pdf,2025-09-22T08:08:09+00:00,,external_host,False,,True,True,False
inbody:df451caeba101a1abc4eb13dee0250f1c9c38c33,inbody,article,fe06f56d-cabe-439b-ada8-4044995f384a,Charting India’s Multi-Fuel Mobility Future,Assessment%20of%20Bio-CNG%20as%20a%20Vehicular%20Fuel%20in%20India.pdf,https://www.teriin.org/sites/default/files/2024-02/Assessment%20of%20Bio-CNG%20as%20a%20Vehicular%20Fuel%20in%20India.pdf,here,2025-10-06T11:01:44+00:00,2024-02,managed_path_month,True,2025-10-06 11:01:44,False,False,True
,inbody,article,fda7614d-0a18-448e-b2e9-c235ed87ab51,Biochar and Microbial Application for Carbon Dioxide Removal,IPCC_AR6_WGIII_Factsheet_CDR.pdf,https://www.ipcc.ch/report/ar6/wg3/downloads/outreach/IPCC_AR6_WGIII_Factsheet_CDR.pdf,Carbon Dioxide Removal,2025-10-15T05:39:41+00:00,,external_host,False,,False,False,False
,inbody,article,a5dc8b44-0105-444d-ad8e-840cf6b9fa45,Critical Minerals and Circular Economy: Why Recycling Must Power India’s Clean Tech Future,649d4212cceb01688027666.pdf,https://mines.gov.in/admin/download/649d4212cceb01688027666.pdf,https://mines.gov.in/admin/download/649d4212cceb01688027666.pdf,2026-03-06T10:42:38+00:00,,external_host,False,,False,False,False
,inbody,article,a5dc8b44-0105-444d-ad8e-840cf6b9fa45,Critical Minerals and Circular Economy: Why Recycling Must Power India’s Clean Tech Future,Scenarios-Towards-Viksit-Bharat-and-Net-Zero-Critical-Mineral-Assessment-Demand-and-Supply.pdf,https://niti.gov.in/sites/default/files/2026-02/Scenarios-Towards-Viksit-Bharat-and-Net-Zero-Critical-Mineral-Assessment-Demand-and-Supply.pdf,https://niti.gov.in/sites/default/files/2026-02/Scenarios-Towards-Viksit-Bharat-and-Net-Zero-Critical-Mineral-Assessment-Demand-and-Supply.pdf,2026-03-06T10:42:38+00:00,2026-02,external_host,False,,False,True,False
,inbody,article,934290c9-fa27-4623-bb95-54dbe482714c,Establishing a Road Transport GHG Baseline for Thoothukudi: Insights from a Tier-II Industrial Port City,tamil-nadu-greenhouse-gas-inventory-report-net-zero-transition-and-climate-change-report.pdf,https://www.ceew.in/sites/default/files/tamil-nadu-greenhouse-gas-inventory-report-net-zero-transition-and-climate-change-report.pdf,"CEEW, 2022",2026-04-09T04:58:34+00:00,,external_host,False,,False,True,False
,inbody,article,934290c9-fa27-4623-bb95-54dbe482714c,Establishing a Road Transport GHG Baseline for Thoothukudi: Insights from a Tier-II Industrial Port City,2872.pdf,https://niua.in/intranet/sites/default/files/2872.pdf,National Institute of Urban Affairs (2023),2026-04-09T04:58:34+00:00,,external_host,False,,False,True,False
,inbody,article,b382b355-52cd-42d7-87f0-1dbe94b02017,Balancing Growth and Green Goals: Rethinking Consumerism in India,Executive_Summary_Middle_Class.pdf,https://price360.in/Executive_Summary_Middle_Class.pdf,31% of households earn between ₹5–30 lakh annually,2026-04-22T10:02:55+00:00,,external_host,False,,False,False,False
inbody:ae37b92cdfb8cbf796c0f3f23f7ff4d977b65648,inbody,article,b382b355-52cd-42d7-87f0-1dbe94b02017,Balancing Growth and Green Goals: Rethinking Consumerism in India,Financing-Low-Carbon-Tranistion-for-India-MSME-Sector.pdf,https://www.teriin.org/sites/default/files/files/Financing-Low-Carbon-Tranistion-for-India-MSME-Sector.pdf,15% of industrial emissions and 3-4% of CO 2 emissions,2026-04-22T10:02:55+00:00,,unmanaged_no_file_entity,True,2026-04-22 10:02:55,False,False,True
,inbody,article,f64bd52b-5508-4e8b-bd00-94fe78b065e2,Bridging the Gaps: Towards Climate-Inclusive Urban Mobility Planning in Thoothukudi,StaticAttachment,https://investingintamilnadu.com/DIGIGOV/StaticAttachment?AttachmentFileName=/pdf/poli_noti/TN_Electric_Vehicles_Policy_2023.pdf,Tamil Nadu&nbsp;Electric Vehicle Policy (2023),2026-04-23T10:37:56+00:00,,external_host,False,,False,True,False
,inbody,article,f64bd52b-5508-4e8b-bd00-94fe78b065e2,Bridging the Gaps: Towards Climate-Inclusive Urban Mobility Planning in Thoothukudi,CCM%20Document.pdf,https://environment.tn.gov.in/assets/report/CCM%20Document.pdf,Tamil Nadu Climate Change Mission (2022),2026-04-23T10:37:56+00:00,,external_host,False,,False,True,False
,inbody,article,f64bd52b-5508-4e8b-bd00-94fe78b065e2,Bridging the Gaps: Towards Climate-Inclusive Urban Mobility Planning in Thoothukudi,11.Final_Master_Plan%20Report_VOCPT.pdf,https://sagarmala.gov.in/sites/default/files/11.Final_Master_Plan%20Report_VOCPT.pdf,Port Master Plan (2014),2026-04-23T10:37:56+00:00,,external_host,False,,False,True,False
,inbody,article,f64bd52b-5508-4e8b-bd00-94fe78b065e2,Bridging the Gaps: Towards Climate-Inclusive Urban Mobility Planning in Thoothukudi,Final_TN%20Logistics%20Policy%20&amp;%20Integrated%20Logistics%20Plan.pdf,https://tidco.com/wp-content/uploads/2021/08/Final_TN%20Logistics%20Policy%20&amp;%20Integrated%20Logistics%20Plan.pdf,Tamil Nadu Logistics Policy and Integrated Logistics Plans (2023),2026-04-23T10:37:56+00:00,,external_host,False,,False,True,False
,inbody,article,f64bd52b-5508-4e8b-bd00-94fe78b065e2,Bridging the Gaps: Towards Climate-Inclusive Urban Mobility Planning in Thoothukudi,2024010966-2.pdf,https://cdn.s3waas.gov.in/s3019d385eb67632a7e958e23f24bd07d7/uploads/2024/01/2024010966-2.pdf,,2026-04-23T10:37:56+00:00,,external_host,False,,False,False,False
,inbody,article,f64bd52b-5508-4e8b-bd00-94fe78b065e2,Bridging the Gaps: Towards Climate-Inclusive Urban Mobility Planning in Thoothukudi,pr311025_e_2606.pdf,https://cms.tn.gov.in/cms_migrated/document/press_release/pr311025_e_2606.pdf,,2026-04-23T10:37:56+00:00,,external_host,False,,False,False,False
,inbody,article,568bb6e3-f90f-41dc-9792-fbd37196ae28,Rooted Resilience: How Rural Women Are Leading India’s Locally Led Adaptation Movement,Climate%20Risk%20Index%202025.pdf,https://www.germanwatch.org/sites/default/files/2025-02/Climate%20Risk%20Index%202025.pdf,https://www.germanwatch.org/sites/default/files/2025-02/Climate%20Risk%20Index%202025.pdf,2026-04-24T07:08:15+00:00,2025-02,external_host,False,,False,True,False
,inbody,article,568bb6e3-f90f-41dc-9792-fbd37196ae28,Rooted Resilience: How Rural Women Are Leading India’s Locally Led Adaptation Movement,IJCRT2407300.pdf,https://www.ijcrt.org/papers/IJCRT2407300.pdf,https://www.ijcrt.org/papers/IJCRT2407300.pdf,2026-04-24T07:08:15+00:00,,external_host,False,,False,False,False
,inbody,article,568bb6e3-f90f-41dc-9792-fbd37196ae28,Rooted Resilience: How Rural Women Are Leading India’s Locally Led Adaptation Movement,Women%20Water%20Compendium_July%2021.pdf,https://nwm.gov.in/sites/default/files/Women%20Water%20Compendium_July%2021.pdf,https://nwm.gov.in/sites/default/files/Women%20Water%20Compendium_July%2021.pdf,2026-04-24T07:08:15+00:00,,external_host,False,,True,True,False
,inbody,article,568bb6e3-f90f-41dc-9792-fbd37196ae28,Rooted Resilience: How Rural Women Are Leading India’s Locally Led Adaptation Movement,SSP_Women-led-Climate-Resilient-Farming_four-pager-2023.pdf,https://swayamshikshanprayog.org/wp-content/uploads/2023/07/SSP_Women-led-Climate-Resilient-Farming_four-pager-2023.pdf,https://swayamshikshanprayog.org/wp-content/uploads/2023/07/SSP_Women-led-Climate-Resilient-Farming_four-pager-2023.pdf,2026-04-24T07:08:15+00:00,,external_host,False,,True,True,False
inbody:7b80db64f6a2b2915c05642291ce4c6c4a970bd9,inbody,page,6084a057-dff4-4510-8d16-359b7556a35d,"Research Focus: Himalayan Centre, Nanital",Mukteshwar_Himalayan_Centre_Brochure.pdf,https://teriin.org/sites/default/files/files/brochures/Mukteshwar_Himalayan_Centre_Brochure.pdf,View Brochures,2018-03-08T06:38:57+00:00,,unmanaged_no_file_entity,True,2018-03-08 06:38:57,False,False,True
,inbody,page,46acae69-9e77-4625-a1a7-2fa0806991d9,"Training programmes on 'Social Impact Assessment, Resettlement and Rehabilitation'",syllabus-and-training-sch.pdf,/sites/default/files/event_brochure/syllabus-and-training-sch.pdf,Syllabus &amp; Training Schedule,2018-03-10T10:26:32+00:00,,unmanaged_no_file_entity,False,,False,False,True
inbody:99b851aad2885433b8a6a1e094a0550fd11a81d9,inbody,page,5f273cf0-9139-4990-ad3d-048ccd81d310,Sustainable Development Goals,Post_2015_bulletin%20and_TEDDY_launch.pdf,https://www.teriin.org/projects/teddy/pdf/Post_2015_bulletin%20and_TEDDY_launch.pdf,Viewpoints on the Post-2015 Development Agenda,2018-03-10T10:53:30+00:00,,unmanaged_no_file_entity,True,2018-03-10 10:53:30,True,True,True
inbody:69e8a2e27caa8428d30b64d64b0834f58ad1b5f6,inbody,page,5f273cf0-9139-4990-ad3d-048ccd81d310,Sustainable Development Goals,National_SPM.pdf,https://www.teriin.org/projects/green/pdf/National_SPM.pdf,Green Growth and Sustainable Development in India: Towards the 2030 Development Agenda,2018-03-10T10:53:30+00:00,,unmanaged_no_file_entity,True,2018-03-10 10:53:30,False,False,True
inbody:8375b5cbcc6b73a6a162d68fa659162d6f5decec,inbody,page,5f273cf0-9139-4990-ad3d-048ccd81d310,Sustainable Development Goals,HP_SPM.pdf,https://www.teriin.org/projects/green/pdf/HP_SPM.pdf,Climate Resilient Green Growth Strategy for Himachal Pradesh: Towards the 2030 Development Agenda,2018-03-10T10:53:30+00:00,,unmanaged_no_file_entity,True,2018-03-10 10:53:30,False,False,True
inbody:a8ea6077245358377673f78634589b60bc184586,inbody,page,5f273cf0-9139-4990-ad3d-048ccd81d310,Sustainable Development Goals,Energy_and_environment_goals_discussion_paper.pdf,https://www.teriin.org/projects/teddy/pdf/Energy_and_environment_goals_discussion_paper.pdf,Discussion paper on energy and environment goals in the context of SDGs,2018-03-10T10:53:30+00:00,,unmanaged_no_file_entity,True,2018-03-10 10:53:30,False,False,True
,inbody,page,5f273cf0-9139-4990-ad3d-048ccd81d310,Sustainable Development Goals,asiareport_july.pdf,http://ndcfootprints.org/pdf/asiareport_july.pdf,SDG Footprint of Asian NDCs - A Report,2018-03-10T10:53:30+00:00,,external_host,False,,False,False,False
,inbody,page,5f273cf0-9139-4990-ad3d-048ccd81d310,Sustainable Development Goals,Sust_Dev_Stocktaking.pdf,https://sustainabledevelopment.un.org/content/documents/Sust_Dev_Stocktaking.pdf,Sustainable Development in India: Stocktaking in the run up to Rio+20,2018-03-10T10:53:30+00:00,,external_host,False,,False,False,False
inbody:db0657b5cd50c139afca532e0eb85809ef60923c,inbody,page,5f273cf0-9139-4990-ad3d-048ccd81d310,Sustainable Development Goals,sustainable-energy-discussion-paper.pdf,https://www.teriin.org/projects/teddy/pdf/sustainable-energy-discussion-paper.pdf,Sustainable Energy in the context of SDGs,2018-03-10T10:53:30+00:00,,unmanaged_no_file_entity,True,2018-03-10 10:53:30,False,False,True
inbody:b483e7805d466f2f920b62c90c4911abbbc1c207,inbody,page,5f273cf0-9139-4990-ad3d-048ccd81d310,Sustainable Development Goals,sustainable-development-goals-discussion-brief.pdf,https://www.teriin.org/projects/teddy/pdf/sustainable-development-goals-discussion-brief.pdf,Discussion Paper on Sustainable Development Goals,2018-03-10T10:53:30+00:00,,unmanaged_no_file_entity,True,2018-03-10 10:53:30,False,False,True
inbody:19a78d242abb430363dbd9c086ee8c9597437db1,inbody,page,5f273cf0-9139-4990-ad3d-048ccd81d310,Sustainable Development Goals,TEDDY_Proceedings.pdf,https://www.teriin.org/projects/teddy/pdf/TEDDY_Proceedings.pdf,Proceedings of Workshop on Energy and Environment in the Context of Sustainable Development Goals in India,2018-03-10T10:53:30+00:00,,unmanaged_no_file_entity,True,2018-03-10 10:53:30,False,False,True
,inbody,page,5f273cf0-9139-4990-ad3d-048ccd81d310,Sustainable Development Goals,mining-and-SDGs.pdf,/sites/default/files/files/SDGs-files/mining-and-SDGs.pdf,Mining and the Sustainable Development Goals,2018-03-10T10:53:30+00:00,,unmanaged_no_file_entity,False,,False,False,True
,inbody,page,5f273cf0-9139-4990-ad3d-048ccd81d310,Sustainable Development Goals,Poverty-and-SDGs.pdf,/sites/default/files/files/SDGs-files/Poverty-and-SDGs.pdf,Poverty and the SDSs: An India Perspective,2018-03-10T10:53:30+00:00,,unmanaged_no_file_entity,False,,False,False,True
,inbody,page,5f273cf0-9139-4990-ad3d-048ccd81d310,Sustainable Development Goals,Urbanisation-and-SDG11.pdf,/sites/default/files/files/SDGs-files/Urbanisation-and-SDG11.pdf,Some perspectives on SDG Goal 11: Urban Infrastructure,2018-03-10T10:53:30+00:00,,unmanaged_no_file_entity,False,,False,False,True
,inbody,page,85cd7b0f-a40e-4f72-9f81-8c717f434572,FCRA Financials,Auditor-Report-2024-25.pdf,sites/default/files/files/fcra-receipts/Auditor-Report-2024-25.pdf,Auditor's Report,2018-04-04T10:13:35+00:00,,external_host,False,,True,False,False
,inbody,page,85cd7b0f-a40e-4f72-9f81-8c717f434572,FCRA Financials,Receipts-&amp;-Payments-2024-25.pdf,sites/default/files/files/fcra-receipts/Receipts-&amp;-Payments-2024-25.pdf,Receipts &amp; Payments,2018-04-04T10:13:35+00:00,,external_host,False,,True,False,False
,inbody,page,85cd7b0f-a40e-4f72-9f81-8c717f434572,FCRA Financials,Income-&amp;-Expenditure-2024-25.pdf,sites/default/files/files/fcra-receipts/Income-&amp;-Expenditure-2024-25.pdf,Income &amp; Expenditure,2018-04-04T10:13:35+00:00,,external_host,False,,True,False,False
,inbody,page,85cd7b0f-a40e-4f72-9f81-8c717f434572,FCRA Financials,Balance-Sheet-2024-25.pdf,sites/default/files/files/fcra-receipts/Balance-Sheet-2024-25.pdf,Balance Sheet,2018-04-04T10:13:35+00:00,,external_host,False,,True,False,False
,inbody,page,85cd7b0f-a40e-4f72-9f81-8c717f434572,FCRA Financials,Auditor_Report_2023_24.pdf,sites/default/files/files/fcra-receipts/Auditor_Report_2023_24.pdf,Auditor's Report,2018-04-04T10:13:35+00:00,,external_host,False,,True,False,False
,inbody,page,85cd7b0f-a40e-4f72-9f81-8c717f434572,FCRA Financials,Receipts_&amp;_Payments_2023_24.pdf,sites/default/files/files/fcra-receipts/Receipts_&amp;_Payments_2023_24.pdf,Receipts &amp; Payments,2018-04-04T10:13:35+00:00,,external_host,False,,True,False,False
,inbody,page,85cd7b0f-a40e-4f72-9f81-8c717f434572,FCRA Financials,Income_&amp;_Expenditure_2023_24.pdf,sites/default/files/files/fcra-receipts/Income_&amp;_Expenditure_2023_24.pdf,Income &amp; Expenditure,2018-04-04T10:13:35+00:00,,external_host,False,,True,False,False
,inbody,page,85cd7b0f-a40e-4f72-9f81-8c717f434572,FCRA Financials,Balance_Sheet_2023_24.pdf,sites/default/files/files/fcra-receipts/Balance_Sheet_2023_24.pdf,Balance Sheet,2018-04-04T10:13:35+00:00,,external_host,False,,True,False,False
,inbody,page,85cd7b0f-a40e-4f72-9f81-8c717f434572,FCRA Financials,Donor-wise-report-April-to-June-2022.pdf,sites/default/files/files/fcra-receipts/Donor-wise-report-April-to-June-2022.pdf,Apr 22 - Jun 22,2018-04-04T10:13:35+00:00,,external_host,False,,True,False,False
,inbody,page,85cd7b0f-a40e-4f72-9f81-8c717f434572,FCRA Financials,Donor-wise-report-July-to-Sept-2022.pdf,sites/default/files/files/fcra-receipts/Donor-wise-report-July-to-Sept-2022.pdf,Jul 22 - Sep 22,2018-04-04T10:13:35+00:00,,external_host,False,,True,False,False
,inbody,page,85cd7b0f-a40e-4f72-9f81-8c717f434572,FCRA Financials,Balance_Sheet_22_23.pdf,sites/default/files/files/fcra-receipts/Balance_Sheet_22_23.pdf,Auditor's Report,2018-04-04T10:13:35+00:00,,external_host,False,,False,False,False
,inbody,page,85cd7b0f-a40e-4f72-9f81-8c717f434572,FCRA Financials,Receipts_&amp;_Payments_22_23.pdf,sites/default/files/files/fcra-receipts/Receipts_&amp;_Payments_22_23.pdf,Receipts &amp; Payments,2018-04-04T10:13:35+00:00,,external_host,False,,False,False,False
,inbody,page,85cd7b0f-a40e-4f72-9f81-8c717f434572,FCRA Financials,Income_&amp;_Expenditure_22_23.pdf,sites/default/files/files/fcra-receipts/Income_&amp;_Expenditure_22_23.pdf,Income &amp; Expenditure,2018-04-04T10:13:35+00:00,,external_host,False,,False,False,False
,inbody,page,85cd7b0f-a40e-4f72-9f81-8c717f434572,FCRA Financials,Auditor_Report_22_23.pdf,sites/default/files/files/fcra-receipts/Auditor_Report_22_23.pdf,Balance Sheet,2018-04-04T10:13:35+00:00,,external_host,False,,False,False,False
,inbody,page,85cd7b0f-a40e-4f72-9f81-8c717f434572,FCRA Financials,donor-wise report-apr-jun21.pdf,sites/default/files/files/fcra-receipts/donor-wise report-apr-jun21.pdf,Apr 21 - Jun 21,2018-04-04T10:13:35+00:00,,external_host,False,,False,False,False
,inbody,page,85cd7b0f-a40e-4f72-9f81-8c717f434572,FCRA Financials,donor-wise report-jul-sep21.pdf,sites/default/files/files/fcra-receipts/donor-wise report-jul-sep21.pdf,Jul 21 - Sep 21,2018-04-04T10:13:35+00:00,,external_host,False,,False,False,False
,inbody,page,85cd7b0f-a40e-4f72-9f81-8c717f434572,FCRA Financials,donor-wise-report-oct-dec21.pdf,sites/default/files/files/fcra-receipts/donor-wise-report-oct-dec21.pdf,Oct 21 - Dec 21,2018-04-04T10:13:35+00:00,,external_host,False,,False,False,False
,inbody,page,85cd7b0f-a40e-4f72-9f81-8c717f434572,FCRA Financials,Donor-wise-report-Jan-to-March-2022.pdf,sites/default/files/files/fcra-receipts/Donor-wise-report-Jan-to-March-2022.pdf,jan 21 - Mar 22,2018-04-04T10:13:35+00:00,,external_host,False,,True,False,False
,inbody,page,85cd7b0f-a40e-4f72-9f81-8c717f434572,FCRA Financials,Auditor_Report_21_22.pdf,sites/default/files/files/fcra-receipts/Auditor_Report_21_22.pdf,Auditor's Report,2018-04-04T10:13:35+00:00,,external_host,False,,False,False,False
,inbody,page,85cd7b0f-a40e-4f72-9f81-8c717f434572,FCRA Financials,Receipts_Payments_21_22.pdf,sites/default/files/files/fcra-receipts/Receipts_Payments_21_22.pdf,Receipts &amp; Payments,2018-04-04T10:13:35+00:00,,external_host,False,,False,False,False
,inbody,page,85cd7b0f-a40e-4f72-9f81-8c717f434572,FCRA Financials,Income_Expenditure_21_22.pdf,sites/default/files/files/fcra-receipts/Income_Expenditure_21_22.pdf,Income &amp; Expenditure,2018-04-04T10:13:35+00:00,,external_host,False,,False,False,False
,inbody,page,85cd7b0f-a40e-4f72-9f81-8c717f434572,FCRA Financials,Balance _Sheet_21_22.pdf,sites/default/files/files/fcra-receipts/Balance _Sheet_21_22.pdf,Balance Sheet,2018-04-04T10:13:35+00:00,,external_host,False,,False,False,False
,inbody,page,85cd7b0f-a40e-4f72-9f81-8c717f434572,FCRA Financials,donorapr20-jun20.pdf,sites/default/files/files/fcra-receipts/donorapr20-jun20.pdf,Apr 20 - Jun 20,2018-04-04T10:13:35+00:00,,external_host,False,,False,False,False
,inbody,page,85cd7b0f-a40e-4f72-9f81-8c717f434572,FCRA Financials,donorjuly20-sep20.pdf,sites/default/files/files/fcra-receipts/donorjuly20-sep20.pdf,Jul 20 - Sep 20,2018-04-04T10:13:35+00:00,,external_host,False,,False,False,False
,inbody,page,85cd7b0f-a40e-4f72-9f81-8c717f434572,FCRA Financials,donor-oct20-dec20-new.pdf,sites/default/files/files/fcra-receipts/donor-oct20-dec20-new.pdf,Oct 20 - Dec 20,2018-04-04T10:13:35+00:00,,external_host,False,,False,False,False
,inbody,page,85cd7b0f-a40e-4f72-9f81-8c717f434572,FCRA Financials,donor-jan21-mar21.pdf,sites/default/files/files/fcra-receipts/donor-jan21-mar21.pdf,Jan 21 - Mar 21,2018-04-04T10:13:35+00:00,,external_host,False,,False,False,False
,inbody,page,85cd7b0f-a40e-4f72-9f81-8c717f434572,FCRA Financials,auditor-report-20-21.pdf,sites/default/files/files/fcra-receipts/auditor-report-20-21.pdf,Auditor's Report,2018-04-04T10:13:35+00:00,,external_host,False,,False,False,False
,inbody,page,85cd7b0f-a40e-4f72-9f81-8c717f434572,FCRA Financials,receipts-payments_20-21.pdf,sites/default/files/files/fcra-receipts/receipts-payments_20-21.pdf,Receipts &amp; Payments,2018-04-04T10:13:35+00:00,,external_host,False,,False,False,False
,inbody,page,85cd7b0f-a40e-4f72-9f81-8c717f434572,FCRA Financials,income-expenditure_20-21.pdf,sites/default/files/files/fcra-receipts/income-expenditure_20-21.pdf,Income &amp; Expenditure,2018-04-04T10:13:35+00:00,,external_host,False,,False,False,False
,inbody,page,85cd7b0f-a40e-4f72-9f81-8c717f434572,FCRA Financials,balance-sheet_20-21.pdf,sites/default/files/files/fcra-receipts/balance-sheet_20-21.pdf,Balance Sheet,2018-04-04T10:13:35+00:00,,external_host,False,,False,False,False
,inbody,page,85cd7b0f-a40e-4f72-9f81-8c717f434572,FCRA Financials,April19-June19_1.pdf,sites/default/files/files/fcra-receipts/April19-June19_1.pdf,Apr 19 - Jun 19,2018-04-04T10:13:35+00:00,,external_host,False,,False,False,False
,inbody,page,85cd7b0f-a40e-4f72-9f81-8c717f434572,FCRA Financials,July19-Sep19_1.pdf,sites/default/files/files/fcra-receipts/July19-Sep19_1.pdf,Jul 19 - Sep 19,2018-04-04T10:13:35+00:00,,external_host,False,,False,False,False
,inbody,page,85cd7b0f-a40e-4f72-9f81-8c717f434572,FCRA Financials,donor-oct19-dec19.pdf,sites/default/files/files/fcra-receipts/donor-oct19-dec19.pdf,Oct 19 - Dec 19,2018-04-04T10:13:35+00:00,,external_host,False,,False,False,False
,inbody,page,85cd7b0f-a40e-4f72-9f81-8c717f434572,FCRA Financials,jan20-mar20_1.pdf,sites/default/files/files/fcra-receipts/jan20-mar20_1.pdf,Jan 20 - Mar 20,2018-04-04T10:13:35+00:00,,external_host,False,,False,False,False
,inbody,page,85cd7b0f-a40e-4f72-9f81-8c717f434572,FCRA Financials,auditor-report-19-20.pdf,sites/default/files/files/fcra-receipts/auditor-report-19-20.pdf,Auditor's Report,2018-04-04T10:13:35+00:00,,external_host,False,,False,False,False
,inbody,page,85cd7b0f-a40e-4f72-9f81-8c717f434572,FCRA Financials,receipts-payments-19-20.pdf,sites/default/files/files/fcra-receipts/receipts-payments-19-20.pdf,Receipts &amp; Payments,2018-04-04T10:13:35+00:00,,external_host,False,,False,False,False
,inbody,page,85cd7b0f-a40e-4f72-9f81-8c717f434572,FCRA Financials,income-expenditure-19-20.pdf,sites/default/files/files/fcra-receipts/income-expenditure-19-20.pdf,Income &amp; Expenditure,2018-04-04T10:13:35+00:00,,external_host,False,,False,False,False
,inbody,page,85cd7b0f-a40e-4f72-9f81-8c717f434572,FCRA Financials,balance-sheet-19-20.pdf,sites/default/files/files/fcra-receipts/balance-sheet-19-20.pdf,Balance Sheet,2018-04-04T10:13:35+00:00,,external_host,False,,False,False,False
,inbody,page,85cd7b0f-a40e-4f72-9f81-8c717f434572,FCRA Financials,April18-Jun18_new.pdf,sites/default/files/files/fcra-receipts/April18-Jun18_new.pdf,Apr 18 - Jun 18,2018-04-04T10:13:35+00:00,,external_host,False,,False,False,False
,inbody,page,85cd7b0f-a40e-4f72-9f81-8c717f434572,FCRA Financials,Jul18-Sep18_new.pdf,sites/default/files/files/fcra-receipts/Jul18-Sep18_new.pdf,Jul 18 - Sep 18,2018-04-04T10:13:35+00:00,,external_host,False,,False,False,False
,inbody,page,85cd7b0f-a40e-4f72-9f81-8c717f434572,FCRA Financials,Oct18-Dec18_new.pdf,sites/default/files/files/fcra-receipts/Oct18-Dec18_new.pdf,Oct 18 - Dec 18,2018-04-04T10:13:35+00:00,,external_host,False,,False,False,False
,inbody,page,85cd7b0f-a40e-4f72-9f81-8c717f434572,FCRA Financials,Jan19-Mar19_new.pdf,sites/default/files/files/fcra-receipts/Jan19-Mar19_new.pdf,Jan 19 - Mar 19,2018-04-04T10:13:35+00:00,,external_host,False,,False,False,False
,inbody,page,85cd7b0f-a40e-4f72-9f81-8c717f434572,FCRA Financials,AuditorsReport_18-19.pdf,sites/default/files/files/fcra-receipts/AuditorsReport_18-19.pdf,Auditor's Report,2018-04-04T10:13:35+00:00,,external_host,False,,False,False,False
,inbody,page,85cd7b0f-a40e-4f72-9f81-8c717f434572,FCRA Financials,ReceiptsPayments_18-19.pdf,sites/default/files/files/fcra-receipts/ReceiptsPayments_18-19.pdf,Receipts &amp; Payments,2018-04-04T10:13:35+00:00,,external_host,False,,False,False,False
,inbody,page,85cd7b0f-a40e-4f72-9f81-8c717f434572,FCRA Financials,IncomeExpenditure_18-19.pdf,sites/default/files/files/fcra-receipts/IncomeExpenditure_18-19.pdf,Income &amp; Expenditure,2018-04-04T10:13:35+00:00,,external_host,False,,False,False,False
,inbody,page,85cd7b0f-a40e-4f72-9f81-8c717f434572,FCRA Financials,BalanceSheet_18-19.pdf,sites/default/files/files/fcra-receipts/BalanceSheet_18-19.pdf,Balance Sheet,2018-04-04T10:13:35+00:00,,external_host,False,,False,False,False
,inbody,page,85cd7b0f-a40e-4f72-9f81-8c717f434572,FCRA Financials,Apr17-to-Jun17.pdf,sites/default/files/files/fcra-receipts/Apr17-to-Jun17.pdf,Apr 17 - Jun 17,2018-04-04T10:13:35+00:00,,external_host,False,,False,False,False
,inbody,page,85cd7b0f-a40e-4f72-9f81-8c717f434572,FCRA Financials,Jul17-to-Sep17.pdf,sites/default/files/files/fcra-receipts/Jul17-to-Sep17.pdf,Jul 17 - Sep 17,2018-04-04T10:13:35+00:00,,external_host,False,,False,False,False
,inbody,page,85cd7b0f-a40e-4f72-9f81-8c717f434572,FCRA Financials,Oct17-to-Dec17.pdf,sites/default/files/files/fcra-receipts/Oct17-to-Dec17.pdf,Oct 17 - Dec 17,2018-04-04T10:13:35+00:00,,external_host,False,,False,False,False
,inbody,page,85cd7b0f-a40e-4f72-9f81-8c717f434572,FCRA Financials,Jan18-to-Mar18.pdf,sites/default/files/files/fcra-receipts/Jan18-to-Mar18.pdf,Jan 18 - Mar 18,2018-04-04T10:13:35+00:00,,external_host,False,,False,False,False
,inbody,page,85cd7b0f-a40e-4f72-9f81-8c717f434572,FCRA Financials,Audit-Certificate_17-18.pdf,sites/default/files/files/fcra-receipts/Audit-Certificate_17-18.pdf,Auditor's Report,2018-04-04T10:13:35+00:00,,external_host,False,,False,False,False
,inbody,page,85cd7b0f-a40e-4f72-9f81-8c717f434572,FCRA Financials,Receipts-and-Payments_17-18.pdf,sites/default/files/files/fcra-receipts/Receipts-and-Payments_17-18.pdf,Receipts &amp; Payments,2018-04-04T10:13:35+00:00,,external_host,False,,False,False,False
,inbody,page,85cd7b0f-a40e-4f72-9f81-8c717f434572,FCRA Financials,Income-and-Expenditure_17-18.pdf,sites/default/files/files/fcra-receipts/Income-and-Expenditure_17-18.pdf,Income &amp; Expenditure,2018-04-04T10:13:35+00:00,,external_host,False,,False,False,False
,inbody,page,85cd7b0f-a40e-4f72-9f81-8c717f434572,FCRA Financials,Balance-Sheet_17-18.pdf,sites/default/files/files/fcra-receipts/Balance-Sheet_17-18.pdf,Balance Sheet,2018-04-04T10:13:35+00:00,,external_host,False,,False,False,False
,inbody,page,85cd7b0f-a40e-4f72-9f81-8c717f434572,FCRA Financials,Donorwise Report - 01.04.2016 to 30.06.2016.pdf,sites/default/files/files/fcra-receipts/Donorwise Report - 01.04.2016 to 30.06.2016.pdf,Apr 16 - Jun 16,2018-04-04T10:13:35+00:00,,external_host,False,,True,False,False
,inbody,page,85cd7b0f-a40e-4f72-9f81-8c717f434572,FCRA Financials,Donorwise Report - 01.07.2016 to 30.09.2016.pdf,sites/default/files/files/fcra-receipts/Donorwise Report - 01.07.2016 to 30.09.2016.pdf,Jul 16 - Sep 16,2018-04-04T10:13:35+00:00,,external_host,False,,True,False,False
,inbody,page,85cd7b0f-a40e-4f72-9f81-8c717f434572,FCRA Financials,Donorwise Report - 01.10.2016 to 31.12.2016.pdf,sites/default/files/files/fcra-receipts/Donorwise Report - 01.10.2016 to 31.12.2016.pdf,Oct 16 - Dec 16,2018-04-04T10:13:35+00:00,,external_host,False,,True,False,False
,inbody,page,85cd7b0f-a40e-4f72-9f81-8c717f434572,FCRA Financials,Donorwise Report - 01.01.2017 to 31.03.2017.pdf,sites/default/files/files/fcra-receipts/Donorwise Report - 01.01.2017 to 31.03.2017.pdf,Jan 17 - Mar 17,2018-04-04T10:13:35+00:00,,external_host,False,,True,False,False
,inbody,page,85cd7b0f-a40e-4f72-9f81-8c717f434572,FCRA Financials,Auditors-Report_16-17.pdf,sites/default/files/files/fcra-receipts/Auditors-Report_16-17.pdf,Auditor's Report,2018-04-04T10:13:35+00:00,,external_host,False,,False,False,False
,inbody,page,85cd7b0f-a40e-4f72-9f81-8c717f434572,FCRA Financials,ReceiptsandPayments_16-17.pdf,sites/default/files/files/fcra-receipts/ReceiptsandPayments_16-17.pdf,Receipts &amp; Payments,2018-04-04T10:13:35+00:00,,external_host,False,,False,False,False
,inbody,page,85cd7b0f-a40e-4f72-9f81-8c717f434572,FCRA Financials,Income-Expenditure_16-17.pdf,sites/default/files/files/fcra-receipts/Income-Expenditure_16-17.pdf,Income &amp; Expenditure,2018-04-04T10:13:35+00:00,,external_host,False,,False,False,False
,inbody,page,85cd7b0f-a40e-4f72-9f81-8c717f434572,FCRA Financials,Balance-Sheet_16-17.pdf,sites/default/files/files/fcra-receipts/Balance-Sheet_16-17.pdf,Balance Sheet,2018-04-04T10:13:35+00:00,,external_host,False,,False,False,False
,inbody,page,85cd7b0f-a40e-4f72-9f81-8c717f434572,FCRA Financials,Donorwise Report-01 April 2015 to 30 September 2015.pdf,sites/default/files/files/fcra-receipts/Donorwise Report-01 April 2015 to 30 September 2015.pdf,Apr 15 - Sep 15,2018-04-04T10:13:35+00:00,,external_host,False,,True,False,False
,inbody,page,85cd7b0f-a40e-4f72-9f81-8c717f434572,FCRA Financials,Donorwise Report- 01 October 2015 to 31 December 2015.pdf,sites/default/files/files/fcra-receipts/Donorwise Report- 01 October 2015 to 31 December 2015.pdf,Oct 15 - Dec 15,2018-04-04T10:13:35+00:00,,external_host,False,,True,False,False
,inbody,page,85cd7b0f-a40e-4f72-9f81-8c717f434572,FCRA Financials,Donorwise Report- 01 January 2016 to 31 March 2016.pdf,sites/default/files/files/fcra-receipts/Donorwise Report- 01 January 2016 to 31 March 2016.pdf,Jan 16 - Mar 16,2018-04-04T10:13:35+00:00,,external_host,False,,True,False,False
,inbody,page,85cd7b0f-a40e-4f72-9f81-8c717f434572,FCRA Financials,Auditor-certificate.pdf,sites/default/files/files/fcra-receipts/Auditor-certificate.pdf,Auditor's Report,2018-04-04T10:13:35+00:00,,external_host,False,,False,False,False
,inbody,page,85cd7b0f-a40e-4f72-9f81-8c717f434572,FCRA Financials,Receipts and Payments.pdf,sites/default/files/files/fcra-receipts/Receipts and Payments.pdf,Receipts &amp; Payments,2018-04-04T10:13:35+00:00,,external_host,False,,False,False,False
,inbody,page,85cd7b0f-a40e-4f72-9f81-8c717f434572,FCRA Financials,Income and Expenditure.pdf,sites/default/files/files/fcra-receipts/Income and Expenditure.pdf,Income &amp; Expenditure,2018-04-04T10:13:35+00:00,,external_host,False,,False,False,False
,inbody,page,85cd7b0f-a40e-4f72-9f81-8c717f434572,FCRA Financials,Balance-Sheet.pdf,sites/default/files/files/fcra-receipts/Balance-Sheet.pdf,Balance Sheet,2018-04-04T10:13:35+00:00,,external_host,False,,False,False,False
inbody:9623bd8fc8f113ca5f48a95ddb1d25e481f3709f,inbody,page,64b3242e-5578-4ff5-acd9-f9aaa1377ecf,Announcements,LIC-HFL-HIRDAY.pdf,https://teriin.org/sites/default/files/files/LIC-HFL-HIRDAY.pdf,Downloaded,2018-04-11T06:27:30+00:00,,unmanaged_no_file_entity,True,2018-04-11 06:27:30,False,False,True
inbody:516a96117ead58a5d071928f144ab5edd59c1424,inbody,page,64b3242e-5578-4ff5-acd9-f9aaa1377ecf,Announcements,Corrigendum-No-1-Tender-no-38.pdf,https://teriin.org/sites/default/files/files/Corrigendum-No-1-Tender-no-38.pdf,Corrigendum No. 1,2018-04-11T06:27:30+00:00,,unmanaged_no_file_entity,True,2018-04-11 06:27:30,False,False,True
inbody:775d5976df3e7fc51ef6eda36d94e5a2c1ff9fe1,inbody,page,64b3242e-5578-4ff5-acd9-f9aaa1377ecf,Announcements,ToR_RECAP4NDC_Private_Sector_Engagement.pdf,https://teriin.org/sites/default/files/files/ToR_RECAP4NDC_Private_Sector_Engagement.pdf,Downloaded,2018-04-11T06:27:30+00:00,,unmanaged_no_file_entity,True,2018-04-11 06:27:30,False,False,True
inbody:21d8a265837a23127bb7cc6c73d42224b7c1fc7e,inbody,page,64b3242e-5578-4ff5-acd9-f9aaa1377ecf,Announcements,Corrigendum-No-1-Tender-no-3.pdf,https://teriin.org/sites/default/files/files/Corrigendum-No-1-Tender-no-3.pdf,Corrigendum No. 1,2018-04-11T06:27:30+00:00,,unmanaged_no_file_entity,True,2018-04-11 06:27:30,False,False,True
inbody:020ef5ceac9f094d84b4853527d2bf614ccba5e5,inbody,page,64b3242e-5578-4ff5-acd9-f9aaa1377ecf,Announcements,Notice-for-Engagement-of-Organization-for-KML-Preparation.pdf,https://teriin.org/sites/default/files/files/Notice-for-Engagement-of-Organization-for-KML-Preparation.pdf,Downloaded,2018-04-11T06:27:30+00:00,,unmanaged_no_file_entity,True,2018-04-11 06:27:30,False,False,True
inbody:bcd84a99c1c8af57e78e46a36d8e5b21a2206cd6,inbody,page,64b3242e-5578-4ff5-acd9-f9aaa1377ecf,Announcements,EOI-Green-Olympiad.pdf,https://teriin.org/sites/default/files/files/EOI-Green-Olympiad.pdf,Downloaded,2018-04-11T06:27:30+00:00,,unmanaged_no_file_entity,True,2018-04-11 06:27:30,False,False,True
inbody:b3a00ac5f318002922581d4cbec9fb9be205bdcd,inbody,page,64b3242e-5578-4ff5-acd9-f9aaa1377ecf,Announcements,Tender-No-35-for-super-computer.pdf,https://teriin.org/sites/default/files/files/Tender-No-35-for-super-computer.pdf,Downloaded,2018-04-11T06:27:30+00:00,,unmanaged_no_file_entity,True,2018-04-11 06:27:30,False,False,True
inbody:d24263064a627a57ffd313dd7319cd73d24725a7,inbody,page,64b3242e-5578-4ff5-acd9-f9aaa1377ecf,Announcements,Corrigendum_No._1_super_computer.pdf,https://teriin.org/sites/default/files/files/Corrigendum_No._1_super_computer.pdf,Corrigendum No. 1,2018-04-11T06:27:30+00:00,,unmanaged_no_file_entity,True,2018-04-11 06:27:30,False,False,True
inbody:e0ece7ed7b2f422af701eee94589cf5c51d74b3c,inbody,page,64b3242e-5578-4ff5-acd9-f9aaa1377ecf,Announcements,Corrigendum-No2-super-computer.pdf,https://teriin.org/sites/default/files/files/Corrigendum-No2-super-computer.pdf,Corrigendum No. 2,2018-04-11T06:27:30+00:00,,unmanaged_no_file_entity,True,2018-04-11 06:27:30,False,False,True
inbody:d73f40b63dbf69c9bd654bc2816e83bfb2139af4,inbody,page,64b3242e-5578-4ff5-acd9-f9aaa1377ecf,Announcements,Tender-No-34-for-bentonite-with-terms-and-conditions.pdf,https://teriin.org/sites/default/files/files/Tender-No-34-for-bentonite-with-terms-and-conditions.pdf,Downloaded,2018-04-11T06:27:30+00:00,,unmanaged_no_file_entity,True,2018-04-11 06:27:30,False,False,True
inbody:2f0d421df7390fbcbb9f90b90fa57013d073d3d3,inbody,page,64b3242e-5578-4ff5-acd9-f9aaa1377ecf,Announcements,Corrigendum-No-1-bentonite.pdf,https://teriin.org/sites/default/files/files/Corrigendum-No-1-bentonite.pdf,Corrigendum No. 1,2018-04-11T06:27:30+00:00,,unmanaged_no_file_entity,True,2018-04-11 06:27:30,False,False,True
inbody:5d57d84ff71f206cffe654188563f037b7316411,inbody,page,64b3242e-5578-4ff5-acd9-f9aaa1377ecf,Announcements,Corrigendum-No-2-bentonite.pdf,https://teriin.org/sites/default/files/files/Corrigendum-No-2-bentonite.pdf,Corrigendum No. 2,2018-04-11T06:27:30+00:00,,unmanaged_no_file_entity,True,2018-04-11 06:27:30,False,False,True
inbody:046e1666a7f57657298ffd9524c2a63784956429,inbody,page,64b3242e-5578-4ff5-acd9-f9aaa1377ecf,Announcements,Corrigendum-No-3-bentonite.pdf,https://teriin.org/sites/default/files/files/Corrigendum-No-3-bentonite.pdf,Corrigendum No. 3,2018-04-11T06:27:30+00:00,,unmanaged_no_file_entity,True,2018-04-11 06:27:30,False,False,True
inbody:aee3b8eb98e45d433de3e68da4e089b705a8ee89,inbody,page,64b3242e-5578-4ff5-acd9-f9aaa1377ecf,Announcements,EOI-Form-LaBL-2.0.pdf,https://teriin.org/sites/default/files/files/EOI-Form-LaBL-2.0.pdf,Downloaded,2018-04-11T06:27:30+00:00,,unmanaged_no_file_entity,True,2018-04-11 06:27:30,False,False,True
inbody:10e72eb68c1facf699a7d69c6b57aba4d7318ea5,inbody,page,64b3242e-5578-4ff5-acd9-f9aaa1377ecf,Announcements,EOI_CONCOR_TERI_CoE_Carbon_Markets.pdf,https://teriin.org/sites/default/files/files/EOI_CONCOR_TERI_CoE_Carbon_Markets.pdf,Downloaded,2018-04-11T06:27:30+00:00,,unmanaged_no_file_entity,True,2018-04-11 06:27:30,False,False,True
inbody:54d5fc90a94567d27359eb7c046f34e0cf553c42,inbody,page,64b3242e-5578-4ff5-acd9-f9aaa1377ecf,Announcements,Tender_32_Corrigendum_No_1.pdf,https://teriin.org/files/Tender_32_Corrigendum_No_1.pdf,Corrigendum No. 1,2018-04-11T06:27:30+00:00,,unmanaged_no_file_entity,True,2018-04-11 06:27:30,False,False,True
inbody:d12d81abd4fb073801ab919e475ae2ec1c430088,inbody,page,64b3242e-5578-4ff5-acd9-f9aaa1377ecf,Announcements,Tender-No-28-software-with-all-the-documents-V1.pdf,https://teriin.org/sites/default/files/files/Tender-No-28-software-with-all-the-documents-V1.pdf,Downloaded,2018-04-11T06:27:30+00:00,,unmanaged_no_file_entity,True,2018-04-11 06:27:30,False,False,True
inbody:b57b02a2c63871c2a4c031c7f819ccb429f94d00,inbody,page,64b3242e-5578-4ff5-acd9-f9aaa1377ecf,Announcements,LIC_HFL_HIRDAY_(final).pdf,https://teriin.org/sites/default/files/files/LIC_HFL_HIRDAY_(final).pdf,Downloaded,2018-04-11T06:27:30+00:00,,unmanaged_no_file_entity,True,2018-04-11 06:27:30,False,False,True
inbody:e8fbab8d345dbf28028904d6e8fec6b20c14a28a,inbody,page,64b3242e-5578-4ff5-acd9-f9aaa1377ecf,Announcements,Tender_no_26_for_HP_ProBook.pdf,https://teriin.org/sites/default/files/files/Tender_no_26_for_HP_ProBook.pdf,Downloaded,2018-04-11T06:27:30+00:00,,unmanaged_no_file_entity,True,2018-04-11 06:27:30,False,False,True
inbody:33fcb63d2a96043b9b54438a19e0427cf1564e90,inbody,page,64b3242e-5578-4ff5-acd9-f9aaa1377ecf,Announcements,Tender_No_25_solar_work_at_GP_V1.pdf,https://teriin.org/sites/default/files/files/Tender_No_25_solar_work_at_GP_V1.pdf,Downloaded,2018-04-11T06:27:30+00:00,,unmanaged_no_file_entity,True,2018-04-11 06:27:30,False,False,True
inbody:b83693fb739559cae1e9d512ffbae01a57cde9ce,inbody,page,64b3242e-5578-4ff5-acd9-f9aaa1377ecf,Announcements,Corrigendum_No_1_Solar.pdf,https://teriin.org/sites/default/files/files/Corrigendum_No_1_Solar.pdf,Corrigendum No. 1,2018-04-11T06:27:30+00:00,,unmanaged_no_file_entity,True,2018-04-11 06:27:30,False,False,True
inbody:038cdc95930d806cff59d7ba9319439ed8e9b159,inbody,page,64b3242e-5578-4ff5-acd9-f9aaa1377ecf,Announcements,Corrigendum-No-2-Solar.pdf,https://teriin.org/sites/default/files/files/Corrigendum-No-2-Solar.pdf,Corrigendum No. 2,2018-04-11T06:27:30+00:00,,unmanaged_no_file_entity,True,2018-04-11 06:27:30,False,False,True
inbody:f4834f21516554f55805f435512f72fe3de5b329,inbody,page,64b3242e-5578-4ff5-acd9-f9aaa1377ecf,Announcements,Tender_no_24_for_lifts_V1.pdf,https://teriin.org/sites/default/files/files/Tender_no_24_for_lifts_V1.pdf,Downloaded,2018-04-11T06:27:30+00:00,,unmanaged_no_file_entity,True,2018-04-11 06:27:30,False,False,True
inbody:b68201d09d75164bc3234eb721b45bb26bd37ca3,inbody,page,64b3242e-5578-4ff5-acd9-f9aaa1377ecf,Announcements,Tender_No_23_Pond_Refurbishment_Project.pdf,https://teriin.org/sites/default/files/files/Tender_No_23_Pond_Refurbishment_Project.pdf,Downloaded,2018-04-11T06:27:30+00:00,,unmanaged_no_file_entity,True,2018-04-11 06:27:30,False,False,True
inbody:8a67cfc5dc651be5a672ecab74c91918e9dfdc03,inbody,page,64b3242e-5578-4ff5-acd9-f9aaa1377ecf,Announcements,Tender_No_22 _Project_TERI_2024_December_Tender_Renewables_V4.pdf,https://teriin.org/sites/default/files/files/Tender_No_22 _Project_TERI_2024_December_Tender_Renewables_V4.pdf,Downloaded,2018-04-11T06:27:30+00:00,,unmanaged_no_file_entity,True,2018-04-11 06:27:30,True,False,True
inbody:5c5563529671c64ca4691f2a34db8c0f027fe98e,inbody,page,64b3242e-5578-4ff5-acd9-f9aaa1377ecf,Announcements,Tender_no_21_for_Green_shed_at_Guyana_28112024.pdf,https://teriin.org/sites/default/files/files/Tender_no_21_for_Green_shed_at_Guyana_28112024.pdf,Downloaded,2018-04-11T06:27:30+00:00,,unmanaged_no_file_entity,True,2018-04-11 06:27:30,False,False,True
inbody:69f8f66e91910f7a0da671647d7a522ea676d3c0,inbody,page,64b3242e-5578-4ff5-acd9-f9aaa1377ecf,Announcements,Tender_No_20_CG_Global_Project_TERI_2024_September_Tender.pdf,https://teriin.org/sites/default/files/files/Tender_No_20_CG_Global_Project_TERI_2024_September_Tender.pdf,Downloaded,2018-04-11T06:27:30+00:00,,unmanaged_no_file_entity,True,2018-04-11 06:27:30,True,False,True
inbody:fa952485e017d97c69daf370131088892e3d0654,inbody,page,64b3242e-5578-4ff5-acd9-f9aaa1377ecf,Announcements,Tender_no_19.pdf,https://teriin.org/sites/default/files/files/Tender_no_19.pdf,Downloaded,2018-04-11T06:27:30+00:00,,unmanaged_no_file_entity,True,2018-04-11 06:27:30,False,False,True
inbody:92c01a3a93e40f19cefa06e29b12d16019d099b9,inbody,page,64b3242e-5578-4ff5-acd9-f9aaa1377ecf,Announcements,Tender_no_18_for_GO.pdf,https://teriin.org/sites/default/files/files/Tender_no_18_for_GO.pdf,Downloaded,2018-04-11T06:27:30+00:00,,unmanaged_no_file_entity,True,2018-04-11 06:27:30,False,False,True
inbody:08326806b503bfb3a6b17f0494a92b49d8a002ce,inbody,page,64b3242e-5578-4ff5-acd9-f9aaa1377ecf,Announcements,Tender_no_17_for_autoclave_100_liter_capacity.pdf,https://teriin.org/sites/default/files/files/Tender_no_17_for_autoclave_100_liter_capacity.pdf,Downloaded,2018-04-11T06:27:30+00:00,,unmanaged_no_file_entity,True,2018-04-11 06:27:30,False,False,True
inbody:38acefe3d61883d1c5531d4a2cc0b813ddc3d725,inbody,page,64b3242e-5578-4ff5-acd9-f9aaa1377ecf,Announcements,Tender_no_16_for_AHU_at_Guyana_Revised_SSS.pdf,https://teriin.org/sites/default/files/files/Tender_no_16_for_AHU_at_Guyana_Revised_SSS.pdf,Downloaded,2018-04-11T06:27:30+00:00,,unmanaged_no_file_entity,True,2018-04-11 06:27:30,False,False,True
inbody:4d1a19c6b373b03cbcbe92f612c02f8cba3281e7,inbody,page,64b3242e-5578-4ff5-acd9-f9aaa1377ecf,Announcements,Corrigendum_2_for_Tender_no_15.pdf,https://teriin.org/sites/default/files/files/Corrigendum_2_for_Tender_no_15.pdf,Corrigendum 2,2018-04-11T06:27:30+00:00,,unmanaged_no_file_entity,True,2018-04-11 06:27:30,False,False,True
inbody:4444903be6eae00b447135128fbcda3e508d6f5b,inbody,page,64b3242e-5578-4ff5-acd9-f9aaa1377ecf,Announcements,Tender-no-15-request-For-Quotation.pdf,https://teriin.org/sites/default/files/files/Tender-no-15-request-For-Quotation.pdf,Downloaded,2018-04-11T06:27:30+00:00,,unmanaged_no_file_entity,True,2018-04-11 06:27:30,False,False,True
inbody:efa374b4201849f0ebef9aa8c0d83d4e72cf0d92,inbody,page,64b3242e-5578-4ff5-acd9-f9aaa1377ecf,Announcements,FAQ_Tender-No_15.pdf,https://teriin.org/sites/default/files/files/FAQ_Tender-No_15.pdf,FAQ,2018-04-11T06:27:30+00:00,,unmanaged_no_file_entity,True,2018-04-11 06:27:30,False,False,True
inbody:dd6195eefec7c6f74f0c3696b91c3c9b964d7b5e,inbody,page,64b3242e-5578-4ff5-acd9-f9aaa1377ecf,Announcements,Tender_no_7_final_SoW_Video.pdf,https://teriin.org/sites/default/files/files/Tender_no_7_final_SoW_Video.pdf,Downloaded,2018-04-11T06:27:30+00:00,,unmanaged_no_file_entity,True,2018-04-11 06:27:30,False,False,True
inbody:1b35cbec29e32280be951d50d8e28bb767646b6b,inbody,page,64b3242e-5578-4ff5-acd9-f9aaa1377ecf,Announcements,RFQ_WSDS_2024_New.pdf,https://teriin.org/sites/default/files/files/RFQ_WSDS_2024_New.pdf,Downloaded,2018-04-11T06:27:30+00:00,,unmanaged_no_file_entity,True,2018-04-11 06:27:30,True,False,True
inbody:0da048b77cd54df511da977d641a4d40de84cb4b,inbody,page,64b3242e-5578-4ff5-acd9-f9aaa1377ecf,Announcements,Tender_no_6_for_gas_and_water_flow_meter.pdf,https://teriin.org/sites/default/files/files/Tender_no_6_for_gas_and_water_flow_meter.pdf,procurement for the complete set of Skid,2018-04-11T06:27:30+00:00,,unmanaged_no_file_entity,True,2018-04-11 06:27:30,False,False,True
inbody:ad037e80b6e1f9db7774f211c22e77d57f8733f2,inbody,page,64b3242e-5578-4ff5-acd9-f9aaa1377ecf,Announcements,Tender_no_5_for_HP_Laptops_V2.pdf,https://teriin.org/sites/default/files/files/Tender_no_5_for_HP_Laptops_V2.pdf,procurement of 100 number HP laptops,2018-04-11T06:27:30+00:00,,unmanaged_no_file_entity,True,2018-04-11 06:27:30,False,False,True
inbody:18076d35ff5b7fc5f536e077c25693d704709440,inbody,page,64b3242e-5578-4ff5-acd9-f9aaa1377ecf,Announcements,Green-Port-Shipping-TENDER-Updated.pdf,https://teriin.org/sites/default/files/files/Green-Port-Shipping-TENDER-Updated.pdf,Green Port Shipping TENDER,2018-04-11T06:27:30+00:00,,unmanaged_no_file_entity,True,2018-04-11 06:27:30,False,False,True
inbody:ec3d2a004f71a932e06220d140ca5a7b2393fb60,inbody,page,64b3242e-5578-4ff5-acd9-f9aaa1377ecf,Announcements,BESS_Financing_Term_Sheet_DRAFT.pdf,https://teriin.org/sites/default/files/files/BESS_Financing_Term_Sheet_DRAFT.pdf,BESS Financing Term Sheet DRAFT,2018-04-11T06:27:30+00:00,,unmanaged_no_file_entity,True,2018-04-11 06:27:30,False,False,True
inbody:a2090716c021f07c91cc79689e24a6cfa7106c6e,inbody,page,64b3242e-5578-4ff5-acd9-f9aaa1377ecf,Announcements,Bidders_queries_response_V1.pdf,https://teriin.org/sites/default/files/files/Bidders_queries_response_V1.pdf,Bidders Queries Response,2018-04-11T06:27:30+00:00,,unmanaged_no_file_entity,True,2018-04-11 06:27:30,False,False,True
inbody:67f84a0b6b5047db4728bea1335755cbc7c3cd25,inbody,page,64b3242e-5578-4ff5-acd9-f9aaa1377ecf,Announcements,Bidders_queries_response_2.pdf,https://teriin.org/sites/default/files/files/Bidders_queries_response_2.pdf,Bidders queries Response No. 2,2018-04-11T06:27:30+00:00,,unmanaged_no_file_entity,True,2018-04-11 06:27:30,False,False,True
inbody:f5edc41ecf755ece80334f884aa2c734fe272a18,inbody,page,64b3242e-5578-4ff5-acd9-f9aaa1377ecf,Announcements,Bidder_Queries_response_3.pdf,https://teriin.org/sites/default/files/files/Bidder_Queries_response_3.pdf,Bidders queries Response No. 3,2018-04-11T06:27:30+00:00,,unmanaged_no_file_entity,True,2018-04-11 06:27:30,False,False,True
inbody:c8a991d24d3a9e0d70055f9e0fad0cff0ce22d5b,inbody,page,64b3242e-5578-4ff5-acd9-f9aaa1377ecf,Announcements,Kilokari_Grid_Layout.pdf,https://teriin.org/sites/default/files/files/Kilokari_Grid_Layout.pdf,Kilokari Grid Layout,2018-04-11T06:27:30+00:00,,unmanaged_no_file_entity,True,2018-04-11 06:27:30,False,False,True
inbody:e17c281585e9865e44e3b1f999ff8205f1ad0000,inbody,page,64b3242e-5578-4ff5-acd9-f9aaa1377ecf,Announcements,Corrigendum_No_1_New.pdf,https://teriin.org/sites/default/files/files/Corrigendum_No_1_New.pdf,Corrigendum no 1,2018-04-11T06:27:30+00:00,,unmanaged_no_file_entity,True,2018-04-11 06:27:30,False,False,True
inbody:0df3f8c9b3d373eb538b9c929946e32b3e799219,inbody,page,64b3242e-5578-4ff5-acd9-f9aaa1377ecf,Announcements,Corrigendum_No_2.pdf,https://teriin.org/sites/default/files/files/Corrigendum_No_2.pdf,Corrigendum no 2,2018-04-11T06:27:30+00:00,,unmanaged_no_file_entity,True,2018-04-11 06:27:30,False,False,True
inbody:7fd5b2852c5ba47177a421ab867cc5eb9c46a300,inbody,page,64b3242e-5578-4ff5-acd9-f9aaa1377ecf,Announcements,Corrigendum_No_3.pdf,https://teriin.org/sites/default/files/files/Corrigendum_No_3.pdf,Corrigendum no 3,2018-04-11T06:27:30+00:00,,unmanaged_no_file_entity,True,2018-04-11 06:27:30,False,False,True
inbody:f31742a185b8fced4b2915875b5ebc3c1dfead00,inbody,page,64b3242e-5578-4ff5-acd9-f9aaa1377ecf,Announcements,Corrigendum_No_4.1.pdf,https://teriin.org/sites/default/files/files/Corrigendum_No_4.1.pdf,Corrigendum No 4,2018-04-11T06:27:30+00:00,,unmanaged_no_file_entity,True,2018-04-11 06:27:30,False,False,True
inbody:1704f16dca78b95fbba0aed96171be56c2365054,inbody,page,64b3242e-5578-4ff5-acd9-f9aaa1377ecf,Announcements,Corrigendum_No_5_New.pdf,https://teriin.org/sites/default/files/files/Corrigendum_No_5_New.pdf,Corrigendum No 5,2018-04-11T06:27:30+00:00,,unmanaged_no_file_entity,True,2018-04-11 06:27:30,False,False,True
inbody:ee18bde34f286f4473b580268bd6a9a9a4eced2e,inbody,page,64b3242e-5578-4ff5-acd9-f9aaa1377ecf,Announcements,Vol_1_Sow_and_technical_specs_updated.pdf,https://teriin.org/sites/default/files/files/Vol_1_Sow_and_technical_specs_updated.pdf,Vol-1- Sow and technical specs,2018-04-11T06:27:30+00:00,,unmanaged_no_file_entity,True,2018-04-11 06:27:30,False,False,True
inbody:a3b50540587084e6919281cf2a9d70b8b9781e6e,inbody,page,64b3242e-5578-4ff5-acd9-f9aaa1377ecf,Announcements,Vol_2_Instructions_to_bidders.pdf,https://teriin.org/sites/default/files/files/Vol_2_Instructions_to_bidders.pdf,Vol-2- Instructions to bidders,2018-04-11T06:27:30+00:00,,unmanaged_no_file_entity,True,2018-04-11 06:27:30,False,False,True
inbody:48e2f43cf233c36ee2907fc1d26faebd977f4af0,inbody,page,64b3242e-5578-4ff5-acd9-f9aaa1377ecf,Announcements,Vol_3_Conditions_of_contract.pdf,https://teriin.org/sites/default/files/files/Vol_3_Conditions_of_contract.pdf,Vol-3- Conditions of contract,2018-04-11T06:27:30+00:00,,unmanaged_no_file_entity,True,2018-04-11 06:27:30,False,False,True
inbody:110d8c5ef4f6e3d97e6b451da124cee8c8df6d0f,inbody,page,64b3242e-5578-4ff5-acd9-f9aaa1377ecf,Announcements,33kV_KILOKARI_GRID_SLD.pdf,https://teriin.org/sites/default/files/files/33kV_KILOKARI_GRID_SLD.pdf,33kV KILOKARI GRID SLD,2018-04-11T06:27:30+00:00,,unmanaged_no_file_entity,True,2018-04-11 06:27:30,False,False,True
inbody:89479b8cf68e61e03b7e80dd116d33c17e1746a1,inbody,page,64b3242e-5578-4ff5-acd9-f9aaa1377ecf,Announcements,Tendering-note-for-shed-construction.pdf,https://teriin.org/sites/default/files/files/Tendering-note-for-shed-construction.pdf,Download,2018-04-11T06:27:30+00:00,,unmanaged_no_file_entity,True,2018-04-11 06:27:30,False,False,True
inbody:b3b4af7bfbf9baea33bf1499d8edb4da5f43a269,inbody,page,64b3242e-5578-4ff5-acd9-f9aaa1377ecf,Announcements,Tender_NAM_Project_TERI_2023_August_Tender_no_013_new.pdf,https://teriin.org/sites/default/files/files/Tender_NAM_Project_TERI_2023_August_Tender_no_013_new.pdf,Download,2018-04-11T06:27:30+00:00,,unmanaged_no_file_entity,True,2018-04-11 06:27:30,True,False,True
inbody:27f49468bfc5c4329321c3d509b6f5788667bada,inbody,page,64b3242e-5578-4ff5-acd9-f9aaa1377ecf,Announcements,Tender_No_12_final.pdf,https://teriin.org/sites/default/files/files/Tender_No_12_final.pdf,Download,2018-04-11T06:27:30+00:00,,unmanaged_no_file_entity,True,2018-04-11 06:27:30,False,False,True
inbody:9048c30ef69ef564d28b6a0d311675e1ba750bf9,inbody,page,64b3242e-5578-4ff5-acd9-f9aaa1377ecf,Announcements,Corrigendum_updted.pdf,https://teriin.org/sites/default/files/files/Corrigendum_updted.pdf,Download,2018-04-11T06:27:30+00:00,,unmanaged_no_file_entity,True,2018-04-11 06:27:30,False,False,True
,inbody,page,64b3242e-5578-4ff5-acd9-f9aaa1377ecf,Announcements,Tendering_note_for_biogas_plant_construction.pdf,https://www.teriin.org/sites/default/files/files/Tendering_note_for_biogas_plant_construction.pdf,Download,2018-04-11T06:27:30+00:00,,unmanaged_no_file_entity,False,,False,False,True
inbody:0eaf99b2ff643a4eabf148a8db49b8b0ded7f6ad,inbody,page,64b3242e-5578-4ff5-acd9-f9aaa1377ecf,Announcements,Tender_Document_Brassware_final.pdf,https://www.teriin.org/sites/default/files/files/Tender_Document_Brassware_final.pdf,Download,2018-04-11T06:27:30+00:00,,unmanaged_no_file_entity,True,2018-04-11 06:27:30,False,False,True
inbody:683ba305ecd4812e8fd495107b897f77363f03eb,inbody,page,64b3242e-5578-4ff5-acd9-f9aaa1377ecf,Announcements,Corrigendum_3.pdf,https://www.teriin.org/sites/default/files/files/Corrigendum_3.pdf,Download,2018-04-11T06:27:30+00:00,,unmanaged_no_file_entity,True,2018-04-11 06:27:30,False,False,True
inbody:1a03df41f9e3d2847d809d5d742e0ab2c9ccf176,inbody,page,64b3242e-5578-4ff5-acd9-f9aaa1377ecf,Announcements,IT_Consultant_Agnecy.pdf,https://www.teriin.org/sites/default/files/files/IT_Consultant_Agnecy.pdf,Download,2018-04-11T06:27:30+00:00,,unmanaged_no_file_entity,True,2018-04-11 06:27:30,False,False,True
inbody:6e58bfef24c6f5ba94e2c33630d6cac70cfc0c3e,inbody,page,64b3242e-5578-4ff5-acd9-f9aaa1377ecf,Announcements,Corrigendum_2.pdf,https://www.teriin.org/sites/default/files/files/Corrigendum_2.pdf,Download,2018-04-11T06:27:30+00:00,,unmanaged_no_file_entity,True,2018-04-11 06:27:30,False,False,True
inbody:8b823bc6c69bf3b9971be0cc2145046c78643ef0,inbody,page,64b3242e-5578-4ff5-acd9-f9aaa1377ecf,Announcements,Corrigendum_No_1_latest.pdf,https://www.teriin.org/sites/default/files/files/Corrigendum_No_1_latest.pdf,Download,2018-04-11T06:27:30+00:00,,unmanaged_no_file_entity,True,2018-04-11 06:27:30,False,False,True
inbody:e3b62b44cf9c2f6f26426a5b780a0d9e665f3bbd,inbody,page,64b3242e-5578-4ff5-acd9-f9aaa1377ecf,Announcements,Tender_Document_09_Toy_cluster.pdf,https://www.teriin.org/sites/default/files/files/Tender_Document_09_Toy_cluster.pdf,Download,2018-04-11T06:27:30+00:00,,unmanaged_no_file_entity,True,2018-04-11 06:27:30,False,False,True
,inbody,page,64b3242e-5578-4ff5-acd9-f9aaa1377ecf,Announcements,Tender_SPMCIL_TERI_India.pdf,sites/default/files/files/Tender_SPMCIL_TERI_India.pdf,Download,2018-04-11T06:27:30+00:00,,external_host,False,,False,False,False
,inbody,page,64b3242e-5578-4ff5-acd9-f9aaa1377ecf,Announcements,Tender%20Document270123.pdf,sites/default/files/files/Tender%20Document270123.pdf,Download,2018-04-11T06:27:30+00:00,,external_host,False,,False,False,False
,inbody,page,64b3242e-5578-4ff5-acd9-f9aaa1377ecf,Announcements,Corrigendum_No_1.pdf,sites/default/files/files/Corrigendum_No_1.pdf,Corrigendum No 1,2018-04-11T06:27:30+00:00,,external_host,False,,False,False,False
,inbody,page,64b3242e-5578-4ff5-acd9-f9aaa1377ecf,Announcements,Tender_Document_1.pdf,sites/default/files/files/Tender_Document_1.pdf,Download,2018-04-11T06:27:30+00:00,,external_host,False,,False,False,False
,inbody,page,64b3242e-5578-4ff5-acd9-f9aaa1377ecf,Announcements,Clean_Air_Action_Project_Guidelines.pdf,sites/default/files/files/Clean_Air_Action_Project_Guidelines.pdf,Download,2018-04-11T06:27:30+00:00,,external_host,False,,False,False,False
,inbody,page,64b3242e-5578-4ff5-acd9-f9aaa1377ecf,Announcements,RFQ-WSDS-2023-updated.pdf,sites/default/files/files/RFQ-WSDS-2023-updated.pdf,Download,2018-04-11T06:27:30+00:00,,external_host,False,,True,False,False
,inbody,page,b48f22b0-bc83-4340-b0c7-67a8a7051366,More at TERI CBS,Planned_Engagements_with_Council_Members_in_FY_20-21.pdf,sites/default/files/files/Planned_Engagements_with_Council_Members_in_FY_20-21.pdf,Planned Engagements with Council Members in FY 2020-21,2018-11-30T06:39:20+00:00,,external_host,False,,False,True,False
,inbody,page,b48f22b0-bc83-4340-b0c7-67a8a7051366,More at TERI CBS,half-yearly-report-teri-cbs-19-20.pdf,sites/default/files/files/half-yearly-report-teri-cbs-19-20.pdf,Half Yearly Report of TERI CBS FY 19-20,2018-11-30T06:39:20+00:00,,external_host,False,,False,False,False
,inbody,page,b48f22b0-bc83-4340-b0c7-67a8a7051366,More at TERI CBS,annual-report-teri-cbs-18-19.pdf,sites/default/files/files/annual-report-teri-cbs-18-19.pdf,Annual Report of TERI CBS FY 18-19,2018-11-30T06:39:20+00:00,,external_host,False,,False,False,False
inbody:dbcc7b8f2805aefb0b6aff86fca54e22f7850891,inbody,page,1f4374aa-9dc1-4ae7-af8e-9b17be18f495,Electricity Transition,Low_Carbon_Pathways_Final_Report.pdf,https://teriin.org/sites/default/files/files/Low_Carbon_Pathways_Final_Report.pdf,Read more,2019-10-11T09:16:21+00:00,,unmanaged_no_file_entity,True,2019-10-11 09:16:21,False,False,True
inbody:15c97f8ace18c5c030a8a76364403f4121b6cfa8,inbody,page,1f4374aa-9dc1-4ae7-af8e-9b17be18f495,Electricity Transition,Exploring%20Electricity%20Supply-Mix%20Scenarios%20to%202030.pdf,https://www.teriin.org/sites/default/files/2019-02/Exploring%20Electricity%20Supply-Mix%20Scenarios%20to%202030.pdf,,2019-10-11T09:16:21+00:00,2019-02,managed_path_month,True,2019-10-11 09:16:21,False,False,True
inbody:7927c8456b4bac479a32384e31739da0d2810266,inbody,page,1f4374aa-9dc1-4ae7-af8e-9b17be18f495,Electricity Transition,Analysing%20and%20Projecting%20Indian%20Electricity%20Demand%20to%202030.pdf,https://www.teriin.org/sites/default/files/2019-02/Analysing%20and%20Projecting%20Indian%20Electricity%20Demand%20to%202030.pdf,,2019-10-11T09:16:21+00:00,2019-02,managed_path_month,True,2019-10-11 09:16:21,False,False,True
inbody:39199a60cab15879a3220a35a05dbc47597faa29,inbody,page,1f4374aa-9dc1-4ae7-af8e-9b17be18f495,Electricity Transition,Developing%20a%20roadmap%20to%20a%20flexible-low%E2%80%90carbon%20Indian%20electricity%20system.pdf,https://www.teriin.org/sites/default/files/2019-02/Developing%20a%20roadmap%20to%20a%20flexible-low%E2%80%90carbon%20Indian%20electricity%20system.pdf,,2019-10-11T09:16:21+00:00,2019-02,managed_path_month,True,2019-10-11 09:16:21,False,False,True
inbody:4444926765b8915bb3b852f0405382f5d213d8bb,inbody,page,1f4374aa-9dc1-4ae7-af8e-9b17be18f495,Electricity Transition,Transitions-in-Indian-Electricity-Sector_Report.pdf,https://www.teriin.org/files/transition-report/files/downloads/Transitions-in-Indian-Electricity-Sector_Report.pdf,Read more,2019-10-11T09:16:21+00:00,,unmanaged_no_file_entity,True,2019-10-11 09:16:21,False,False,True
inbody:16a0c7bc8bfc4f4952e58fa9b1f779ea42ebc5f4,inbody,page,9c8cbdc4-109a-456c-9f4a-2ffd91e7f14c,CEOs for the Future: 8 Priority Business Actions for a Green Recovery,ceos-future-report.pdf,https://www.teriin.org/sites/default/files/files/ceos-future-report.pdf,Click here,2020-08-27T04:53:10+00:00,,unmanaged_no_file_entity,True,2020-08-27 04:53:10,False,False,True
inbody:72fd0215287b3a2ea9e8e02b1c73c37f2254a887,inbody,page,4bf09b06-a4dc-4daa-bb80-45fdbea9d4b9,Industry Charter for Near Zero Emission Ambition by 2050,hindalco-decarbonization-efforts.pdf,https://www.teriin.org/sites/default/files/files/hindalco-decarbonization-efforts.pdf,Read more,2020-09-23T12:25:25+00:00,,unmanaged_no_file_entity,True,2020-09-23 12:25:25,False,False,True
inbody:3857ba9fe9885a4c20de394fd0e4f3f7f5c8745a,inbody,page,4bf09b06-a4dc-4daa-bb80-45fdbea9d4b9,Industry Charter for Near Zero Emission Ambition by 2050,TCE-decarbonization-efforts.pdf,https://www.teriin.org/sites/default/files/files/TCE-decarbonization-efforts.pdf,Read more,2020-09-23T12:25:25+00:00,,unmanaged_no_file_entity,True,2020-09-23 12:25:25,False,False,True
inbody:8b60262797bab771c5953b9ecd40fadda205ab4f,inbody,page,4bf09b06-a4dc-4daa-bb80-45fdbea9d4b9,Industry Charter for Near Zero Emission Ambition by 2050,siemens-decarbonisation-efforts.pdf,https://www.teriin.org/sites/default/files/files/siemens-decarbonisation-efforts.pdf,Read more,2020-09-23T12:25:25+00:00,,unmanaged_no_file_entity,True,2020-09-23 12:25:25,False,False,True
inbody:d80c1bdef3f943e9b6acc600416b5f625a663c3d,inbody,page,4bf09b06-a4dc-4daa-bb80-45fdbea9d4b9,Industry Charter for Near Zero Emission Ambition by 2050,dalmia-bharat-climate-actions.pdf,https://www.teriin.org/sites/default/files/files/dalmia-bharat-climate-actions.pdf,Read more,2020-09-23T12:25:25+00:00,,unmanaged_no_file_entity,True,2020-09-23 12:25:25,False,False,True
inbody:54d7c059a9c49971175c85b4b2a9453057bfa075,inbody,page,4bf09b06-a4dc-4daa-bb80-45fdbea9d4b9,Industry Charter for Near Zero Emission Ambition by 2050,near-zero-document_2020.pdf,https://www.teriin.org/sites/default/files/files/near-zero-document_2020.pdf,Industry Charter for Near Zero Emissions Ambition by 2050,2020-09-23T12:25:25+00:00,,unmanaged_no_file_entity,True,2025-05-20 06:39:04,True,False,True
,inbody,page,e1b33545-8a85-4250-8c5d-b49ef0b073b5,Announcements Archive,RG7MnUrm.pdf,http://davpgcollege.in/news/RG7MnUrm.pdf,http://davpgcollege.in/news/RG7MnUrm.pdf,2021-03-05T05:16:59+00:00,,external_host,False,,False,False,False
,inbody,page,e1b33545-8a85-4250-8c5d-b49ef0b073b5,Announcements Archive,wash-infra-tender.pdf,sites/default/files/files/wash-infra-tender.pdf,Download,2021-03-05T05:16:59+00:00,,external_host,False,,False,False,False
,inbody,page,e1b33545-8a85-4250-8c5d-b49ef0b073b5,Announcements Archive,corrigendum-wash.pdf,sites/default/files/files/corrigendum-wash.pdf,Corrigendum,2021-03-05T05:16:59+00:00,,external_host,False,,False,False,False
,inbody,page,e1b33545-8a85-4250-8c5d-b49ef0b073b5,Announcements Archive,tender-document-hybrid-solar-charging-unit.pdf,sites/default/files/files/tender-document-hybrid-solar-charging-unit.pdf,Download,2021-03-05T05:16:59+00:00,,external_host,False,,False,False,False
,inbody,page,e1b33545-8a85-4250-8c5d-b49ef0b073b5,Announcements Archive,eoi-ismart.pdf,sites/default/files/files/eoi-ismart.pdf,EOI ISMART Download,2021-03-05T05:16:59+00:00,,external_host,False,,False,False,False
,inbody,page,e1b33545-8a85-4250-8c5d-b49ef0b073b5,Announcements Archive,eoi-ismart-addendum.pdf,sites/default/files/files/eoi-ismart-addendum.pdf,Addendum,2021-03-05T05:16:59+00:00,,external_host,False,,False,False,False
,inbody,page,e1b33545-8a85-4250-8c5d-b49ef0b073b5,Announcements Archive,tender-notice-bess.pdf,sites/default/files/files/tender-notice-bess.pdf,Tender document,2021-03-05T05:16:59+00:00,,external_host,False,,False,False,False
,inbody,page,e1b33545-8a85-4250-8c5d-b49ef0b073b5,Announcements Archive,site-visit-schedule-bses_u.pdf,sites/default/files/files/site-visit-schedule-bses_u.pdf,Schedule for site visits,2021-03-05T05:16:59+00:00,,external_host,False,,False,False,False
,inbody,page,e1b33545-8a85-4250-8c5d-b49ef0b073b5,Announcements Archive,Tender_Consortium_Agreement.pdf,sites/default/files/files/Tender_Consortium_Agreement.pdf,Tender Consortium Agreement,2021-03-05T05:16:59+00:00,,external_host,False,,False,False,False
,inbody,page,e1b33545-8a85-4250-8c5d-b49ef0b073b5,Announcements Archive,corrigendum-BESS.pdf,sites/default/files/files/corrigendum-BESS.pdf,Corrigendum No. 1,2021-03-05T05:16:59+00:00,,external_host,False,,False,False,False
,inbody,page,e1b33545-8a85-4250-8c5d-b49ef0b073b5,Announcements Archive,Corrigendum_2_BESS_10012020.pdf,sites/default/files/files/Corrigendum_2_BESS_10012020.pdf,Corrigendum No. 2,2021-03-05T05:16:59+00:00,,external_host,False,,False,False,False
,inbody,page,e1b33545-8a85-4250-8c5d-b49ef0b073b5,Announcements Archive,corrigendum3-new-BESS-14012020.pdf,sites/default/files/files/corrigendum3-new-BESS-14012020.pdf,Corrigendum No. 3,2021-03-05T05:16:59+00:00,,external_host,False,,False,False,False
,inbody,page,e1b33545-8a85-4250-8c5d-b49ef0b073b5,Announcements Archive,corrigendum4-BESS-14012020.pdf,sites/default/files/files/corrigendum4-BESS-14012020.pdf,Corrigendum No. 4,2021-03-05T05:16:59+00:00,,external_host,False,,False,False,False
inbody:5b5d45d324dda78dd9105d5b44121b0e99afc85e,inbody,page,e1b33545-8a85-4250-8c5d-b49ef0b073b5,Announcements Archive,DTD-RNA_Flyer.pdf,https://www.teriin.org/sites/default/files/files/DTD-RNA_Flyer.pdf,DTD-RNA,2021-03-05T05:16:59+00:00,,unmanaged_no_file_entity,True,2021-03-05 05:16:59,False,False,True
inbody:3c9523b106689340845300ef8ae14a0ae40cca34,inbody,page,e1b33545-8a85-4250-8c5d-b49ef0b073b5,Announcements Archive,IEA_C3E_fellowship-info.pdf,https://www.teriin.org/sites/default/files/files/IEA_C3E_fellowship-info.pdf,click here,2021-03-05T05:16:59+00:00,,unmanaged_no_file_entity,True,2021-03-05 05:16:59,False,False,True
,inbody,page,e1b33545-8a85-4250-8c5d-b49ef0b073b5,Announcements Archive,algal-photobioeactor-tender.pdf,sites/default/files/files/algal-photobioeactor-tender.pdf,Download,2021-03-05T05:16:59+00:00,,external_host,False,,False,False,False
,inbody,page,e1b33545-8a85-4250-8c5d-b49ef0b073b5,Announcements Archive,tender-notice-rejuvenation-of-pond.pdf,sites/default/files/files/tender-notice-rejuvenation-of-pond.pdf,Download,2021-03-05T05:16:59+00:00,,external_host,False,,False,False,False
inbody:d493d90cd151914b017a34cb910c6291cc120de1,inbody,page,874fc35b-a477-4090-aef2-c0ed050d5d79,Newsletters and Resources - Sustainable Buildings,April-June2020_SB_NL.pdf,https://newsletters.teriin.org/Images/teri_web_updates/nov21/April-June2020_SB_NL.pdf,April-June,2021-11-11T11:16:57+00:00,,unmanaged_no_file_entity,True,2021-11-11 11:16:57,True,False,True
inbody:5333759ad3f495c7faa2aa46e2365bbd5a52c275,inbody,page,874fc35b-a477-4090-aef2-c0ed050d5d79,Newsletters and Resources - Sustainable Buildings,mtcoe-brochure.pdf,http://newsletters.teriin.org/Images/teri_web_updates/nov21/mtcoe-brochure.pdf,Sustainable Buildings Brochure,2021-11-11T11:16:57+00:00,,unmanaged_no_file_entity,True,2021-11-11 11:16:57,False,False,True
inbody:2bab9c69f8444a4626516fda5ee4be799f2f57f4,inbody,page,874fc35b-a477-4090-aef2-c0ed050d5d79,Newsletters and Resources - Sustainable Buildings,teri_sb-brochure.pdf,http://newsletters.teriin.org/Images/teri_web_updates/nov21/teri_sb-brochure.pdf,,2021-11-11T11:16:57+00:00,,unmanaged_no_file_entity,True,2021-11-11 11:16:57,False,False,True
inbody:b1dd47f860d10fc8938db04dac1d0569b882479a,inbody,page,2354fdfc-8424-4ce8-a403-ebb2469f7a0a,Explainer: How environmental degradation mars health and nutrition,Factsheet.pdf,https://www.teriin.org/sites/default/files/2021-10/Factsheet.pdf,Factsheet,2022-01-04T06:10:50+00:00,2021-10,managed_path_month,True,2022-01-04 06:10:50,False,False,True
inbody:592d62f0caf7f60e30fa75827f22d01ee7ffadad,inbody,page,db669bde-858c-478b-9751-fb148d2ecfb4,Annual Reports,TERI-Annual-Report-2024-25.pdf,https://teriin.org/files/TERI-Annual-Report-2024-25.pdf,Annual Report 2024-2025,2022-02-09T06:59:06+00:00,,unmanaged_no_file_entity,True,2022-02-09 06:59:06,True,True,True
inbody:2eb436aee7cb76fecc32efd5b9fc720207d947ce,inbody,page,db669bde-858c-478b-9751-fb148d2ecfb4,Annual Reports,TERI-Annual-Report-2023-24.pdf,https://teriin.org/files/TERI-Annual-Report-2023-24.pdf,Annual Report 2023-2024,2022-02-09T06:59:06+00:00,,unmanaged_no_file_entity,True,2022-02-09 06:59:06,True,True,True
inbody:778fda99d1f94ceb10b1f042b8efe24c3d9f3ffd,inbody,page,db669bde-858c-478b-9751-fb148d2ecfb4,Annual Reports,TERI_Annual_Report_2022_23.pdf,https://www.teriin.org/sites/default/files/files/TERI_Annual_Report_2022_23.pdf,Annual Report 2022-2023,2022-02-09T06:59:06+00:00,,unmanaged_no_file_entity,True,2022-02-09 06:59:06,True,True,True
inbody:0e0407abe9359f9f2848c2d0999c513ec6df37b2,inbody,page,db669bde-858c-478b-9751-fb148d2ecfb4,Annual Reports,TERI_Annual_Report_upload.pdf,https://www.teriin.org/sites/default/files/files/TERI_Annual_Report_upload.pdf,Annual Report 2021-2022,2022-02-09T06:59:06+00:00,,unmanaged_no_file_entity,True,2022-02-09 06:59:06,False,True,True
inbody:e26fab8fb61bebe3b6bc1106c4fcf92e2540baef,inbody,page,db669bde-858c-478b-9751-fb148d2ecfb4,Annual Reports,Annual-Report-20-21.pdf,https://www.teriin.org/sites/default/files/files/Annual-Report-20-21.pdf,Annual Report 2020-2021,2022-02-09T06:59:06+00:00,,unmanaged_no_file_entity,True,2022-02-09 06:59:06,False,True,True
inbody:2f79888787b93d02d6168a42ba5e62cebbf7d47a,inbody,page,db669bde-858c-478b-9751-fb148d2ecfb4,Annual Reports,Annual-Report-19-20.pdf,https://www.teriin.org/sites/default/files/files/Annual-Report-19-20.pdf,Annual Report 2019-2020,2022-02-09T06:59:06+00:00,,unmanaged_no_file_entity,True,2022-02-09 06:59:06,False,True,True
inbody:fd1a49f6805d558d4ebbcf2a46dbe74a67077e00,inbody,page,db669bde-858c-478b-9751-fb148d2ecfb4,Annual Reports,TAR_2018-19.pdf,https://www.teriin.org/sites/default/files/files/TAR_2018-19.pdf,Annual Report 2018-2019,2022-02-09T06:59:06+00:00,,unmanaged_no_file_entity,True,2022-02-09 06:59:06,True,True,True
inbody:0e41da3dbea8c5135d3a22191ed94b72670c9afc,inbody,page,db669bde-858c-478b-9751-fb148d2ecfb4,Annual Reports,TAR_2017-18.pdf,https://www.teriin.org/sites/default/files/files/TAR_2017-18.pdf,Annual Report 2017-2018,2022-02-09T06:59:06+00:00,,unmanaged_no_file_entity,True,2022-02-09 06:59:06,True,True,True
inbody:9c7a00cf9c9f542c87722e0d8c59864698d4e30f,inbody,page,db669bde-858c-478b-9751-fb148d2ecfb4,Annual Reports,TAR_2016-17.pdf,https://www.teriin.org/sites/default/files/files/TAR_2016-17.pdf,Annual Report 2016-2017,2022-02-09T06:59:06+00:00,,unmanaged_no_file_entity,True,2022-02-09 06:59:06,True,True,True
inbody:8dbfb4199b20d0327e1372463eac4516ac9ca555,inbody,page,db669bde-858c-478b-9751-fb148d2ecfb4,Annual Reports,TAR_2015-16.pdf,https://www.teriin.org/sites/default/files/files/TAR_2015-16.pdf,Annual Report 2015-2016,2022-02-09T06:59:06+00:00,,unmanaged_no_file_entity,True,2022-02-09 06:59:06,True,True,True
inbody:30c753335bc397aa107af328b02574e581028543,inbody,page,e071ea2f-4ea8-4d9a-b101-42a037155282,Brochures,TERI_Brochure_2024_for_web.pdf,https://www.teriin.org/sites/default/files/files/TERI_Brochure_2024_for_web.pdf,TERI Brochure,2022-02-09T07:03:52+00:00,,unmanaged_no_file_entity,True,2022-02-09 07:03:52,True,False,True
inbody:aba2b2cbdc6c58442e0bd9660420742128ff2cd5,inbody,page,e071ea2f-4ea8-4d9a-b101-42a037155282,Brochures,Climate_Change_and_Air_Quality_Programme.pdf,https://teriin.org/sites/default/files/files/brochures/Climate_Change_and_Air_Quality_Programme.pdf,Climate Change and Air Quality Programme,2022-02-09T07:03:52+00:00,,unmanaged_no_file_entity,True,2022-02-09 07:03:52,False,False,True
inbody:6f765f9d13e93118715510ac5e91c5c507e8f32a,inbody,page,e071ea2f-4ea8-4d9a-b101-42a037155282,Brochures,Energy_Programme.pdf,https://teriin.org/sites/default/files/files/brochures/Energy_Programme.pdf,Energy Programme,2022-02-09T07:03:52+00:00,,unmanaged_no_file_entity,True,2022-02-09 07:03:52,False,False,True
inbody:dd5420e969063b193982493df4332f692e708817,inbody,page,e071ea2f-4ea8-4d9a-b101-42a037155282,Brochures,Green_Shipping_Programme_Updated.pdf,https://teriin.org/sites/default/files/files/brochures/Green_Shipping_Programme_Updated.pdf,Green ShippingProgramme,2022-02-09T07:03:52+00:00,,unmanaged_no_file_entity,True,2022-02-09 07:03:52,False,False,True
inbody:9750ab5890b1724069346cadf17e7a26304657b9,inbody,page,e071ea2f-4ea8-4d9a-b101-42a037155282,Brochures,Industrial_Biotechnology_Programme.pdf,https://teriin.org/sites/default/files/files/brochures/Industrial_Biotechnology_Programme.pdf,Industrial Biotechnology Programme,2022-02-09T07:03:52+00:00,,unmanaged_no_file_entity,True,2022-02-09 07:03:52,False,False,True
inbody:7228543ee37acc9a02dc69376bb44534b2d377bb,inbody,page,e071ea2f-4ea8-4d9a-b101-42a037155282,Brochures,Social_Transformation_and_Strategic_Alliance.pdf,https://teriin.org/sites/default/files/files/brochures/Social_Transformation_and_Strategic_Alliance.pdf,Social Transformation and Strategic AllianceProgramme,2022-02-09T07:03:52+00:00,,unmanaged_no_file_entity,True,2022-02-09 07:03:52,False,False,True
inbody:e14e9052a06816296f965f6e2c7aecc5cf57f767,inbody,page,e071ea2f-4ea8-4d9a-b101-42a037155282,Brochures,Sustainable_Agriculture_Programme.pdf,https://teriin.org/sites/default/files/files/brochures/Sustainable_Agriculture_Programme.pdf,Sustainable Agriculture Programme,2022-02-09T07:03:52+00:00,,unmanaged_no_file_entity,True,2022-02-09 07:03:52,False,False,True
inbody:db9dc9f6d5899c32e5998f388e736fe6c428ae0d,inbody,page,e071ea2f-4ea8-4d9a-b101-42a037155282,Brochures,Sustainable_Infrastructure_Programme.pdf,https://teriin.org/sites/default/files/files/brochures/Sustainable_Infrastructure_Programme.pdf,Sustainable Infrastructure Programme,2022-02-09T07:03:52+00:00,,unmanaged_no_file_entity,True,2022-02-09 07:03:52,False,False,True
inbody:dfe62603427459d717a1fa704b27a1bc46e23a4b,inbody,page,e071ea2f-4ea8-4d9a-b101-42a037155282,Brochures,Waste_Water_and_Natural_Resources_Programme.pdf,https://teriin.org/sites/default/files/files/brochures/Waste_Water_and_Natural_Resources_Programme.pdf,"Waste, Water, and Natural Resources Programme",2022-02-09T07:03:52+00:00,,unmanaged_no_file_entity,True,2022-02-09 07:03:52,False,False,True
inbody:e87bdc3dddf29ffaf8960fa29ff82c3cde761ce0,inbody,page,e071ea2f-4ea8-4d9a-b101-42a037155282,Brochures,Advanced-Biofuels.pdf,https://www.teriin.org/sites/default/files/files/brochures/Advanced-Biofuels.pdf,Advanced Biofuels : Advanced Biofuels,2022-02-09T07:03:52+00:00,,unmanaged_no_file_entity,True,2022-02-09 07:03:52,False,False,True
inbody:657353138f29d0521bf3605a96d530f4503073a3,inbody,page,e071ea2f-4ea8-4d9a-b101-42a037155282,Brochures,CFL.pdf,https://www.teriin.org/sites/default/files/files/brochures/CFL.pdf,Sustainable Agriculture : Community Farming and Livelihood,2022-02-09T07:03:52+00:00,,unmanaged_no_file_entity,True,2022-02-09 07:03:52,False,False,True
inbody:62500ad494dc8c943e32364bde4d7903674d3fbb,inbody,page,e071ea2f-4ea8-4d9a-b101-42a037155282,Brochures,TDNBC.pdf,https://www.teriin.org/sites/default/files/files/brochures/TDNBC.pdf,Sustainable Agriculture : TERI-Deakin Nanobiotechnology Centre,2022-02-09T07:03:52+00:00,,unmanaged_no_file_entity,True,2022-02-09 07:03:52,False,False,True
inbody:865a312eda3ae5e387cdf8ad0b493e487f84578d,inbody,page,e071ea2f-4ea8-4d9a-b101-42a037155282,Brochures,CCM.pdf,https://www.teriin.org/sites/default/files/files/brochures/CCM.pdf,Climate Modeling Activities at TERI,2022-02-09T07:03:52+00:00,,unmanaged_no_file_entity,True,2022-02-09 07:03:52,False,False,True
inbody:5933f85ffd04378081d66da5343355bd72c60fe0,inbody,page,e071ea2f-4ea8-4d9a-b101-42a037155282,Brochures,CGER.pdf,https://www.teriin.org/sites/default/files/files/brochures/CGER.pdf,Natural Resources &amp; Climate : Centre for Global Environment Research,2022-02-09T07:03:52+00:00,,unmanaged_no_file_entity,True,2022-02-09 07:03:52,False,False,True
inbody:f944a8d30e96afc10cdf0057ad086ade488b3e58,inbody,page,e071ea2f-4ea8-4d9a-b101-42a037155282,Brochures,ERD_brochure_updated.pdf,https://www.teriin.org/sites/default/files/files/brochures/ERD_brochure_updated.pdf,Electricity and Renewables Division,2022-02-09T07:03:52+00:00,,unmanaged_no_file_entity,True,2022-02-09 07:03:52,False,False,True
inbody:dcc6896af2dd17d284dfc58f58ea364340282d91,inbody,page,e071ea2f-4ea8-4d9a-b101-42a037155282,Brochures,IEE.pdf,https://www.teriin.org/sites/default/files/files/brochures/IEE.pdf,Energy : Industrial Energy Efficiency,2022-02-09T07:03:52+00:00,,unmanaged_no_file_entity,True,2022-02-09 07:03:52,False,False,True
inbody:9e9237640f79b926c845548f701f9fed2d61e87a,inbody,page,e071ea2f-4ea8-4d9a-b101-42a037155282,Brochures,CIAM.pdf,https://www.teriin.org/sites/default/files/files/brochures/CIAM.pdf,Integrated Policy Analysis : Centre for Integrated Assessment and Modelling,2022-02-09T07:03:52+00:00,,unmanaged_no_file_entity,True,2022-02-09 07:03:52,False,False,True
inbody:c3fd72617a2a7a64872523d5ee32112b54807cef,inbody,page,e071ea2f-4ea8-4d9a-b101-42a037155282,Brochures,Social_Transformation_Brochure.pdf,https://www.teriin.org/sites/default/files/files/brochures/Social_Transformation_Brochure.pdf,Social Transformation and CSR Division,2022-02-09T07:03:52+00:00,,unmanaged_no_file_entity,True,2022-02-09 07:03:52,False,False,True
inbody:e440b7ed0194841f6ad322b9c409a81bc468f73a,inbody,page,e071ea2f-4ea8-4d9a-b101-42a037155282,Brochures,Land-Resources.pdf,https://www.teriin.org/sites/default/files/files/brochures/Land-Resources.pdf,Natural Resources &amp; Climate : Land Resources,2022-02-09T07:03:52+00:00,,unmanaged_no_file_entity,True,2022-02-09 07:03:52,False,False,True
inbody:aeb8baf9382e766ac57ce610e902275d615fb8e5,inbody,page,e071ea2f-4ea8-4d9a-b101-42a037155282,Brochures,TADOX_Technology.pdf,https://www.teriin.org/sites/default/files/files/brochures/TADOX_Technology.pdf,TADOX Technology,2022-02-09T07:03:52+00:00,,unmanaged_no_file_entity,True,2022-02-09 07:03:52,False,False,True
inbody:bbb695a2b67be448e62977a3e0cf6dc92366450b,inbody,page,e071ea2f-4ea8-4d9a-b101-42a037155282,Brochures,Water-Resources.pdf,https://www.teriin.org/sites/default/files/files/brochures/Water-Resources.pdf,Natural Resources &amp; Climate : Water Resources,2022-02-09T07:03:52+00:00,,unmanaged_no_file_entity,True,2022-02-09 07:03:52,False,False,True
inbody:e864ff430dd25df3a24d9026d48226de1a1b5e6a,inbody,page,e071ea2f-4ea8-4d9a-b101-42a037155282,Brochures,CEWM-Area-Brochure.pdf,https://www.teriin.org/sites/default/files/files/brochures/CEWM-Area-Brochure.pdf,Circular Economy and Waste Managment,2022-02-09T07:03:52+00:00,,unmanaged_no_file_entity,True,2022-02-09 07:03:52,False,False,True
inbody:dde2a7a05b05cb681c794269a2b6cea9e7923520,inbody,page,e071ea2f-4ea8-4d9a-b101-42a037155282,Brochures,Centre-for-Sustainable-Land-Management.pdf,https://www.teriin.org/sites/default/files/files/brochures/Centre-for-Sustainable-Land-Management.pdf,Natural Resources &amp; Climate : Centre for Sustainable Land Management,2022-02-09T07:03:52+00:00,,unmanaged_no_file_entity,True,2022-02-09 07:03:52,False,False,True
inbody:9a83a2a563e8504b77c9d0d224c7962e375b028f,inbody,page,e071ea2f-4ea8-4d9a-b101-42a037155282,Brochures,Air-Quality-Research.pdf,https://www.teriin.org/sites/default/files/files/brochures/Air-Quality-Research.pdf,Air Quality Research,2022-02-09T07:03:52+00:00,,unmanaged_no_file_entity,True,2022-02-09 07:03:52,False,False,True
inbody:8b5cd2cc28b6881ab0a5d52f706016aac658fe61,inbody,page,e071ea2f-4ea8-4d9a-b101-42a037155282,Brochures,TUGD-Brochure-2025.pdf,https://teriin.org/files/TUGD-Brochure-2025.pdf,Transport and Urban Governance Division,2022-02-09T07:03:52+00:00,,unmanaged_no_file_entity,True,2022-02-09 07:03:52,True,False,True
inbody:54fb0484b76d3f3c1b2678f276a5d7b4113c6c61,inbody,page,e071ea2f-4ea8-4d9a-b101-42a037155282,Brochures,Sustainable_Buildings.pdf,https://www.teriin.org/sites/default/files/files/brochures/Sustainable_Buildings.pdf,Sustainable Habitat : Sustainable Buildings,2022-02-09T07:03:52+00:00,,unmanaged_no_file_entity,True,2022-02-09 07:03:52,False,False,True
inbody:b51d2a3491d59f2a537a2ef7d9a412220f819e41,inbody,page,e071ea2f-4ea8-4d9a-b101-42a037155282,Brochures,Environment-and-Health-Area.pdf,https://www.teriin.org/sites/default/files/files/brochures/Environment-and-Health-Area.pdf,Natural Resources &amp; Climate : Environment and Health,2022-02-09T07:03:52+00:00,,unmanaged_no_file_entity,True,2022-02-09 07:03:52,False,False,True
inbody:8e0a081ad04b1e47aaecc58db044bc606f3e9152,inbody,page,e071ea2f-4ea8-4d9a-b101-42a037155282,Brochures,CREG.pdf,https://www.teriin.org/sites/default/files/files/brochures/CREG.pdf,Integrated Policy Analysis : Centre for Resource Efficiency &amp; Governance,2022-02-09T07:03:52+00:00,,unmanaged_no_file_entity,True,2022-02-09 07:03:52,False,False,True
inbody:021a949e9e0c98d1a2e4b4184d9a88cc4f7cca7a,inbody,page,e071ea2f-4ea8-4d9a-b101-42a037155282,Brochures,EEA-Area-Brochure-Updated.pdf,https://www.teriin.org/sites/default/files/files/brochures/EEA-Area-Brochure-Updated.pdf,Environment Education and Awareness,2022-02-09T07:03:52+00:00,,unmanaged_no_file_entity,True,2022-02-09 07:03:52,False,False,True
inbody:7660a8052c021dfef70fa21f60724ab80c0ccbc3,inbody,page,e071ea2f-4ea8-4d9a-b101-42a037155282,Brochures,TERI-Press.pdf,https://www.teriin.org/sites/default/files/files/brochures/TERI-Press.pdf,Publishing Solutions,2022-02-09T07:03:52+00:00,,unmanaged_no_file_entity,True,2022-02-09 07:03:52,False,False,True
inbody:dcbcbd4c80283acd75ef4e79da01fa9610ad20b8,inbody,page,e071ea2f-4ea8-4d9a-b101-42a037155282,Brochures,WSDS_Brochure_2023-24_HR.pdf,https://wsds.teriin.org/2025/assets/pdf/WSDS_Brochure_2023-24_HR.pdf,World Sustainable Development Summit,2022-02-09T07:03:52+00:00,,unmanaged_no_file_entity,True,2022-02-09 07:03:52,True,False,True
inbody:791fd3cc73315b62221e4752fa0c06ad202a95b4,inbody,page,e071ea2f-4ea8-4d9a-b101-42a037155282,Brochures,Communications_and_Stakeholder_Engagement.pdf,https://www.teriin.org/sites/default/files/files/brochures/Communications_and_Stakeholder_Engagement.pdf,Communications and Stakeholder Engagement,2022-02-09T07:03:52+00:00,,unmanaged_no_file_entity,True,2022-02-09 07:03:52,False,False,True
inbody:c627014f9b61cb3b8f3e06702993ab6d619b88ea,inbody,page,e071ea2f-4ea8-4d9a-b101-42a037155282,Brochures,Kumaon_Vani_Community_Radio_V2.pdf,https://www.teriin.org/sites/default/files/files/brochures/Kumaon_Vani_Community_Radio_V2.pdf,Kumaon Vani Community Radio,2022-02-09T07:03:52+00:00,,unmanaged_no_file_entity,True,2022-02-09 07:03:52,False,False,True
inbody:9b5d93ddb7916840a362ec3ff50176876fcc29ad,inbody,page,e071ea2f-4ea8-4d9a-b101-42a037155282,Brochures,KRC-Area-Brochure-2025.pdf,https://www.teriin.org/sites/default/files/files/brochures/KRC-Area-Brochure-2025.pdf,Knowledge Resource Centre,2022-02-09T07:03:52+00:00,,unmanaged_no_file_entity,True,2022-02-09 07:03:52,True,False,True
inbody:e28907536ca9682a81e27ecb9ee8bd68cd5c0afd,inbody,page,e071ea2f-4ea8-4d9a-b101-42a037155282,Brochures,cbs.pdf,https://www.teriin.org/sites/default/files/files/brochures/cbs.pdf,TERI Council for Business Sustainability,2022-02-09T07:03:52+00:00,,unmanaged_no_file_entity,True,2022-02-09 07:03:52,False,False,True
inbody:5c030e57d1f0ae9ff5818305abe5d2c1383baa2f,inbody,page,e071ea2f-4ea8-4d9a-b101-42a037155282,Brochures,Mukteshwar_Himalayan_Centre_Brochure.pdf,https://www.teriin.org/sites/default/files/files/brochures/Mukteshwar_Himalayan_Centre_Brochure.pdf,Mukteshwar Himalayan Centre Brochure,2022-02-09T07:03:52+00:00,,unmanaged_no_file_entity,True,2022-02-09 07:03:52,False,False,True
inbody:e9e7293f73a456bd98ee98bf026f083a0b4f84e0,inbody,page,e071ea2f-4ea8-4d9a-b101-42a037155282,Brochures,Mukteshwar_Himalayan_Centre_Ecotourism_Brochure.pdf,https://www.teriin.org/sites/default/files/files/brochures/Mukteshwar_Himalayan_Centre_Ecotourism_Brochure.pdf,Mukteshwar Himalayan Centre Ecotourism Brochure,2022-02-09T07:03:52+00:00,,unmanaged_no_file_entity,True,2024-12-16 06:32:32,False,False,True
inbody:4c27abcb1f409bcfa11a3fd675e4ac305233f056,inbody,page,e071ea2f-4ea8-4d9a-b101-42a037155282,Brochures,Supi_Sugandh_Brochure.pdf,https://www.teriin.org/sites/default/files/files/brochures/Supi_Sugandh_Brochure.pdf,Supi Sugandh Brochure,2022-02-09T07:03:52+00:00,,unmanaged_no_file_entity,True,2022-02-09 07:03:52,False,False,True
inbody:e2a3cf227d1e7cad00226f2da5cc56f4389dc3b5,inbody,page,e071ea2f-4ea8-4d9a-b101-42a037155282,Brochures,Sustainable-Buildings-SRC.pdf,https://www.teriin.org/sites/default/files/files/brochures/Sustainable-Buildings-SRC.pdf,Sustainable Habitat : Sustainable Buildings (Southern Regional Centre),2022-02-09T07:03:52+00:00,,unmanaged_no_file_entity,True,2022-02-09 07:03:52,False,False,True
inbody:fbe92dedb7d72e35b45050ab3c5cf4bc24f3ac5e,inbody,page,e071ea2f-4ea8-4d9a-b101-42a037155282,Brochures,NE.pdf,https://www.teriin.org/sites/default/files/files/brochures/NE.pdf,North East,2022-02-09T07:03:52+00:00,,unmanaged_no_file_entity,True,2022-02-09 07:03:52,False,False,True
inbody:b120f0dfa183209deda96ffd887f7a2fbe8c7c04,inbody,page,e071ea2f-4ea8-4d9a-b101-42a037155282,Brochures,Agriculture-Rural-Extension_NE.pdf,https://www.teriin.org/sites/default/files/files/brochures/Agriculture-Rural-Extension_NE.pdf,Agricultural and Rural Extension,2022-02-09T07:03:52+00:00,,unmanaged_no_file_entity,True,2022-02-09 07:03:52,False,False,True
inbody:dc3f6ec20a0198aada3affc0110a836154e8e988,inbody,page,e071ea2f-4ea8-4d9a-b101-42a037155282,Brochures,WRC_Mumbai_brochure_2025_new.pdf,https://www.teriin.org/sites/default/files/files/brochures/WRC_Mumbai_brochure_2025_new.pdf,Centre for Sustainable Resource Management (WRC Mumbai),2022-02-09T07:03:52+00:00,,unmanaged_no_file_entity,True,2022-02-09 07:03:52,True,False,True
inbody:2061582ad9a7423f5bb9fa31672ea379b9f8b4aa,inbody,page,e071ea2f-4ea8-4d9a-b101-42a037155282,Brochures,Area-Brochure-TERI-Goa-2025.pdf,https://www.teriin.org/sites/default/files/files/brochures/Area-Brochure-TERI-Goa-2025.pdf,TERI Goa Regional Centre,2022-02-09T07:03:52+00:00,,unmanaged_no_file_entity,True,2022-02-09 07:03:52,True,False,True
inbody:df54f8888fbbd8a7b0cadfa18ffd7b6537c1000c,inbody,page,f0f1c9fc-67cd-4372-8205-95d615cd148d,Explainer: How evidence-based actions can help achieve breathable air in Indian cities,Assessment_of_air_quality_during%20lockdowns_in_Delhi.pdf,https://www.teriin.org/sites/default/files/2021-02/Assessment_of_air_quality_during%20lockdowns_in_Delhi.pdf,Assessment of air quality during lockdowns in Delhi,2022-03-07T07:00:56+00:00,2021-02,managed_path_month,True,2022-03-07 07:00:56,False,False,True
inbody:3718b9125587bf1aa92da33c78d3cea3a78d0ecb,inbody,page,f0f1c9fc-67cd-4372-8205-95d615cd148d,Explainer: How evidence-based actions can help achieve breathable air in Indian cities,es-ludhiana.pdf,https://www.teriin.org/sites/default/files/2021-07/es-ludhiana.pdf,Ludhiana,2022-03-07T07:00:56+00:00,2021-07,managed_path_month,True,2022-03-07 07:00:56,False,False,True
inbody:ef71d1681e2aa3dd4ababb5c2abd9cff6fb85fa3,inbody,page,f0f1c9fc-67cd-4372-8205-95d615cd148d,Explainer: How evidence-based actions can help achieve breathable air in Indian cities,Source_Apportionment_Study_of_%20Ambient_Particulate_Matter_in_Patna.pdf,https://www.teriin.org/sites/default/files/2021-09/Source_Apportionment_Study_of_%20Ambient_Particulate_Matter_in_Patna.pdf,Patna,2022-03-07T07:00:56+00:00,2021-09,managed_path_month,True,2022-03-07 07:00:56,False,False,True
inbody:d7ef79e8e4d4c8017b9111b19f280096b3533f48,inbody,page,f0f1c9fc-67cd-4372-8205-95d615cd148d,Explainer: How evidence-based actions can help achieve breathable air in Indian cities,Cost-effectiveness-of%20-interventions-for-control-of%20-air-pollution-in-Delhi.pdf,https://www.teriin.org/sites/default/files/2021-12/Cost-effectiveness-of%20-interventions-for-control-of%20-air-pollution-in-Delhi.pdf,Cost effectiveness of interventions for control of air pollution in Delhi,2022-03-07T07:00:56+00:00,2021-12,managed_path_month,True,2022-03-07 07:00:56,False,False,True
inbody:fa2e8264a7bcadd504dbaf91e65fa0948aa5ba6c,inbody,page,f0f1c9fc-67cd-4372-8205-95d615cd148d,Explainer: How evidence-based actions can help achieve breathable air in Indian cities,Exxon-Report.pdf,https://www.teriin.org/sites/default/files/2021-05/Exxon-Report.pdf,Spatially Resolved Air Pollution Emissions Inventory of India,2022-03-07T07:00:56+00:00,2021-05,managed_path_month,True,2022-03-07 07:00:56,False,False,True
inbody:0696c2ddfdf613ae0f6e54ac9152f6aad7ca8b13,inbody,page,f0f1c9fc-67cd-4372-8205-95d615cd148d,Explainer: How evidence-based actions can help achieve breathable air in Indian cities,cpcb-spatial-maping-forecasting.pdf,https://www.teriin.org/sites/default/files/2021-07/cpcb-spatial-maping-forecasting.pdf,Evaluation of modelling techniques for air quality management in Delhi,2022-03-07T07:00:56+00:00,2021-07,managed_path_month,True,2022-03-07 07:00:56,False,False,True
inbody:59baf8184d0811979342c8aac71ac35f5caac1a5,inbody,page,79e5135e-aad0-476d-b53f-fabd7312a09e,TERI’s Solutions for Sustainable Development,50_Solutions_TERI_Inside_2023_Final.pdf,https://teriin.org/files/50_Solutions_TERI_Inside_2023_Final.pdf,View Publication,2024-02-07T10:35:41+00:00,,unmanaged_no_file_entity,True,2024-02-07 10:35:41,True,False,True
inbody:41f49c82b83fc77ae3fea989454fcf9e7128a414,inbody,page,017f6fce-1514-4dd7-a07e-2b5aac50820d,SDG 1: NO POVERTY,SDG_1.pdf,https://teriin.org/sites/default/files/files/SDG_1.pdf,click here,2024-03-22T04:41:15+00:00,,unmanaged_no_file_entity,True,2024-03-22 04:41:15,False,False,True
inbody:38673b35d8960e90fba98bd3bfa7035c30e901d3,inbody,page,7ae1d4dc-9f02-41c9-9486-7a0c22cc940f,SDG 2: ZERO HUNGER,SDG_2.pdf,https://teriin.org/sites/default/files/files/SDG_2.pdf,click here,2024-03-22T05:44:38+00:00,,unmanaged_no_file_entity,True,2024-03-22 05:44:38,False,False,True
inbody:134cd9318c6b7adfe4ed49ab21783d7a5062d370,inbody,page,4de48dba-b860-4e66-9947-c684b180664d,SDG 3: GOOD HEALTH AND WELL-BEING,SDG_3.pdf,https://teriin.org/sites/default/files/files/SDG_3.pdf,click here,2024-03-22T05:57:41+00:00,,unmanaged_no_file_entity,True,2024-03-22 05:57:41,False,False,True
inbody:4235a5b21b8a97237cb8a3545ad1b0ab0d2d3d80,inbody,page,5247f2b8-584a-484c-bf47-3eec83414e6f,SDG 4: QUALITY EDUCATION,SDG_4.pdf,https://teriin.org/sites/default/files/files/SDG_4.pdf,click here,2024-03-22T06:02:55+00:00,,unmanaged_no_file_entity,True,2024-03-22 06:02:55,False,False,True
inbody:ebd01148d1142e23b5d32225d246f2d03dbf904f,inbody,page,386cf70f-20fe-472c-8b9d-1b018213f74b,SDG 5: GENDER EQUALITY,SDG_5.pdf,https://teriin.org/sites/default/files/files/SDG_5.pdf,click here,2024-03-26T05:43:42+00:00,,unmanaged_no_file_entity,True,2024-03-26 05:43:42,False,False,True
inbody:c39531c37e820abf534242728879f90857588225,inbody,page,f7e9f009-4165-4bd4-8005-49a5d970a301,SDG 6: CLEAN WATER AND SANITATION,SDG_6.pdf,https://teriin.org/sites/default/files/files/SDG_6.pdf,click here,2024-03-26T05:48:13+00:00,,unmanaged_no_file_entity,True,2024-03-26 05:48:13,False,False,True
inbody:86f5f31c9f0fb6404b3808d2a6c47ff0412b54ad,inbody,page,0f23e106-b601-46f4-861d-15d991f97038,SDG 7: AFFORDABLE AND CLEAN ENERGY,SDG_7.pdf,https://teriin.org/sites/default/files/files/SDG_7.pdf,click here,2024-03-26T08:30:44+00:00,,unmanaged_no_file_entity,True,2024-03-26 08:30:44,False,False,True
inbody:f3a59d233727836e6026bf46c815094bc0146302,inbody,page,d4b05d32-1285-4044-8eb2-e27c5d0eaed3,SDG 8: DECENT WORK AND ECONOMIC GROWTH,SDG_8.pdf,https://teriin.org/sites/default/files/files/SDG_8.pdf,click here,2024-03-26T08:33:09+00:00,,unmanaged_no_file_entity,True,2024-03-26 08:33:09,False,False,True
inbody:c3190f9dbf1d642915d692341e663f7f38a4803d,inbody,page,5db7dccd-21f5-49b5-ad6f-285a9355d6fd,"SDG 9: INDUSTRY, INNOVATION AND INFRASTRUCTURE",SDG_9.pdf,https://teriin.org/sites/default/files/files/SDG_9.pdf,click here,2024-03-26T08:36:26+00:00,,unmanaged_no_file_entity,True,2024-03-26 08:36:26,False,False,True
inbody:204d0ccb51af659965e2d253f2f4bd86b0ee4faa,inbody,page,adc4093a-df55-4194-bade-ad4507063e16,SDG 10. REDUCED INEQUALITIES,SDG_10.pdf,https://teriin.org/sites/default/files/files/SDG_10.pdf,click here,2024-03-26T08:39:14+00:00,,unmanaged_no_file_entity,True,2024-03-26 08:39:14,False,False,True
inbody:b283457998e27c672a4452568f2d2011160aa980,inbody,page,ca2b48df-25a0-4ff4-b064-0f51af4744d8,SDG 11. SUSTAINABLE CITIES AND COMMUNITIES,SDG_11.pdf,https://teriin.org/sites/default/files/files/SDG_11.pdf,click here,2024-03-26T09:06:28+00:00,,unmanaged_no_file_entity,True,2024-03-26 09:06:28,False,False,True
inbody:7b2da0db6b852e6c9d036c227d1ccc4a5ab92e2a,inbody,page,98f62b57-7cf0-47b1-a9b6-7508edec50d4,SDG 12. RESPONSIBLE CONSUMPTION AND PRODUCTION,SDG_12.pdf,https://teriin.org/sites/default/files/files/SDG_12.pdf,click here,2024-03-26T09:09:33+00:00,,unmanaged_no_file_entity,True,2024-03-26 09:09:33,False,False,True
inbody:0662809059ce154d4fb983e5c91f46ad3b1da7f1,inbody,page,397b8e72-647d-414f-bb2b-2ac59c4cf96d,SDG 13. CLIMATE ACTION,SDG_13.pdf,https://teriin.org/sites/default/files/files/SDG_13.pdf,click here,2024-03-26T09:21:30+00:00,,unmanaged_no_file_entity,True,2024-03-26 09:21:30,False,False,True
inbody:3fc3bc5e53f78d209a68b5064e3792b6dbb6cba2,inbody,page,f4cab77e-ebf9-4aa8-aa78-d9b3d81fd064,SDG 14. LIFE BELOW WATER,SDG_14.pdf,https://teriin.org/sites/default/files/files/SDG_14.pdf,click here,2024-03-26T10:09:40+00:00,,unmanaged_no_file_entity,True,2024-03-26 10:09:40,False,False,True
inbody:0c1dbf4892a2f02de87466bfb072f6bab0849754,inbody,page,7a144ffb-a162-4eae-ac7e-ea55a39296b8,SDG 15: LIFE ON LAND,SDG_15.pdf,https://teriin.org/sites/default/files/files/SDG_15.pdf,click here,2024-03-26T10:13:55+00:00,,unmanaged_no_file_entity,True,2024-03-26 10:13:55,False,False,True
inbody:8426fc4c0486ac66bdc8ae052b4100caa5b4b60f,inbody,page,89c70b21-0f51-46c8-a431-bf928ec6731a,"SDG 16: PEACE, JUSTICE AND STRONG INSTITUTIONS",SDG_16.pdf,https://teriin.org/sites/default/files/files/SDG_16.pdf,click here,2024-03-26T10:17:40+00:00,,unmanaged_no_file_entity,True,2024-03-26 10:17:40,False,False,True
inbody:ef2905280af98ecf11c5c665d40b5c8834e2c6ae,inbody,page,c6dc1228-0117-40cc-bf7f-f0a4e78e2dc2,SDG 17: PARTNERSHIPS FOR THE GOALS,SDG_17.pdf,https://teriin.org/sites/default/files/files/SDG_17.pdf,click here,2024-03-26T10:22:43+00:00,,unmanaged_no_file_entity,True,2024-03-26 10:22:43,False,False,True
inbody:5610565056a5b7eff6f0f77adbf4faabce873df9,inbody,page,1ff56c36-572d-48f3-b369-4b77adfae738,TERI CBS Calendar of Corporate Engagements in FY 2024-25,TERI_CBS_Planned_Corporate_Engagements_FY_24-25.pdf,https://teriin.org/sites/default/files/files/TERI_CBS_Planned_Corporate_Engagements_FY_24-25.pdf,Click here to access the calendar,2024-03-27T04:44:50+00:00,,unmanaged_no_file_entity,True,2024-03-27 04:44:50,False,False,True
inbody:359b6170b8f61548592fc22c3b7b224e83d977a8,inbody,page,38e55f23-655a-45db-aa8c-37a90e28abb0,TERI CBS Results & Outcomes 2023 - 2024,TERI_CBS_Key_Results_and_Outcomes_of_Activities_2023_24.pdf,https://teriin.org/sites/default/files/files/TERI_CBS_Key_Results_and_Outcomes_of_Activities_2023_24.pdf,Read More,2024-05-30T05:47:15+00:00,,unmanaged_no_file_entity,True,2024-05-30 05:47:15,True,False,True
inbody:85840e2b10ed6234bb5d037dbda86d0e89e38cd1,inbody,page,67523149-2bb5-4679-a353-e4e317852fb8,"Creating Impacts, Transforming Lives",TERI_success_story_2024_For_Web.pdf,https://teriin.org/files/TERI_success_story_2024_For_Web.pdf,View Publication,2024-06-17T04:34:10+00:00,,unmanaged_no_file_entity,True,2024-06-17 04:34:10,True,False,True
inbody:f9b827cadb30d07ef8a31ebc7c26868f8f6e03d0,inbody,page,7e3ffb7b-2ed4-4e1c-a158-3ea80ee40325,TERI @ International Solar Festival 2024,Solar_Based_Electric_Mobility_Brochure_2024_V1.pdf,https://teriin.org/sites/default/files/files/Solar_Based_Electric_Mobility_Brochure_2024_V1.pdf,Solar Based Electric Mobility,2024-08-29T04:30:09+00:00,,unmanaged_no_file_entity,True,2024-08-29 04:30:09,True,False,True
inbody:69a615bde07612cd70e2fe7a8410f3eca2f116cc,inbody,page,7e3ffb7b-2ed4-4e1c-a158-3ea80ee40325,TERI @ International Solar Festival 2024,Empowering_Livelihoods_in_Global_South_TERI.pdf,https://teriin.org/sites/default/files/files/Empowering_Livelihoods_in_Global_South_TERI.pdf,Strengthening Global South Collaborations for Scaling Solarbased Electric Mobility Solutions,2024-08-29T04:30:09+00:00,,unmanaged_no_file_entity,True,2024-08-29 04:30:09,False,False,True
,inbody,page,bbf7cee8-9fb4-45ee-821a-b7a2a1fd04e7,TERI CBS Key Results and Outcomes,TERI-CBS-Activties-&amp;-Key-Outcomes-[Half-Yearly-Report-2024-25].pdf,https://teriin.org/sites/default/files/files/TERI-CBS-Activties-&amp;-Key-Outcomes-[Half-Yearly-Report-2024-25].pdf,TERI CBS Half-Yearly Report (April - September 2024),2024-11-08T06:38:54+00:00,,unmanaged_no_file_entity,False,,True,True,True
,inbody,page,bbf7cee8-9fb4-45ee-821a-b7a2a1fd04e7,TERI CBS Key Results and Outcomes,TERI-CBS-Activties-&amp;-Key-Outcomes_2024(Calendar-Year).pdf,https://teriin.org/sites/default/files/files/TERI-CBS-Activties-&amp;-Key-Outcomes_2024(Calendar-Year).pdf,TERI CBS Key Results and Outcomes Calendar Year 2024 (January - December 2024),2024-11-08T06:38:54+00:00,,unmanaged_no_file_entity,False,,True,True,True
inbody:0fa4deb8b643cd6e08f70f49d0426224960f3c1f,inbody,page,b9f4fdc0-155f-4c8f-9004-d46b582f2aad,TERI'S CONTRIBUTIONS TO BUSINESS ACTION ON CLIMATE CHANGE,White_Paper_on_NAPCC.pdf,https://www.teriin.org/sites/default/files/2020-11/White_Paper_on_NAPCC.pdf,"India’s 2035 Climate Target: A Business Opportunity for Growth and Global Leadership India stands at a pivotal moment in its climate journey. With the country on track to achieve its current 2030 NDC targets, the next phase—defining an ambitious and actionable NDC for 2035—offers an opportunity to align climate goals with economic priorities and global leadership. This briefing from TERI and the We Mean Business Coalition, developed in consultation with industry leaders, has developed a set of recommendations for how the Indian government can ensure India’s new NDC drives enhanced business action and investment in climate action.&nbsp;&nbsp;&nbsp;&nbsp; Read More",2025-05-20T06:39:04+00:00,2020-11,managed_path_month,True,2025-05-20 06:39:04,False,False,True
inbody:bc641ee3c1868d97e153f7a7b07da3dd510856ce,inbody,page,b9f4fdc0-155f-4c8f-9004-d46b582f2aad,TERI'S CONTRIBUTIONS TO BUSINESS ACTION ON CLIMATE CHANGE,India-Scenarios-Sketch.pdf,https://teriin.org/sites/default/files/files/India-Scenarios-Sketch.pdf,India Transforming to a Net-Zero Emissions Energy System&nbsp;,2025-05-20T06:39:04+00:00,,unmanaged_no_file_entity,True,2025-05-20 06:39:04,False,False,True
inbody:003b7007e2170d3af90211e8394895251e783eac,inbody,page,b9f4fdc0-155f-4c8f-9004-d46b582f2aad,TERI'S CONTRIBUTIONS TO BUSINESS ACTION ON CLIMATE CHANGE,India_Transforming_to_a_net-zero_emissions_energy_system.pdf,https://www.teriin.org/sites/default/files/2021-03/India_Transforming_to_a_net-zero_emissions_energy_system.pdf,India Transforming to a Net-Zero Emissions Energy System&nbsp;,2025-05-20T06:39:04+00:00,2021-03,managed_path_month,True,2025-05-20 06:39:04,False,False,True
inbody:b64010e93a4dae3f53a85f46aec8ca93b8ed67df,inbody,page,b9f4fdc0-155f-4c8f-9004-d46b582f2aad,TERI'S CONTRIBUTIONS TO BUSINESS ACTION ON CLIMATE CHANGE,green-stimulus-dp.pdf,https://www.teriin.org/sites/default/files/2020-08/green-stimulus-dp.pdf,A Fiscally Responsible Green Stimulus Discussion Paper released on 24 August 2020_,2025-05-20T06:39:04+00:00,2020-08,managed_path_month,True,2025-05-20 06:39:04,False,True,True
inbody:73bd0e68364aa9911ffcdd02f8c50d3d14f76239,inbody,page,b9f4fdc0-155f-4c8f-9004-d46b582f2aad,TERI'S CONTRIBUTIONS TO BUSINESS ACTION ON CLIMATE CHANGE,guiding-gramework-LTS-adaptation.pdf,https://www.teriin.org/sites/default/files/2020-09/guiding-gramework-LTS-adaptation.pdf,Read More,2025-05-20T06:39:04+00:00,2020-09,managed_path_month,True,2025-05-20 06:39:04,False,False,True
inbody:323ac7972f8dd23052cdf158cbcbf099a324a6f2,inbody,page,b9f4fdc0-155f-4c8f-9004-d46b582f2aad,TERI'S CONTRIBUTIONS TO BUSINESS ACTION ON CLIMATE CHANGE,COP21_Final_Report.pdf,https://teriin.org/files/COP21_Final_Report.pdf,Reinforcing India’s Commitments - Delhi to Paris: Corporate Vision on Climate Change&nbsp;,2025-05-20T06:39:04+00:00,,unmanaged_no_file_entity,True,2025-05-20 06:39:04,False,False,True
inbody:b5f44b9b137fbe7f3543e46eee540d924c118177,inbody,page,b9f4fdc0-155f-4c8f-9004-d46b582f2aad,TERI'S CONTRIBUTIONS TO BUSINESS ACTION ON CLIMATE CHANGE,TERI-NASSCOM_Green)_ICT_Report_Dec_2011.pdf,https://www.teriin.org/projects/nfa/2008-2013/pdf/TERI-NASSCOM_Green)_ICT_Report_Dec_2011.pdf,Sustainable Tomorrow - Harnessing ICT Potential&nbsp;,2025-05-20T06:39:04+00:00,,unmanaged_no_file_entity,True,2025-05-20 06:39:04,True,False,True
inbody:2f241c4d61c684fe482853d6f56a99e4308beea2,inbody,page,08c11465-0bee-4bc2-be53-1eaa23938efe,Strategic Document Vision: 2025–30,Strategy_Plan_2025_30.pdf,https://teriin.org/files/Strategy_Plan_2025_30.pdf,View Report,2025-08-29T07:17:00+00:00,,unmanaged_no_file_entity,True,2025-08-29 07:17:00,True,False,True
inbody:0a7c343146247d17ae9ebdffa512fb4a3b39a5b2,inbody,page,04107bb4-fefe-4ffa-be5d-f88ac9310dd6,TERI Alumni Association,Book_on_Dr_RK_Pachauri_II.pdf,https://www.teriin.org/sites/default/files/files/Book_on_Dr_RK_Pachauri_II.pdf,TERI Bookstore,2025-09-30T04:28:20+00:00,,unmanaged_no_file_entity,True,2025-09-30 04:28:20,False,False,True
inbody:019c7e59163edfbb3535b05744ff6949b04cef47,inbody,page,04107bb4-fefe-4ffa-be5d-f88ac9310dd6,TERI Alumni Association,Book-on-Dr-RK-Pachauri.pdf,https://www.teriin.org/sites/default/files/files/Book-on-Dr-RK-Pachauri.pdf,TERI Bookstore,2025-09-30T04:28:20+00:00,,unmanaged_no_file_entity,True,2025-09-30 04:28:20,False,False,True
inbody:32d05a8284382d44ddfb655598a13e5dd7ea4a14,inbody,page,7ab4f700-1817-4571-b094-d16c15d162da,TERI CBS Knowledge Library & Archives,India-NDC-briefing.pdf,https://teriin.org/sites/default/files/files/India-NDC-briefing.pdf,India’s 2035 Climate Target: A Business Opportunity for Growth and Global Leadership&nbsp;,2025-10-14T05:46:21+00:00,,unmanaged_no_file_entity,True,2025-05-20 06:39:04,False,False,True
inbody:d4658c76ffa88e013b3ff3aa4ded635b244909e3,inbody,page,7ab4f700-1817-4571-b094-d16c15d162da,TERI CBS Knowledge Library & Archives,CSO-2025.pdf,https://www.teriin.org/sites/default/files/files/CSO-2025.pdf,Chief Sustainability Officers (CSO) Competency Framework,2025-10-14T05:46:21+00:00,,unmanaged_no_file_entity,True,2025-10-14 05:46:21,True,False,True
inbody:a23f19a7d4ea4bd527a12663e969d5a0644404d0,inbody,page,7ab4f700-1817-4571-b094-d16c15d162da,TERI CBS Knowledge Library & Archives,Policy%20Brief%20Biodiesel.pdf,https://www.teriin.org/sites/default/files/2024-09/Policy%20Brief%20Biodiesel.pdf,Accelerating Biodiesel Blending in India&nbsp;,2025-10-14T05:46:21+00:00,2024-09,managed_path_month,True,2025-10-14 05:46:21,False,False,True
inbody:b31284f9befd3d30a01906f95739472a505ff694,inbody,page,7ab4f700-1817-4571-b094-d16c15d162da,TERI CBS Knowledge Library & Archives,GPP_SDG_Charter_ISBN.pdf,https://www.teriin.org/sites/default/files/2024-08/GPP_SDG_Charter_ISBN.pdf,Green Public Procurement for Advancing Sustainable Development in India: Policy Nudges for Promoting Sustainable Consumption and Production&nbsp;,2025-10-14T05:46:21+00:00,2024-08,managed_path_month,True,2025-10-14 05:46:21,False,False,True
inbody:50a82243254d53049724405646b23212e1254a78,inbody,page,7ab4f700-1817-4571-b094-d16c15d162da,TERI CBS Knowledge Library & Archives,TERI%20Baseline%20Report_LD.pdf,https://www.teriin.org/sites/default/files/2024-06/TERI%20Baseline%20Report_LD.pdf,Baseline Study for Non-Urban Road Transport&nbsp;,2025-10-14T05:46:21+00:00,2024-06,managed_path_month,True,2025-10-14 05:46:21,False,False,True
inbody:7140332cdc8f8e56dbe5dc1f7c6f25ef6728cb5b,inbody,page,7ab4f700-1817-4571-b094-d16c15d162da,TERI CBS Knowledge Library & Archives,Net%20Zero%20Report%20_24-5-2024.pdf,https://teriin.org/sites/default/files/2024-05/Net%20Zero%20Report%20_24-5-2024.pdf,India’s Journey to Net Zero: A Conceptual Framework for Analysis&nbsp;,2025-10-14T05:46:21+00:00,2024-05,managed_path_month,True,2025-10-14 05:46:21,True,False,True
inbody:3b09270bcad592094f51d4e299cad05005c9aa2f,inbody,page,7ab4f700-1817-4571-b094-d16c15d162da,TERI CBS Knowledge Library & Archives,Power_Sector_2050_Report.pdf,https://teriin.org/sites/default/files/2024-02/Power_Sector_2050_Report.pdf,India’s Electricity Transition Pathways to 2050: Scenarios and Insights&nbsp;,2025-10-14T05:46:21+00:00,2024-02,managed_path_month,True,2025-10-14 05:46:21,False,False,True
inbody:d9e559625239fc300214789cd86c133905252104,inbody,page,7ab4f700-1817-4571-b094-d16c15d162da,TERI CBS Knowledge Library & Archives,CSP_Report_2024_New.pdf,https://teriin.org/sites/default/files/2024-02/CSP_Report_2024_New.pdf,TERI’s Report on Concentrating Solar Power (CSP) Plants with Storage_9 February 2024,2025-10-14T05:46:21+00:00,2024-02,managed_path_month,True,2025-10-14 05:46:21,True,True,True
inbody:40a9078eefcd2b42e6a09103ac4a4afb9149615d,inbody,page,7ab4f700-1817-4571-b094-d16c15d162da,TERI CBS Knowledge Library & Archives,Accelerating_the_Growth_of_Green_Bonds_Policy_Brief.pdf,https://teriin.org/sites/default/files/files/Accelerating_the_Growth_of_Green_Bonds_Policy_Brief.pdf,Accelerating the Growth of Green Bonds in India&nbsp;,2025-10-14T05:46:21+00:00,,unmanaged_no_file_entity,True,2025-10-14 05:46:21,False,False,True
inbody:a6a82a306cd16dd4c1dec17b4a1efa99160b0fc3,inbody,page,7ab4f700-1817-4571-b094-d16c15d162da,TERI CBS Knowledge Library & Archives,Just%20Transition%20Framework%20for%20a%20Sustainable%20Future%20in%20India%E2%80%99s%20Coal%20Mining%20Regions.pdf,https://teriin.org/sites/default/files/2024-02/Just%20Transition%20Framework%20for%20a%20Sustainable%20Future%20in%20India%E2%80%99s%20Coal%20Mining%20Regions.pdf,Just Transition Framework for a Sustainable Future in India’s Coal Mining Regions&nbsp;,2025-10-14T05:46:21+00:00,2024-02,managed_path_month,True,2025-10-14 05:46:21,False,False,True
inbody:52b363cebb58dc724b25099ffdcb0c837833e7f0,inbody,page,7ab4f700-1817-4571-b094-d16c15d162da,TERI CBS Knowledge Library & Archives,Industry_Charter_Report.pdf,https://teriin.org/sites/default/files/files/Industry_Charter_Report.pdf,Practices and Solutions - Accelerating Indian Industry Decarbonisation&nbsp;,2025-10-14T05:46:21+00:00,,unmanaged_no_file_entity,True,2025-10-14 05:46:21,False,False,True
inbody:8c4bcfbf13b352ca00ab75963a7f882f89281e8d,inbody,page,7ab4f700-1817-4571-b094-d16c15d162da,TERI CBS Knowledge Library & Archives,Pumped Storage Plants Discussion Paper 2023.pdf,https://teriin.org/sites/default/files/2024-01/Pumped Storage Plants Discussion Paper 2023.pdf,Pumped Storage Plants - Essential for India’s Energy Transition&nbsp;,2025-10-14T05:46:21+00:00,2024-01,managed_path_month,True,2025-10-14 05:46:21,True,False,True
inbody:0464576d61ec54ac497d02a40e20e6dc30abe830,inbody,page,7ab4f700-1817-4571-b094-d16c15d162da,TERI CBS Knowledge Library & Archives,A%20G20%20Coalition%20on%20Emerging.pdf,https://www.teriin.org/sites/default/files/2025-04/A%20G20%20Coalition%20on%20Emerging.pdf,A G20 Coalition on Emerging Technologies for a Zero-Carbon Climate-Resilient Sustainable Future&nbsp;,2025-10-14T05:46:21+00:00,2025-04,managed_path_month,True,2025-10-14 05:46:21,False,False,True
,inbody,page,7ab4f700-1817-4571-b094-d16c15d162da,TERI CBS Knowledge Library & Archives,T20_PB_TF5_1_A_Framework_for_Enhancing_International_Climate_Finance_Flows.pdf,https://www.global-solutions-initiative.org/wp-content/uploads/2025/03/T20_PB_TF5_1_A_Framework_for_Enhancing_International_Climate_Finance_Flows.pdf,A Framework for Enhancing International Climate Finance Flows&nbsp;,2025-10-14T05:46:21+00:00,,external_host,False,,False,False,False
inbody:219f9e83769eb98d597a71f6dc07b9ced7e9baa7,inbody,page,7ab4f700-1817-4571-b094-d16c15d162da,TERI CBS Knowledge Library & Archives,insights%20from%20the%20cement%20sector%20decarbonization%20road%20map%20workshop%20in%20india.pdf,https://www.teriin.org/sites/default/files/2022-09/insights%20from%20the%20cement%20sector%20decarbonization%20road%20map%20workshop%20in%20india.pdf,Insights from the Cement Sector Decarbonization Road-Map Workshop in India&nbsp;,2025-10-14T05:46:21+00:00,2022-09,managed_path_month,True,2025-10-14 05:46:21,False,False,True
inbody:a1e948a267a45147d208b3daccf4e9302e5ffadb,inbody,page,7ab4f700-1817-4571-b094-d16c15d162da,TERI CBS Knowledge Library & Archives,Insights%20from%20the%20steel%20sector%20decarbonization%20road-map%20workshop%20in%20India.pdf,https://www.teriin.org/sites/default/files/2022-09/Insights%20from%20the%20steel%20sector%20decarbonization%20road-map%20workshop%20in%20India.pdf,Insights from the Steel Sector Decarbonization Road-Map Workshop in India&nbsp;,2025-10-14T05:46:21+00:00,2022-09,managed_path_month,True,2025-10-14 05:46:21,False,False,True
inbody:c88e599f87f9f797b0e929389913146dd8454508,inbody,page,7ab4f700-1817-4571-b094-d16c15d162da,TERI CBS Knowledge Library & Archives,Roadmap-to-India-2030-Decarbonization-Target.pdf,https://www.teriin.org/sites/default/files/files/Roadmap-to-India-2030-Decarbonization-Target.pdf,Roadmap to India’s 2030 Decarbonization Target&nbsp;,2025-10-14T05:46:21+00:00,,unmanaged_no_file_entity,True,2025-10-14 05:46:21,False,False,True
inbody:d72df4505c49686dd60fde674bdc5b942da2f946,inbody,page,7ab4f700-1817-4571-b094-d16c15d162da,TERI CBS Knowledge Library & Archives,Technical%20Annex%20of%20Green%20Steel%20Roadmap.pdf,https://www.teriin.org/sites/default/files/2022-07/Technical%20Annex%20of%20Green%20Steel%20Roadmap.pdf,Achieving Green Steel: A Roadmap Towards a Sustainable Steel Sector in India: Technical Annex&nbsp;,2025-10-14T05:46:21+00:00,2022-07,managed_path_month,True,2025-10-14 05:46:21,False,False,True
inbody:3fcffb7d9acf067898e403f7204638bba07c0fce,inbody,page,7ab4f700-1817-4571-b094-d16c15d162da,TERI CBS Knowledge Library & Archives,policybrief-green-steel.pdf,https://www.teriin.org/sites/default/files/2021-08/policybrief-green-steel.pdf,Green Steel through Hydrogen Direct Reduction: A Study on the Role of Hydrogen in the Indian Iron and Steel Sector&nbsp;,2025-10-14T05:46:21+00:00,2021-08,managed_path_month,True,2025-10-14 05:46:21,False,False,True
inbody:fda8d5d456d29a17b14458705fdfc435aecc3778,inbody,page,7ab4f700-1817-4571-b094-d16c15d162da,TERI CBS Knowledge Library & Archives,Report%20on%20The%20Potential%20Role%20of%20Hydrogen%20in%20India%20%E2%80%93%20%27Harnessing%20the%20Hype%27.pdf,https://www.teriin.org/sites/default/files/2020-12/Report%20on%20The%20Potential%20Role%20of%20Hydrogen%20in%20India%20%E2%80%93%20%27Harnessing%20the%20Hype%27.pdf,The Potential Role of Hydrogen in India&nbsp;,2025-10-14T05:46:21+00:00,2020-12,managed_path_month,True,2025-10-14 05:46:21,False,False,True
inbody:6c0b193a85e2b8e859fe867d3271888feef95d2d,inbody,page,7ab4f700-1817-4571-b094-d16c15d162da,TERI CBS Knowledge Library & Archives,Making-Mission-Possible-Report.pdf,https://www.teriin.org/sites/default/files/2020-09/Making-Mission-Possible-Report.pdf,Making Mission Possible: Delivering a Net-Zero Economy&nbsp;,2025-10-14T05:46:21+00:00,2020-09,managed_path_month,True,2025-10-14 05:46:21,False,False,True
inbody:8649000169f40ca6f577710fd0c373ca63990afd,inbody,page,7ab4f700-1817-4571-b094-d16c15d162da,TERI CBS Knowledge Library & Archives,Open-Access.pdf,https://www.teriin.org/sites/default/files/2020-09/Open-Access.pdf,Open Access: Stakeholders’ Perspective&nbsp;,2025-10-14T05:46:21+00:00,2020-09,managed_path_month,True,2025-10-14 05:46:21,False,False,True
inbody:440333713886b52eee3012ef754c85af5d66f533,inbody,page,7ab4f700-1817-4571-b094-d16c15d162da,TERI CBS Knowledge Library & Archives,Bending-the-Curve_Report.pdf,https://www.teriin.org/sites/default/files/2020-09/Bending-the-Curve_Report.pdf,Bending the Curve: 2025 Forecasts for Electricity Demand by Sector and Indian States in the Light of the COVID-19 Epidemic&nbsp;,2025-10-14T05:46:21+00:00,2020-09,managed_path_month,True,2025-10-14 05:46:21,False,True,True
inbody:e83222415ef3196fe8173814b1c6d66110c7be6e,inbody,page,7ab4f700-1817-4571-b094-d16c15d162da,TERI CBS Knowledge Library & Archives,Renewable-Power-Pathways-Report.pdf,https://www.teriin.org/sites/default/files/2020-07/Renewable-Power-Pathways-Report.pdf,Renewable Power Pathways: Modelling Integration of Wind and Solar in India by 2030&nbsp;,2025-10-14T05:46:21+00:00,2020-07,managed_path_month,True,2025-10-14 05:46:21,False,False,True
inbody:0643a288b6cc13818077dbcb9803a5a259c9d8c8,inbody,page,7ab4f700-1817-4571-b094-d16c15d162da,TERI CBS Knowledge Library & Archives,Hydrogen-Policy-Brief.pdf,https://www.teriin.org/sites/default/files/2020-06/Hydrogen-Policy-Brief.pdf,Make Hydrogen in India: Driving India Towards The Clean Energy Technology Frontier&nbsp;,2025-10-14T05:46:21+00:00,2020-06,managed_path_month,True,2025-10-14 05:46:21,False,False,True
inbody:58495b1e65fa53b00e7a8b4a1f8d901f8cb44963,inbody,page,7ab4f700-1817-4571-b094-d16c15d162da,TERI CBS Knowledge Library & Archives,towards-low-carbon-sector.pdf,https://www.teriin.org/sites/default/files/2020-01/towards-low-carbon-sector.pdf,"Towards a Low Carbon Steel Sector: Overview of the Changing Market, Technology, and Policy Context for Indian Steel&nbsp;",2025-10-14T05:46:21+00:00,2020-01,managed_path_month,True,2025-10-14 05:46:21,False,False,True
inbody:e4d031fc0064198267d35a89aa9712be46ee9295,inbody,page,7ab4f700-1817-4571-b094-d16c15d162da,TERI CBS Knowledge Library & Archives,A%E2%80%93Z%20Dictionary%20of%20Sustainability_Booklet_2024.pdf,https://www.teriin.org/sites/default/files/2024-01/A%E2%80%93Z%20Dictionary%20of%20Sustainability_Booklet_2024.pdf,A to Z of Sustainability&nbsp;,2025-10-14T05:46:21+00:00,2024-01,managed_path_month,True,2025-10-14 05:46:21,True,False,True
inbody:1e6e674f637d46f08155c60084a6a9b1f5527406,inbody,page,7ab4f700-1817-4571-b094-d16c15d162da,TERI CBS Knowledge Library & Archives,sustainability-trends-2018-report.pdf,https://www.teriin.org/sites/default/files/2018-12/sustainability-trends-2018-report.pdf,Sustainability Super Trends-2018: Implications for Indian Companies&nbsp;,2025-10-14T05:46:21+00:00,2018-12,managed_path_month,True,2025-10-14 05:46:21,True,True,True
inbody:60697e895aa73a835a909c8bd19927b5aa9a9fc9,inbody,page,7ab4f700-1817-4571-b094-d16c15d162da,TERI CBS Knowledge Library & Archives,TERI-YES_BANK_Circular_Economy_Report.pdf,https://www.teriin.org/sites/default/files/2018-03/TERI-YES_BANK_Circular_Economy_Report.pdf,Circular Economy - A Business Imperative for India&nbsp;,2025-10-14T05:46:21+00:00,2018-03,managed_path_month,True,2025-10-14 05:46:21,False,False,True
inbody:fe160b9e135fd758073f259e203b6a7a320cda38,inbody,page,7ab4f700-1817-4571-b094-d16c15d162da,TERI CBS Knowledge Library & Archives,electric-mobility.pdf,https://www.teriin.org/sites/default/files/2018-03/electric-mobility.pdf,Electric Mobility Paradigm Shift&nbsp;,2025-10-14T05:46:21+00:00,2018-03,managed_path_month,True,2025-10-14 05:46:21,False,False,True
inbody:9455f532f307af6142788147e01966f2903f8daa,inbody,page,7ab4f700-1817-4571-b094-d16c15d162da,TERI CBS Knowledge Library & Archives,Valuation_of_Energy_Costs.pdf,https://teriin.org/files/Valuation_of_Energy_Costs.pdf,Valuation of Energy Costs in the Indian Context&nbsp;,2025-10-14T05:46:21+00:00,,unmanaged_no_file_entity,True,2025-10-14 05:46:21,False,False,True
inbody:b1a881c3f14cdd83a5766660229ae81753061649,inbody,page,7ab4f700-1817-4571-b094-d16c15d162da,TERI CBS Knowledge Library & Archives,Integrated_water_management.pdf,https://teriin.org/files/Integrated_water_management.pdf,Integrated Water Management Framework for Industries&nbsp;,2025-10-14T05:46:21+00:00,,unmanaged_no_file_entity,True,2025-10-14 05:46:21,False,False,True
inbody:5dd4920460a5bd0ae3e6e290f20bd72d2ba02641,inbody,page,7ab4f700-1817-4571-b094-d16c15d162da,TERI CBS Knowledge Library & Archives,Energy_Efficiency_Compendium.pdf,https://teriin.org/files/Energy_Efficiency_Compendium.pdf,Compendium of Energy Efficiency and Renewable Energy Best Practices&nbsp;,2025-10-14T05:46:21+00:00,,unmanaged_no_file_entity,True,2025-10-14 05:46:21,False,False,True
inbody:4e4d9b50c772960dcdf598353b07a6c2c565d9ad,inbody,page,7ab4f700-1817-4571-b094-d16c15d162da,TERI CBS Knowledge Library & Archives,Operationalising_Sustainability_in_Value_Chain.pdf,https://teriin.org/files/Operationalising_Sustainability_in_Value_Chain.pdf,Operationalizing Sustainability in Value Chain,2025-10-14T05:46:21+00:00,,unmanaged_no_file_entity,True,2025-10-14 05:46:21,False,False,True
inbody:2981afcae628b4359b2511cee18e4ba722259f8b,inbody,page,0c3f4c50-ad67-47ff-8ebd-25d928354053,WORLD SUSTAINABLE DEVELOPMENT SUMMIT (2001-2026) : An Archival Pocketbook,WSDS_2001_2026_An_Archival_Pocketbook.pdf,https://teriin.org/files/WSDS_2001_2026_An_Archival_Pocketbook.pdf,View Publication,2026-02-25T04:00:05+00:00,,unmanaged_no_file_entity,True,2026-02-25 04:00:05,True,False,True
,inbody,page,498f897d-8577-4d47-b70f-3e9e7e91b909,Articles & Publications,Jan-Feb-2024-India-Foundation-Journal.pdf,https://indiafoundation.in/wp-content/uploads/2024/01/Jan-Feb-2024-India-Foundation-Journal.pdf,Energy Policies for India_Jan – Feb 2024_India Foundation Journal,2026-07-08T04:07:29+00:00,,external_host,False,,True,True,False
inbody:cec166286f59a0b068799b35f3307dd9d36dd575,inbody,page,498f897d-8577-4d47-b70f-3e9e7e91b909,Articles & Publications,Pumped_Storage%20_Plants_Discussion_Paper_2023.pdf,https://www.teriin.org/sites/default/files/2024-01/Pumped_Storage%20_Plants_Discussion_Paper_2023.pdf,TERI’s Report on ‘Pumped Storage Plants (PSP) – Essential for India’s Energy Transition’ - 20 November 2023,2026-07-08T04:07:29+00:00,2024-01,managed_path_month,True,2026-07-08 04:07:29,True,True,True
inbody:13929dee8d24145d68fb8cf3b5714fdbdd382849,inbody,research_papers,b307ecda-605f-4447-96b2-88c96e7c618d,"Traditional uses of the wild plants by the tribal communities of Jawhar, Palghar, Maharashtra, India",best-paper-certificate.pdf,http://www.teriin.org/sites/default/files/files/best-paper-certificate.pdf,Best Paper Award,2018-03-08T08:25:51+00:00,,unmanaged_no_file_entity,True,2018-03-08 08:25:51,False,False,True
,inbody,research_papers,311bf9be-b0a7-4ae7-931b-9a9b8aeeaa9f,Discussion paper: Challenges and opportunities - plastic waste management In India ,factsheet.pdf,/sites/default/files/files/factsheet.pdf,,2018-06-03T10:10:40+00:00,,unmanaged_no_file_entity,False,,False,False,True
inbody:02df64813193c6a990d31788638b13ba2cf15a03,inbody,research_papers,c142ce2c-aac6-4c48-a1ed-1147bbaefa7e,"Decentralized Organic Waste Management with Small-Scale Anaerobic Digester - A Case Study of Pune, India ",ISWA_PuneBiodigesters_Frankiewicz.pdf,http://www.teriin.org/sites/default/files/files/ISWA_PuneBiodigesters_Frankiewicz.pdf,presentation,2019-01-22T11:35:07+00:00,,unmanaged_no_file_entity,True,2019-01-22 11:35:07,False,False,True
,inbody,research_papers,315ec885-59a4-4edd-9f16-409563770603,Roadmap for achieving additional 2.5-3 billion tons CO2e sequestration from forestry sector by 2030,432_IJAR-28368.pdf,http://www.journalijar.com/uploads/432_IJAR-28368.pdf,Read full paper here,2019-10-14T08:45:42+00:00,,external_host,False,,False,False,False
inbody:ac547aedc59350ed405111236f28b0f8730c8bb8,inbody,research_papers,33f072c6-5090-4baa-8c2e-c3a45ae0a340,Supporting India on SDG 12 Monitoring and Reporting: A Critical Appraisal,SDG%2012_Supporting_NIF_0.pdf,https://www.teriin.org/sites/default/files/2021-09/SDG%2012_Supporting_NIF_0.pdf,Download,2021-09-24T11:22:39+00:00,2021-09,managed_path_month,True,2021-09-24 11:22:39,True,False,True
inbody:653919b8983ef29b2d1fe80377ee8cc727be6a2f,inbody,research_papers,862bb586-1914-40ce-bc89-97f99869e872,Discussion paper on India’s Journey to Net Zero: A Conceptual Framework  for Analysis,Net%20Zero%20Report%20_24-5-2024.pdf,https://www.teriin.org/sites/default/files/2024-05/Net%20Zero%20Report%20_24-5-2024.pdf,https://www.teriin.org/sites/default/files/2024-05/Net%20Zero%20Report%20_24-5-2024.pdf,2024-05-20T08:00:00+00:00,2024-05,managed_path_month,True,2024-05-20 08:00:00,True,True,True
inbody:c62c001d68c8ddc6dc67127274bb9f9aeacb7c68,inbody,research_papers,862bb586-1914-40ce-bc89-97f99869e872,Discussion paper on India’s Journey to Net Zero: A Conceptual Framework  for Analysis,Presentatio_Conceptual_Framework.pdf,https://teriin.org/sites/default/files/files/Presentatio_Conceptual_Framework.pdf,https://teriin.org/sites/default/files/files/Presentatio_Conceptual_Framework.pdf,2024-05-20T08:00:00+00:00,,unmanaged_no_file_entity,True,2024-05-20 08:00:00,False,False,True
inbody:6bd095df0ef0b65d27c569c430b312342b8643b4,inbody,research_papers,7eb6eaa8-31f3-4db6-98bb-e5a0fc12e972,Hydrogen Rotary Kilns for Ironmaking in India,Hydrogen-rotary-kilns-for-ironmaking.pdf,https://teriin.org/files/Hydrogen-rotary-kilns-for-ironmaking.pdf,Download,2025-11-21T11:28:49+00:00,,unmanaged_no_file_entity,True,2025-11-21 11:28:49,False,False,True
inbody:b876bc54c70561b5c1e91dcfcd0f227474de8ac0,inbody,completed_projects,c409cf29-8f52-40e2-93c0-a435554d8e77,Development of microbial process for in-situ generation/enhancement of methane from  underground coal seams,methan-research-paper.pdf,http://www.teriin.org/sites/default/files/2018-05/methan-research-paper.pdf,Click here,2017-12-27T07:07:21+00:00,2018-05,managed_path_month,True,2017-12-27 07:07:21,False,False,True
,inbody,completed_projects,f2653475-6843-4ea8-b2d5-fd23fcf52ff7,"Water-Energy-Food Nexus Research Area: Mapping Institutions, Researchers and Funders in India",Final_-_Water-Energy-Food_Nexus_Research_Area_by_TERI.pdf,https://www.gov.uk/government/uploads/system/uploads/attachment_data/file/430625/Final_-_Water-Energy-Food_Nexus_Research_Area_by_TERI.pdf,study,2017-12-28T08:23:05+00:00,,external_host,False,,False,False,False
,inbody,completed_projects,54ac5af2-7f47-4887-9b55-f5a78a0ac7de,HighNoon: adaptation to changing water resources availability in northern India with Himalayan glacier retreat and changing monsoon pattern,casestudy.pdf,ResUpdate/casestudy.pdf,Description of case study sites,2017-12-28T08:23:05+00:00,,external_host,False,,False,False,False
,inbody,completed_projects,54ac5af2-7f47-4887-9b55-f5a78a0ac7de,HighNoon: adaptation to changing water resources availability in northern India with Himalayan glacier retreat and changing monsoon pattern,stakeholder.pdf,ResUpdate/stakeholder.pdf,Stakeholder material,2017-12-28T08:23:05+00:00,,external_host,False,,False,False,False
,inbody,completed_projects,54ac5af2-7f47-4887-9b55-f5a78a0ac7de,HighNoon: adaptation to changing water resources availability in northern India with Himalayan glacier retreat and changing monsoon pattern,HighNoon_Policy_Brief_nov.pdf,ResUpdate/HighNoon_Policy_Brief_nov.pdf,HighNoon: A Science and Policy Brief,2017-12-28T08:23:05+00:00,,external_host,False,,False,False,False
,inbody,completed_projects,067e6f91-fb47-4326-9832-e6623d9b01ac,Environmental building guidelines for Hyderabad metropolitan area,HMDA-Building_Guidelines-Full-Low_Res.pdf,themes/sustainable/pdf/HMDA-Building_Guidelines-Full-Low_Res.pdf,Download PDF,2017-12-28T08:23:05+00:00,,external_host,False,,False,False,False
,inbody,completed_projects,6e4c04d8-44a9-41e4-955c-65cdeaa2890b,Building an energy secure future for India: in consultation with stakeholders,Building_an_Energy_Secure_Future_for_India_(2010).pdf,ResUpdate/Building_an_Energy_Secure_Future_for_India_(2010).pdf,Download Report,2017-12-28T08:58:09+00:00,,external_host,False,,True,False,False
,inbody,completed_projects,6e4c04d8-44a9-41e4-955c-65cdeaa2890b,Building an energy secure future for India: in consultation with stakeholders,DSDS_SplEvent1.pdf,ResUpdate/Khemka/DSDS_SplEvent1.pdf,Energy and climate,2017-12-28T08:58:09+00:00,,external_host,False,,False,False,False
,inbody,completed_projects,6e4c04d8-44a9-41e4-955c-65cdeaa2890b,Building an energy secure future for India: in consultation with stakeholders,DSDS_SplEvent2.pdf,ResUpdate/Khemka/DSDS_SplEvent2.pdf,"Lifestyles, energy security and climate",2017-12-28T08:58:09+00:00,,external_host,False,,False,False,False
,inbody,completed_projects,9ba59d99-7664-4678-a2d5-e8cbfc7520e6,Development of building regulations and guidelines to achieve energy efficiency in Bangalore city,ch_1.pdf,ResUpdate/reep/ch_1.pdf,"Development of building regulations and guidelines to achieve energy efficiency in Bangalore city Bangalore, the silicon valley of India is experiencing rapid growth in population. The power demand from the buildings that house this population is resulting in rapid growth of energy demand in the metropolis. Demand is projected to increase from 1850MW in 2010 to 3950MW in 2020. This has thrown up the challenge of increasing energy efficiency in the city, a major part of which includes energy efficiency in its buildings. This is because buildings alone are major contributors to energy consumption and energy efficient buildings provide huge opportunities for conservation of energy resources. The current building by-laws of Bangalore do not cover all aspects of energy efficiency that are required to be integrated in the built-environment of the city. In order to fill this gap, TERI University in partnership with a few other organisations has developed a framework to integrate energy-efficiency regulations with the existing building by-laws of the city. The framework includes a set of nine guidelines which TERI University has developed with the support of The Renewable Energy &amp; Energy Efficiency Partnership (REEEP). The guidelines include aspects like solar passive design for new buildings, roof treatment to reduce heat absorption by the buildings, installation of energy efficient lighting systems, use of equipment and appliances that are labeled by the Bureau of Energy Efficiency (BEE), solar water heating systems and mandatory energy audit. According to the framework, these guidelines should be integrated with existing building bylaws as a mandatory requirement, technical guidelines designed for them and their benefits should be pointed out. This integration will help to convert the city into an energy-efficient metropolis. The project titled ""Development of environmental building regulations and guidelines to achieve energy efficiency in Bangalore city"" was steered by TERI University, in partnership with Bruhat Bengaluru Mahanagara Palike (BBMP) and Bangalore Development Authority (BDA). Other associated organisations are Bangalore Electricity Supply Company (BESCOM) and Karnataka Renewable Energy Development Ltd (KREDL). The Bangalore Metropolitan Region which covers an area of 8005 km2 will be housing a population of approximately 8.8 million by 2011. This growth of population will be associated with construction of several new buildings and BDA and BBMP will be responsible for implementing the buildings regulations in the new buildings as well as the existing ones. Information booklets on energy efficiency and integration of renewable energy in Kannada",2017-12-28T08:58:09+00:00,,external_host,False,,False,True,False
,inbody,completed_projects,9ba59d99-7664-4678-a2d5-e8cbfc7520e6,Development of building regulations and guidelines to achieve energy efficiency in Bangalore city,brochure-format-English.pdf,ResUpdate/reep/brochure-format-English.pdf,English,2017-12-28T08:58:09+00:00,,external_host,False,,False,False,False
,inbody,completed_projects,9ba59d99-7664-4678-a2d5-e8cbfc7520e6,Development of building regulations and guidelines to achieve energy efficiency in Bangalore city,energy_efficiency_architectural_design.pdf,ResUpdate/reep/energy_efficiency_architectural_design.pdf,Integration of energy efficiency through architectural design,2017-12-28T08:58:09+00:00,,external_host,False,,False,False,False
,inbody,completed_projects,9ba59d99-7664-4678-a2d5-e8cbfc7520e6,Development of building regulations and guidelines to achieve energy efficiency in Bangalore city,electrical.pdf,ResUpdate/reep/electrical.pdf,Guideline for energy efficient electrical systems for buildings,2017-12-28T08:58:09+00:00,,external_host,False,,False,False,False
,inbody,completed_projects,9ba59d99-7664-4678-a2d5-e8cbfc7520e6,Development of building regulations and guidelines to achieve energy efficiency in Bangalore city,reep_overview.pdf,ResUpdate/reep/reep_overview.pdf,Development of building regulations and guidelines to achieve energy efficiency in Bangalore city,2017-12-28T08:58:09+00:00,,external_host,False,,False,False,False
,inbody,completed_projects,9ba59d99-7664-4678-a2d5-e8cbfc7520e6,Development of building regulations and guidelines to achieve energy efficiency in Bangalore city,reep_solar.pdf,ResUpdate/reep/reep_solar.pdf,Solar thermal technology,2017-12-28T08:58:09+00:00,,external_host,False,,False,False,False
,inbody,completed_projects,9ba59d99-7664-4678-a2d5-e8cbfc7520e6,Development of building regulations and guidelines to achieve energy efficiency in Bangalore city,reeep_implementation.pdf,ResUpdate/reep/reeep_implementation.pdf,Implementation of framed regulations &amp; guidelines to achieve energy efficiency in Bangalore city,2017-12-28T08:58:09+00:00,,external_host,False,,False,False,False
,inbody,completed_projects,9ba59d99-7664-4678-a2d5-e8cbfc7520e6,Development of building regulations and guidelines to achieve energy efficiency in Bangalore city,reep_lighting.pdf,ResUpdate/reep/reep_lighting.pdf,Energy efficiency in artificial lighting systems,2017-12-28T08:58:09+00:00,,external_host,False,,False,False,False
,inbody,completed_projects,c09ce660-255b-4345-acd9-5a21f67fba48,"Capability, governance, and nanotechnology developments: a focus on India",D1_Review_of_international_nanotechnology_developments_and.pdf,nano-uploads/D1_Review_of_international_nanotechnology_developments_and.pdf,Full report,2017-12-28T08:58:09+00:00,,external_host,False,,False,False,False
,inbody,completed_projects,c09ce660-255b-4345-acd9-5a21f67fba48,"Capability, governance, and nanotechnology developments: a focus on India",D2_NT_developments_Review.pdf,nano-uploads/D2_NT_developments_Review.pdf,Full report,2017-12-28T08:58:09+00:00,,external_host,False,,False,False,False
,inbody,completed_projects,c09ce660-255b-4345-acd9-5a21f67fba48,"Capability, governance, and nanotechnology developments: a focus on India",D3_Risk_perspectives_April_2010.pdf,nano-uploads/D3_Risk_perspectives_April_2010.pdf,Full report,2017-12-28T08:58:09+00:00,,external_host,False,,True,False,False
,inbody,completed_projects,c09ce660-255b-4345-acd9-5a21f67fba48,"Capability, governance, and nanotechnology developments: a focus on India",D5_NT_Development_in_India_Apri_2010.pdf,nano-uploads/D5_NT_Development_in_India_Apri_2010.pdf,Full report,2017-12-28T08:58:09+00:00,,external_host,False,,True,False,False
,inbody,completed_projects,c09ce660-255b-4345-acd9-5a21f67fba48,"Capability, governance, and nanotechnology developments: a focus on India",D6_Regulatory_challenges_April_2010.pdf,nano-uploads/D6_Regulatory_challenges_April_2010.pdf,Full report,2017-12-28T08:58:09+00:00,,external_host,False,,True,False,False
,inbody,completed_projects,c09ce660-255b-4345-acd9-5a21f67fba48,"Capability, governance, and nanotechnology developments: a focus on India",D7_capability_framework.pdf,nano-uploads/D7_capability_framework.pdf,Full report,2017-12-28T08:58:09+00:00,,external_host,False,,False,False,False
,inbody,completed_projects,c09ce660-255b-4345-acd9-5a21f67fba48,"Capability, governance, and nanotechnology developments: a focus on India",D8_MLG_framework_for NT_April 2010.pdf,nano-uploads/D8_MLG_framework_for NT_April 2010.pdf,Full report,2017-12-28T08:58:09+00:00,,external_host,False,,True,False,False
,inbody,completed_projects,c09ce660-255b-4345-acd9-5a21f67fba48,"Capability, governance, and nanotechnology developments: a focus on India",Nano_28Jan2010.pdf,img_nano/Nano_28Jan2010.pdf,More...,2017-12-28T08:58:09+00:00,,external_host,False,,True,False,False
,inbody,completed_projects,c09ce660-255b-4345-acd9-5a21f67fba48,"Capability, governance, and nanotechnology developments: a focus on India",Nano_8Jan2010.pdf,img_nano/Nano_8Jan2010.pdf,More...,2017-12-28T08:58:09+00:00,,external_host,False,,True,False,False
,inbody,completed_projects,c09ce660-255b-4345-acd9-5a21f67fba48,"Capability, governance, and nanotechnology developments: a focus on India",Nano_9_10_Jan2010.pdf,img_nano/Nano_9_10_Jan2010.pdf,More...,2017-12-28T08:58:09+00:00,,external_host,False,,True,False,False
,inbody,completed_projects,c09ce660-255b-4345-acd9-5a21f67fba48,"Capability, governance, and nanotechnology developments: a focus on India",Nano_4Feb2010.pdf,img_nano/Nano_4Feb2010.pdf,More...,2017-12-28T08:58:09+00:00,,external_host,False,,True,False,False
,inbody,completed_projects,c09ce660-255b-4345-acd9-5a21f67fba48,"Capability, governance, and nanotechnology developments: a focus on India",Nano_8_Oct2007.pdf,img_nano/Nano_8_Oct2007.pdf,More...,2017-12-28T08:58:09+00:00,,external_host,False,,True,False,False
,inbody,completed_projects,c09ce660-255b-4345-acd9-5a21f67fba48,"Capability, governance, and nanotechnology developments: a focus on India",Nano_27_28_March2008.pdf,img_nano/Nano_27_28_March2008.pdf,More...,2017-12-28T08:58:09+00:00,,external_host,False,,True,False,False
,inbody,completed_projects,c09ce660-255b-4345-acd9-5a21f67fba48,"Capability, governance, and nanotechnology developments: a focus on India",ST_BriefingPap.pdf,div/ST_BriefingPap.pdf,Nanotechnology development in India: the need for building capability and governing the technology,2017-12-28T08:58:09+00:00,,external_host,False,,False,False,False
,inbody,completed_projects,c09ce660-255b-4345-acd9-5a21f67fba48,"Capability, governance, and nanotechnology developments: a focus on India",nano_brochure.pdf,div/nano_brochure.pdf,Download Brochure,2017-12-28T08:58:09+00:00,,external_host,False,,False,False,False
,inbody,completed_projects,efc2e8d8-809f-4408-82cd-fcbfb4fa3b2a,"High Performance Commercial Buildings in India<br>",First_International_workshop_summary.pdf,ResUpdate/First_International_workshop_summary.pdf,High Performance Commercial Buildings in India - First Int ernational Workshop,2017-12-28T08:58:09+00:00,,external_host,False,,False,False,False
,inbody,completed_projects,efc2e8d8-809f-4408-82cd-fcbfb4fa3b2a,"High Performance Commercial Buildings in India<br>",guidelines-issuing-rsources.pdf,ResUpdate/guidelines-issuing-rsources.pdf,2nd International workshop on High Performance Commercial Buildings in India,2017-12-28T08:58:09+00:00,,external_host,False,,False,False,False
,inbody,completed_projects,19e0e918-79d4-4dba-9631-cd55ec8344b3,"Clean water by River bank Filtration - A Demonstration of a Novel Site Selection and Implementation Strategy in Southern India<br>",RBF_flyer.pdf,ResUpdate/RBF_flyer.pdf,,2017-12-28T08:58:09+00:00,,external_host,False,,False,False,False
,inbody,completed_projects,ae825c61-3554-4078-8a4b-8f8bef290bbd,Reducing short lived climate pollutants from solid waste sector in India,final_edmc_assessment_action_plan_report_0.pdf,http://www.waste.ccacoalition.org/sites/default/files/files/final_edmc_assessment_action_plan_report_0.pdf,Read the final assessment report for East Delhi,2018-09-07T11:34:32+00:00,,external_host,False,,False,False,False
,inbody,completed_projects,3c019a90-0cbc-40e8-ab53-743b084f9efd,Exploring factors that enhance and restrict women's empowerment through electrification,Women-empowermnt-electricity-access.pdf,http://efewee.org/files/Women-empowermnt-electricity-access.pdf,Read full report here,2019-05-09T08:27:41+00:00,,external_host,False,,False,False,False
inbody:b418d5edad487ae46c58d296c7488bf81b2c2507,inbody,completed_projects,9655fc2e-72ce-415c-88aa-487a14ebdc8f,TERI to help Tetra Pak formulate strategies to reduce number of straws getting disposed in India,ES2015EE04.pdf,https://www.teriin.org/sites/default/files/completed_es/ES2015EE04.pdf,Post-Consumer Tetra Pak Cartons (PCCs) Management,2020-01-08T05:53:57+00:00,,unmanaged_no_file_entity,True,2020-01-08 05:53:57,True,False,True
inbody:07df59b7cf36916b683d59fd324b56abb807fd59,inbody,completed_projects,604ecc65-9352-40a0-9a1e-751d3115a5dd,Developing Strategies for Control of Air Pollution in India and its Cities,Cost-effectiveness-of -interventions-for-control-of -air-pollution-in-Delhi.pdf,https://www.teriin.org/sites/default/files/2021-12/Cost-effectiveness-of -interventions-for-control-of -air-pollution-in-Delhi.pdf,Download,2020-02-11T11:16:13+00:00,2021-12,managed_path_month,True,2020-02-11 11:16:13,False,False,True
inbody:3d177c1a4b92092f39472689e627c9d01e97fd15,inbody,completed_projects,604ecc65-9352-40a0-9a1e-751d3115a5dd,Developing Strategies for Control of Air Pollution in India and its Cities,Source_Apportionment_Study_of_ Ambient_Particulate_Matter_in_Patna.pdf,https://www.teriin.org/sites/default/files/2021-09/Source_Apportionment_Study_of_ Ambient_Particulate_Matter_in_Patna.pdf,Download,2020-02-11T11:16:13+00:00,2021-09,managed_path_month,True,2020-02-11 11:16:13,False,False,True
inbody:ba0d18d6f398c86ab6e2c8833501590f95d39831,inbody,completed_projects,604ecc65-9352-40a0-9a1e-751d3115a5dd,Developing Strategies for Control of Air Pollution in India and its Cities,Assessment_of_air_quality_during lockdowns_in_Delhi.pdf,https://www.teriin.org/sites/default/files/2021-02/Assessment_of_air_quality_during lockdowns_in_Delhi.pdf,Download,2020-02-11T11:16:13+00:00,2021-02,managed_path_month,True,2020-02-11 11:16:13,False,False,True
inbody:d869c0908990c53d4ca04626db9c7efa9ac2d620,inbody,completed_projects,093c23f1-4a08-42c3-93e1-4c6cf31538b1,Conducting baseline survey to evolve methodology for fixation of Minimum Support Price for selected Minor Forest Produce,Policy%20Brief_Sustainable%20Harvest%20of%20Minor%20Forest%20Produce%20%28MFP%29_10-02-2018.pdf,http://www.teriin.org/sites/default/files/2018-03/Policy%20Brief_Sustainable%20Harvest%20of%20Minor%20Forest%20Produce%20%28MFP%29_10-02-2018.pdf,Download policy brief,2020-03-12T04:29:58+00:00,2018-03,managed_path_month,True,2020-03-12 04:29:58,True,False,True
inbody:5b8587f326245cf2b77f2ea34feb7838daf635d5,inbody,completed_projects,8da7c290-c1a9-433e-9b0b-0e434fc3b84a,Reducing Carbon Footprint and Enhancing Climate Resilience of National Highways in India,Report_Component-I.pdf,https://www.teriin.org/sites/default/files/2021-04/Report_Component-I.pdf,Component I,2020-03-12T04:36:48+00:00,2021-04,managed_path_month,True,2020-03-12 04:36:48,False,False,True
inbody:dc586ea8b326d21eee2a8015467c50c4de96e3b7,inbody,completed_projects,8da7c290-c1a9-433e-9b0b-0e434fc3b84a,Reducing Carbon Footprint and Enhancing Climate Resilience of National Highways in India,Report_Component-II.pdf,https://www.teriin.org/sites/default/files/2021-04/Report_Component-II.pdf,Component II,2020-03-12T04:36:48+00:00,2021-04,managed_path_month,True,2020-03-12 04:36:48,False,False,True
inbody:bd3f17133500c1e25e4c1d2dc931d4ddc4f8f78d,inbody,completed_projects,d7d95190-3a5f-41f1-a7de-331823455bfd,Assessing climate risks to India's oil and gas sector,oil-and-gas.pdf,http://www.teriin.org/sites/default/files/2018-09/oil-and-gas.pdf,,2020-03-12T06:24:41+00:00,2018-09,managed_path_month,True,2020-03-12 06:24:41,False,False,True
,inbody,completed_projects,5dbe955e-d6c2-435b-82ba-d9ce299e7ce1,Strengthening national MRV systems - Options and approaches for India,INDIA SECOND BUR High Res.pdf,https://unfccc.int/sites/default/files/resource/INDIA SECOND BUR High Res.pdf,second BUR,2020-08-04T07:21:56+00:00,,external_host,False,,False,False,False
inbody:c451140cbcf965934ad04f7e2bf333e57f9406a7,inbody,completed_projects,5dbe955e-d6c2-435b-82ba-d9ce299e7ce1,Strengthening national MRV systems - Options and approaches for India,ICAT-Transport.pdf,https://www.teriin.org/sites/default/files/2020-08/ICAT-Transport.pdf,Read more,2020-08-04T07:21:56+00:00,2020-08,managed_path_month,True,2020-08-04 07:21:56,False,False,True
inbody:7b9d669a33ad6fdbbc22052e6f0dcf7055f1d410,inbody,completed_projects,5dbe955e-d6c2-435b-82ba-d9ce299e7ce1,Strengthening national MRV systems - Options and approaches for India,ICAT-Renewable.pdf,https://www.teriin.org/sites/default/files/2020-08/ICAT-Renewable.pdf,Read more,2020-08-04T07:21:56+00:00,2020-08,managed_path_month,True,2020-08-04 07:21:56,False,False,True
inbody:8334262a79317051a20f4477d348eb32ccf30d70,inbody,completed_projects,5dbe955e-d6c2-435b-82ba-d9ce299e7ce1,Strengthening national MRV systems - Options and approaches for India,ICAT-Building.pdf,https://www.teriin.org/sites/default/files/2020-08/ICAT-Building.pdf,Read more,2020-08-04T07:21:56+00:00,2020-08,managed_path_month,True,2020-08-04 07:21:56,False,False,True
inbody:01c91922accbbac6b0318c9bd116e9fe38185fe0,inbody,completed_projects,dd85d398-60b2-43e9-aa9e-097c528ca7fa,Performance Assessment of Electricity Distribution Franchisee of Agra,UPPCL_Report.pdf,https://www.teriin.org/sites/default/files/2020-10/UPPCL_Report.pdf,here,2020-10-29T11:33:51+00:00,2020-10,managed_path_month,True,2020-10-29 11:33:51,False,False,True
inbody:0e9780922e38c71cb2845102a4593d34467929d5,inbody,completed_projects,6c3476ea-4ff1-4ba3-a061-5365fe755f2c,Roadmap for Electrification of Urban Freight in India,Report_PART-I.pdf,https://www.teriin.org/sites/default/files/2020-12/Report_PART-I.pdf,Volume I,2020-12-17T11:04:57+00:00,2020-12,managed_path_month,True,2020-12-17 11:04:57,False,False,True
inbody:7caa60d7abd8a6c62ad60a1507bc146558785644,inbody,completed_projects,6c3476ea-4ff1-4ba3-a061-5365fe755f2c,Roadmap for Electrification of Urban Freight in India,Report_PART-II_0.pdf,https://www.teriin.org/sites/default/files/2020-12/Report_PART-II_0.pdf,Volume II,2020-12-17T11:04:57+00:00,2020-12,managed_path_month,True,2020-12-17 11:04:57,False,False,True
inbody:acba577216dc3669ab31c038eb1005b9c91f3a9f,inbody,completed_projects,9f36b401-1e53-47d0-a4c7-1e04e622ee65,India's case study on Just Transition,Project_Report.pdf,https://www.teriin.org/sites/default/files/2021-04/Project_Report.pdf,Download Report,2021-02-11T11:49:33+00:00,2021-04,managed_path_month,True,2021-02-11 11:49:33,False,False,True
inbody:9408a136dea573fa8a4333ecc1010cb5ec3e0190,inbody,completed_projects,7627687c-a274-4afd-a245-7002f6188314,Food and Land Use Coalition Engagement in India - Phase II,TERI-FOLU_STI_Skills_Report.pdf,https://www.teriin.org/sites/default/files/2021-04/TERI-FOLU_STI_Skills_Report.pdf,Download Report,2021-04-30T07:13:11+00:00,2021-04,managed_path_month,True,2021-04-30 07:13:11,False,False,True
inbody:368916c3bb558277a195217836a8e50774d88b80,inbody,completed_projects,04834741-7c34-4e22-9444-63d98db5b5a8,Special studies for sustainable groundwater management in urban area of Lucknow,Report.pdf,https://www.teriin.org/sites/default/files/2021-06/Report.pdf,Download Report,2021-06-02T11:43:17+00:00,2021-06,managed_path_month,True,2021-06-02 11:43:17,False,False,True
inbody:3b89933b581f256d1b8b061d5eb88174c75615bf,inbody,completed_projects,4c68928c-7549-4683-a963-dcdd26d6452a,Mahindra-TERI Centre of Excellence for Sustainable Habitats,Water%20Efficient%20Measures%20for%20Residential%20Townships-compressed_0.pdf,https://www.teriin.org/sites/default/files/2022-03/Water%20Efficient%20Measures%20for%20Residential%20Townships-compressed_0.pdf,,2021-06-03T08:54:56+00:00,2022-03,managed_path_month,True,2021-06-03 08:54:56,False,False,True
inbody:f2023160fb094fd723f00624af8ef54f348901f3,inbody,completed_projects,4c68928c-7549-4683-a963-dcdd26d6452a,Mahindra-TERI Centre of Excellence for Sustainable Habitats,Water_Sustainability_Assessment_ of_Gurugram.pdf,https://www.teriin.org/sites/default/files/2021-07/Water_Sustainability_Assessment_ of_Gurugram.pdf,Download Report,2021-06-03T08:54:56+00:00,2021-07,managed_path_month,True,2021-06-03 08:54:56,False,False,True
inbody:0294ac3d897dff674fc996a8374fc4f23ac201c0,inbody,completed_projects,4c68928c-7549-4683-a963-dcdd26d6452a,Mahindra-TERI Centre of Excellence for Sustainable Habitats,Water_Sustainability_Assessment_ of _Chennai.pdf,https://www.teriin.org/sites/default/files/2021-06/Water_Sustainability_Assessment_ of _Chennai.pdf,Download Report,2021-06-03T08:54:56+00:00,2021-06,managed_path_month,True,2021-06-03 08:54:56,False,False,True
inbody:b8d1bce6371400941c65abff199b33b28ab353e0,inbody,completed_projects,4c68928c-7549-4683-a963-dcdd26d6452a,Mahindra-TERI Centre of Excellence for Sustainable Habitats,Water_Sustainability_Assessment_%20of_Pune.pdf,https://www.teriin.org/sites/default/files/2021-06/Water_Sustainability_Assessment_%20of_Pune.pdf,Download Report,2021-06-03T08:54:56+00:00,2021-06,managed_path_month,True,2021-06-03 08:54:56,False,False,True
inbody:c03b6408628062e11197759e16830f91949a0cec,inbody,completed_projects,948640f5-c9f8-4d16-abdd-c64c4b6998fe,Just Transition,just-transition-ppt.pdf,https://www.teriin.org/sites/default/files/files/just-transition-ppt.pdf,Download presentation,2021-06-16T12:40:38+00:00,,unmanaged_no_file_entity,True,2021-06-16 12:40:38,False,False,True
,inbody,completed_projects,3c45c295-c69a-4976-8fd7-6d192455c618,India's Industry Sector Transition,Towards%20a%20Low%20Carbon%20Steel%20Sector%20Report.pdf,https://www.teriin.org/sites/default/files/2020-03/Towards%20a%20Low%20Carbon%20Steel%20Sector%20Report.pdf,Download,2021-07-26T09:25:13+00:00,2020-03,managed_path_month,False,,False,False,True
inbody:1f52163e078c5386f15f5e4b468738180c624237,inbody,completed_projects,3c45c295-c69a-4976-8fd7-6d192455c618,India's Industry Sector Transition,Report_on_The_Potential_Role_of_ Hydrogen_in_India.pdf,https://www.teriin.org/sites/default/files/2021-07/Report_on_The_Potential_Role_of_ Hydrogen_in_India.pdf,Download,2021-07-26T09:25:13+00:00,2021-07,managed_path_month,True,2021-07-26 09:25:13,False,False,True
inbody:8f9951e8c59f5ead03cd10eb9d36edfc22d8e07f,inbody,completed_projects,881e61ae-059c-4999-93b8-d6be0b6d860f,Enhancing Low Carbon Transport,Policy-Framework_Charging-%20Infrastructure_Impact-of-EV.pdf,https://www.teriin.org/sites/default/files/files/Policy-Framework_Charging-%20Infrastructure_Impact-of-EV.pdf,Download,2021-10-19T09:42:10+00:00,,unmanaged_no_file_entity,True,2021-10-19 09:42:10,False,False,True
inbody:9e68708b69a06f85689e7a7f46900047fce83238,inbody,completed_projects,39ad51e5-1026-4ff3-9b31-dad85f22c8b1,COP26 Charter of Actions,WSDS-Mobilizing-Green-Finance-Summary_2021_updated.pdf,https://wsds.teriin.org/assets/pdf/WSDS-Mobilizing-Green-Finance-Summary_2021_updated.pdf,Green Finance,2021-11-02T10:22:22+00:00,,unmanaged_no_file_entity,True,2021-11-02 10:22:22,True,False,True
inbody:8fcf089fd7d40762099ba4207515e2970defb3a5,inbody,completed_projects,39ad51e5-1026-4ff3-9b31-dad85f22c8b1,COP26 Charter of Actions,WSDS_Rapporteuring_Energy%20Summary_2021.pdf,https://wsds.teriin.org/assets/pdf/WSDS_Rapporteuring_Energy%20Summary_2021.pdf,Renewable Energy,2021-11-02T10:22:22+00:00,,unmanaged_no_file_entity,True,2021-11-02 10:22:22,True,False,True
,inbody,completed_projects,39ad51e5-1026-4ff3-9b31-dad85f22c8b1,COP26 Charter of Actions,WSDS_A&amp;R%20Roundtable_Summary_2021.pdf,https://wsds.teriin.org/assets/pdf/WSDS_A&amp;R%20Roundtable_Summary_2021.pdf,Adaptation and Resilience,2021-11-02T10:22:22+00:00,,unmanaged_no_file_entity,False,,True,False,True
inbody:05b8bec79eeb78c46502954c191e04d472926395,inbody,completed_projects,39ad51e5-1026-4ff3-9b31-dad85f22c8b1,COP26 Charter of Actions,NbS_Summary.pdf,https://wsds.teriin.org/assets/pdf/NbS_Summary.pdf,Nature-based Solutions,2021-11-02T10:22:22+00:00,,unmanaged_no_file_entity,True,2021-11-02 10:22:22,False,False,True
inbody:58f74db40e1c5c567a0be7c5bf0466057bfad07c,inbody,completed_projects,39ad51e5-1026-4ff3-9b31-dad85f22c8b1,COP26 Charter of Actions,WSDS_Rapporteuring-Template_Transport_Summary_2021.pdf,https://wsds.teriin.org/assets/pdf/WSDS_Rapporteuring-Template_Transport_Summary_2021.pdf,Sustainable Mobility,2021-11-02T10:22:22+00:00,,unmanaged_no_file_entity,True,2021-11-02 10:22:22,True,False,True
inbody:f3140e7404b66f3cd3dfc14cfe96303165bec7a6,inbody,completed_projects,39ad51e5-1026-4ff3-9b31-dad85f22c8b1,COP26 Charter of Actions,cop26-charter.pdf,https://www.teriin.org/sites/default/files/files/cop26-charter.pdf,Download,2021-11-02T10:22:22+00:00,,unmanaged_no_file_entity,True,2021-11-02 10:22:22,False,False,True
inbody:cb68cbca47e73216b7ee06f70adc8f403ab831d4,inbody,completed_projects,39ad51e5-1026-4ff3-9b31-dad85f22c8b1,COP26 Charter of Actions,cop26-charter-summary-document.pdf,https://www.teriin.org/sites/default/files/files/cop26-charter-summary-document.pdf,here,2021-11-02T10:22:22+00:00,,unmanaged_no_file_entity,True,2021-11-02 10:22:22,False,False,True
inbody:cfd80fc8b1c1677087403e1c519b534f6bfd3a01,inbody,completed_projects,ef9b15d5-53f1-4458-b468-c59af661ce56,Does the air quality from the crop residue burning in the close proximity to residential areas adversely affect respiratory health?,patiala-study-teri-report.pdf,https://www.teriin.org/sites/default/files/files/patiala-study-teri-report.pdf,Download,2021-11-16T13:08:36+00:00,,unmanaged_no_file_entity,True,2021-11-16 13:08:36,False,False,True
inbody:dba3b5a0ab870c6368e9f599d2da23594f9c3878,inbody,completed_projects,ef9b15d5-53f1-4458-b468-c59af661ce56,Does the air quality from the crop residue burning in the close proximity to residential areas adversely affect respiratory health?,patiala-study-teri-report.pdf,http://teriin.org/sites/default/files/files/patiala-study-teri-report.pdf,found here,2021-11-16T13:08:36+00:00,,unmanaged_no_file_entity,True,2021-11-16 13:08:36,False,False,True
inbody:525230cf8d2b0aad4bf39b03089b698b002e5214,inbody,completed_projects,e984df3f-c654-426e-817e-e6f43a6fbf99,De-Risking Investment in Solar Energy,Measures_to Address_DISCOMS_risks.pdf,https://www.teriin.org/sites/default/files/2022-01/Measures_to Address_DISCOMS_risks.pdf,Download,2021-12-07T12:35:57+00:00,2022-01,managed_path_month,True,2021-12-07 12:35:57,False,False,True
inbody:71423a8f581b3cae1b8944f2561fe74bbbe3d7cd,inbody,completed_projects,e984df3f-c654-426e-817e-e6f43a6fbf99,De-Risking Investment in Solar Energy,De-Risking_Investments_ in_India_Solar_Sector.pdf,https://www.teriin.org/sites/default/files/2021-12/De-Risking_Investments_ in_India_Solar_Sector.pdf,Download,2021-12-07T12:35:57+00:00,2021-12,managed_path_month,True,2021-12-07 12:35:57,False,False,True
inbody:fab400ab5c2bc35c8f7a64f18a0de6bb2c5d28aa,inbody,completed_projects,e984df3f-c654-426e-817e-e6f43a6fbf99,De-Risking Investment in Solar Energy,Socio-environmental De-Risking Instruments for-solar-power-in-India.pdf,https://www.teriin.org/sites/default/files/2021-12/Socio-environmental De-Risking Instruments for-solar-power-in-India.pdf,Download,2021-12-07T12:35:57+00:00,2021-12,managed_path_month,True,2021-12-07 12:35:57,False,False,True
inbody:294bafe934345990fb7cd20a7354fad382f9306d,inbody,completed_projects,ffadd2bc-c60a-418d-9cd4-21ddee1e2864,Assessment for aggregating DSM opportunities at utility level amongst industrial consumers for low carbon growth,Aggregating_DSM Opportunities_Report.pdf,https://www.teriin.org/sites/default/files/2021-12/Aggregating_DSM Opportunities_Report.pdf,Download,2021-12-16T10:17:11+00:00,2021-12,managed_path_month,True,2021-12-16 10:17:11,False,False,True
inbody:0e34ee80b2ddc3e021f1abf9ce6b7aa5b25f9023,inbody,completed_projects,c782e016-a33f-43ed-87fc-b0570e10ec28,Mitigating Emissions from Fertiliser Use and Enhancing Land Quality,Working_Paper2.pdf,https://www.teriin.org/sites/default/files/2022-01/Working_Paper2.pdf,Download,2022-01-04T08:17:41+00:00,2022-01,managed_path_month,True,2022-01-04 08:17:41,False,False,True
inbody:520909b198418380c98bf288c7df187daf137d2f,inbody,completed_projects,c782e016-a33f-43ed-87fc-b0570e10ec28,Mitigating Emissions from Fertiliser Use and Enhancing Land Quality,Working_Paper1.pdf,https://www.teriin.org/sites/default/files/2022-01/Working_Paper1.pdf,Download,2022-01-04T08:17:41+00:00,2022-01,managed_path_month,True,2022-01-04 08:17:41,False,False,True
inbody:73783152a652f27cb94056c32515f3d1a32b4aa3,inbody,completed_projects,d0862988-7da3-4701-85ad-8f74b48714f8,Distribution Utilities Forum: A stakeholder forum for key actors in electricity distribution sector,Energy_Storage_at the_Distribution_Report.pdf,https://www.teriin.org/sites/default/files/2022-01/Energy_Storage_at the_Distribution_Report.pdf,"Energy Storage at the Distribution Level – Technologies, Costs and Applications",2022-01-19T04:49:21+00:00,2022-01,managed_path_month,True,2022-01-19 04:49:21,False,False,True
inbody:33bb7c6ce99ed579f7c6adc541f4ac42601009e4,inbody,completed_projects,d0862988-7da3-4701-85ad-8f74b48714f8,Distribution Utilities Forum: A stakeholder forum for key actors in electricity distribution sector,Solar_rooftop_Perspective _of_Discoms.pdf,https://www.teriin.org/sites/default/files/2022-01/Solar_rooftop_Perspective _of_Discoms.pdf,Solar Rooftop: Perspective of Discoms,2022-01-19T04:49:21+00:00,2022-01,managed_path_month,True,2022-01-19 04:49:21,False,False,True
inbody:897f7cd44ce0112a90d431db1b41c49e104867a7,inbody,completed_projects,d0862988-7da3-4701-85ad-8f74b48714f8,Distribution Utilities Forum: A stakeholder forum for key actors in electricity distribution sector,Rural_electrification.pdf,https://www.teriin.org/sites/default/files/2022-01/Rural_electrification.pdf,Rural electrification: Impact on distribution companies in India,2022-01-19T04:49:21+00:00,2022-01,managed_path_month,True,2022-01-19 04:49:21,False,False,True
inbody:5daf92cc9b946a1cc0a8df54a9a271634b1f5ad7,inbody,completed_projects,d0862988-7da3-4701-85ad-8f74b48714f8,Distribution Utilities Forum: A stakeholder forum for key actors in electricity distribution sector,Electric_Vehicles.pdf,https://www.teriin.org/sites/default/files/2022-01/Electric_Vehicles.pdf,'Electric Vehicles: Perspective of DISCOMS and Stakeholders',2022-01-19T04:49:21+00:00,2022-01,managed_path_month,True,2022-01-19 04:49:21,False,False,True
inbody:65f6421ab81d4037fd55be7a24468b4d09a0f89a,inbody,completed_projects,d0862988-7da3-4701-85ad-8f74b48714f8,Distribution Utilities Forum: A stakeholder forum for key actors in electricity distribution sector,Cost-Supply-Electricity.pdf,https://www.teriin.org/sites/default/files/2022-01/Cost-Supply-Electricity.pdf,'Cost of Supply of Electricity - A Systemic Review and Way Forward for Indian DISCOMs',2022-01-19T04:49:21+00:00,2022-01,managed_path_month,True,2022-01-19 04:49:21,False,False,True
inbody:065f2d1379602c8079393a703fc6e686749065af,inbody,completed_projects,d0862988-7da3-4701-85ad-8f74b48714f8,Distribution Utilities Forum: A stakeholder forum for key actors in electricity distribution sector,Open-Access-Stakeholders -Prespective.pdf,https://www.teriin.org/sites/default/files/2022-01/Open-Access-Stakeholders -Prespective.pdf,'Open Access: Stakeholders' Perspective',2022-01-19T04:49:21+00:00,2022-01,managed_path_month,True,2022-01-19 04:49:21,False,False,True
,inbody,completed_projects,07a75a35-1e3e-4dc4-81da-df7c1dd0df47,Climate Transparency activities in seven G20 countries,CT2021-Highlights-Report.pdf,https://www.climate-transparency.org/wp-content/uploads/2021/10/CT2021-Highlights-Report.pdf,Report,2022-03-10T12:25:38+00:00,,external_host,False,,True,False,False
,inbody,completed_projects,07a75a35-1e3e-4dc4-81da-df7c1dd0df47,Climate Transparency activities in seven G20 countries,CT2021India.pdf,https://www.climate-transparency.org/wp-content/uploads/2021/10/CT2021India.pdf,India Profile,2022-03-10T12:25:38+00:00,,external_host,False,,True,False,False
inbody:7f61b2d2e1a12c02869e7e2ab313b6b25f068316,inbody,completed_projects,17ba0fb6-8707-4752-99e5-65ecd0477ab0,White Paper on National EPR Framework for E-Waste Management in India,White-Paper-ES.pdf,https://www.teriin.org/sites/default/files/2022-03/White-Paper-ES.pdf,accessed here,2022-03-15T05:49:28+00:00,2022-03,managed_path_month,True,2022-03-15 05:49:28,False,False,True
inbody:72b8fb97d4b893ce0d8a0c6e0c930507678c6b6e,inbody,completed_projects,17ba0fb6-8707-4752-99e5-65ecd0477ab0,White Paper on National EPR Framework for E-Waste Management in India,White_paper_E-wasteEPR.pdf,https://www.teriin.org/sites/default/files/files/White_paper_E-wasteEPR.pdf,accessed here,2022-03-15T05:49:28+00:00,,unmanaged_no_file_entity,True,2022-03-15 05:49:28,False,False,True
,inbody,completed_projects,d9119b89-c0ce-422c-abcd-65805812ae89,Climate Change and Health: Review of Evidence for the Indo-Pacific Region,Climate%20Change%20and%20Health_Review%20of%20Evidence%20for%20the%20Indo-Pacific%20Region.pdf,https://teriin.org/sites/default/files/2024-12/Climate%20Change%20and%20Health_Review%20of%20Evidence%20for%20the%20Indo-Pacific%20Region.pdf,Download,2024-12-20T12:02:16+00:00,2024-12,managed_path_month,False,,False,False,True
inbody:f1445e0e7c5b1600728b056086b40236996b1197,inbody,completed_projects,d9119b89-c0ce-422c-abcd-65805812ae89,Climate Change and Health: Review of Evidence for the Indo-Pacific Region,Vietnam_Policy_Brief.pdf,https://teriin.org/files/Vietnam_Policy_Brief.pdf,https://teriin.org/files/Vietnam_Policy_Brief.pdf,2024-12-20T12:02:16+00:00,,unmanaged_no_file_entity,True,2024-12-20 12:02:16,False,False,True
inbody:08c05f25ab8193f9e727d37bf70631a95f7ea502,inbody,completed_projects,d9119b89-c0ce-422c-abcd-65805812ae89,Climate Change and Health: Review of Evidence for the Indo-Pacific Region,Thailand_Policy_Brief.pdf,https://teriin.org/files/Thailand_Policy_Brief.pdf,https://teriin.org/files/Thailand_Policy_Brief.pdf,2024-12-20T12:02:16+00:00,,unmanaged_no_file_entity,True,2024-12-20 12:02:16,False,False,True
inbody:b633f891be73fcf0d854ceeee319f708426a5051,inbody,completed_projects,d9119b89-c0ce-422c-abcd-65805812ae89,Climate Change and Health: Review of Evidence for the Indo-Pacific Region,Philippines_Policy_Brief.pdf,https://teriin.org/files/Philippines_Policy_Brief.pdf,https://teriin.org/files/Philippines_Policy_Brief.pdf,2024-12-20T12:02:16+00:00,,unmanaged_no_file_entity,True,2024-12-20 12:02:16,False,False,True
inbody:784e726bc71910b535ec26b8c06887249f669d9c,inbody,completed_projects,d9119b89-c0ce-422c-abcd-65805812ae89,Climate Change and Health: Review of Evidence for the Indo-Pacific Region,Indonesia_Policy_Brief.pdf,https://teriin.org/files/Indonesia_Policy_Brief.pdf,https://teriin.org/files/Indonesia_Policy_Brief.pdf,2024-12-20T12:02:16+00:00,,unmanaged_no_file_entity,True,2024-12-20 12:02:16,False,False,True
inbody:de6b5b8887a3a3ee9744ed08cd3679363e881dd6,inbody,completed_projects,9b9b121f-fc3b-4705-b275-7dffca19ffdd,Comprehensive Assessment of Job Impacts and Skill Gaps of Transitioning from ICE to Electric Trucks,ZET_Skill_Gap_update_Figure.pdf,https://teriin.org/files/ZET_Skill_Gap_update_Figure.pdf,Download,2025-03-04T08:17:51+00:00,,unmanaged_no_file_entity,True,2025-03-04 08:17:51,False,False,True
,inbody,completed_projects,1edd97f8-dac5-4a1f-af69-e2dbe9ae1c2f,Study of Yamuna Frothing in Delhi,Frothing_FINAL_REPORT.pdf,https://teriin.org/files/Frothing_FINAL_REPORT.pdf,Click Here,2026-04-17T05:43:19+00:00,,unmanaged_no_file_entity,False,,False,False,True
inbody:be20b6e70fa0f111a31436970e2a3d2955da51b6,inbody,completed_projects,0adbc889-0c10-4867-a4dc-6c417c2dea4a,Spatiotemporal variations of atmospheric black carbon concentrations in Kolkata and Howrah Municipal corporation areas,0BC_Kolkatta_Report.pdf,https://teriin.org/files/0BC_Kolkatta_Report.pdf,https://teriin.org/files/0BC_Kolkatta_Report.pdf,2026-04-24T04:27:36+00:00,,unmanaged_no_file_entity,True,2026-04-24 04:27:36,False,False,True
inbody:acd854e0a830a0dcf34782d875386dba266ebf2f,inbody,completed_projects,e9ad0399-5671-46ea-af58-3c22c1577c40,Assessment of Potential Carbon Benefits by Shifting to Improved Cookstove in Rural Households of West Bengal,Improved_Cookstove_Report_of_West_Bengal_2025.pdf,https://teriin.org/sites/default/files/files/Improved_Cookstove_Report_of_West_Bengal_2025.pdf,Improved_Cookstove_Report_of_West_Bengal_2025.pdf,2026-04-24T06:27:24+00:00,,unmanaged_no_file_entity,True,2026-04-24 06:27:24,True,True,True
inbody:5a7efcf258dc592f7687c575185a28cf512b4553,inbody,completed_projects,2d89854d-19d9-4c61-83b2-5777dbc5cebc,"Air Pollution Emissions Inventory, Source Apportionment and Atmospheric Carrying Capacity Study of Kolkata in West Bengal",Kolkatta_SA_Final_Acknowladge_change_file.pdf,https://teriin.org/sites/default/files/files/Kolkatta_SA_Final_Acknowladge_change_file.pdf,Kolkatta SA Final Acknowladge change file,2026-04-27T04:39:44+00:00,,unmanaged_no_file_entity,True,2026-04-27 04:39:44,False,False,True
inbody:b35b7e95ee6f7d2755cdadf79fd7c1d9205d3467,inbody,completed_projects,f45b604c-a1e3-45b0-86f5-5c86809faa69,Women Entrepreneurship Development Programme (WEDP) Empowering Women | Enabling Innovation | Creating Sustainable Impact,WEDP_Brochure.pdf,https://teriin.org/sites/default/files/files/WEDP_Brochure.pdf,WEDP Brochure,2026-05-06T05:32:35+00:00,,unmanaged_no_file_entity,True,2026-05-06 05:32:35,False,False,True
,inbody,feature_articles,0ef09cf0-a900-4692-800b-44d92bd31695,Sustainable Schools,environmental-learninglsustbestpractices.pdf,http://www2.gov.bc.ca/assets/gov/education/kindergarten-to-grade-12/teach/teaching-tools/environmental-learninglsustbestpractices.pdf,,2016-08-28T18:30:00+00:00,,external_host,False,,False,False,False
,inbody,feature_articles,eca944c9-3e93-4942-b606-711e18c910a0,Darkness will be ostracized,CEM6_RTFinanceforEnergyAccessRoundtable_Pre-Read.pdf,http://www.cleanenergyministerial.org/Portals/2/pdfs/CEM6Portal/CEM6_RTFinanceforEnergyAccessRoundtable_Pre-Read.pdf,,2017-09-03T18:30:00+00:00,,external_host,False,,False,False,False
,inbody,feature_articles,eca944c9-3e93-4942-b606-711e18c910a0,Darkness will be ostracized,AS219.pdf,http://164.100.47.190/loksabhaquestions/annex/12/AS219.pdf,,2017-09-03T18:30:00+00:00,,external_host,False,,False,False,False
inbody:14484d6cc6a19a2972b62451375093fe988734b0,inbody,feature_articles,d3fa3bcb-c869-4687-8c30-e0053b6a23a5,Potential climate risks to Oil and Gas Infra and Operations,Potential%20climate%20risks%20to%20Oil%20and%20Gas%20Infra%20and%20Operations.pdf,http://www.teriin.org/sites/default/files/2019-02/Potential%20climate%20risks%20to%20Oil%20and%20Gas%20Infra%20and%20Operations.pdf,Read more,2019-01-31T06:57:54+00:00,2019-02,managed_path_month,True,2019-01-31 06:57:54,False,False,True
inbody:428aee49f1d17f1caaca4bb45640602bdba3693e,inbody,ongoing_projects,326e0327-b293-482f-a12f-b2393cafad1c,"The Green School, A TATA Steel-TERI initiative",5P-game.pdf,https://www.teriin.org/sites/default/files/files/5P-game.pdf,,2017-03-14T12:03:22+00:00,,unmanaged_no_file_entity,True,2017-03-14 12:03:22,False,False,True
inbody:95ab7b23f66f4f1869e0787414c92fa9b9000a15,inbody,ongoing_projects,673fed5c-aff7-48a0-9678-badcb20073bd,United Technologies-TERI Center of Excellence for Energy Efficient Buildings in Indian Cities,existing-commercial-building-retrofit-guidelines.pdf.pdf,https://www.teriin.org/sites/default/files/2019-06/existing-commercial-building-retrofit-guidelines.pdf.pdf,Retrofit Guidelines for Commercial Buildings,2017-12-27T11:38:46+00:00,2019-06,managed_path_month,True,2017-12-27 11:38:46,False,False,True
,inbody,ongoing_projects,efca7cdb-2942-486d-9c2d-ff43dfe001be,Enhanced climate transparency in the G20 countries,Brown-to-Green-Report-2017_web.pdf,http://www.climate-transparency.org/wp-content/uploads/2017/07/Brown-to-Green-Report-2017_web.pdf,BROWN TO GREEN: The G20 transition to a low-carbon economy | 2017 (Report),2017-12-27T11:38:46+00:00,,external_host,False,,True,True,False
,inbody,ongoing_projects,efca7cdb-2942-486d-9c2d-ff43dfe001be,Enhanced climate transparency in the G20 countries,Technical-Note_data-sources-and-methodology.pdf,http://www.climate-transparency.org/wp-content/uploads/2017/07/Technical-Note_data-sources-and-methodology.pdf,BROWN TO GREEN Report 2017: The G20 transition to a low-carbon economy - Technical Note: Data sources and methodology,2017-12-27T11:38:46+00:00,,external_host,False,,False,True,False
,inbody,ongoing_projects,efca7cdb-2942-486d-9c2d-ff43dfe001be,Enhanced climate transparency in the G20 countries,B2G2017-India.pdf,http://www.climate-transparency.org/wp-content/uploads/2017/07/B2G2017-India.pdf,BROWN TO GREEN: The G20 Transition to a low-carbon economy | 2017 (India Chapter),2017-12-27T11:38:46+00:00,,external_host,False,,True,True,False
inbody:7e97b6d5a5c542d868e965a912228fe8fa412e3a,inbody,ongoing_projects,b2b01c58-b871-4521-901d-946358125b56,Technical Assistance to the Resource Efficiency Initiative (REI) of the European Union,greening-solar-PV-value-chain_0.pdf,http://www.teriin.org/sites/default/files/2018-09/greening-solar-PV-value-chain_0.pdf,report,2017-12-27T11:38:46+00:00,2018-09,managed_path_month,True,2017-12-27 11:38:46,False,False,True
inbody:8dd8828e54fbaa580ce6849d650f2d7d259eb12b,inbody,ongoing_projects,b2b01c58-b871-4521-901d-946358125b56,Technical Assistance to the Resource Efficiency Initiative (REI) of the European Union,solar-pv-presentation.pdf,http://www.teriin.org/sites/default/files/files/solar-pv-presentation.pdf,here,2017-12-27T11:38:46+00:00,,unmanaged_no_file_entity,True,2017-12-27 11:38:46,False,False,True
inbody:6d9526aa338e95f758cd55cfac72a12353baacbe,inbody,ongoing_projects,b2b01c58-b871-4521-901d-946358125b56,Technical Assistance to the Resource Efficiency Initiative (REI) of the European Union,ev-sector-policy-paper_0.pdf,http://www.teriin.org/sites/default/files/2018-09/ev-sector-policy-paper_0.pdf,report,2017-12-27T11:38:46+00:00,2018-09,managed_path_month,True,2017-12-27 11:38:46,False,False,True
inbody:055acb958d7d22a335790184cb348a22fa99b4dd,inbody,ongoing_projects,b2b01c58-b871-4521-901d-946358125b56,Technical Assistance to the Resource Efficiency Initiative (REI) of the European Union,ev_presentation.pdf,http://www.teriin.org/sites/default/files/files/ev_presentation.pdf,here,2017-12-27T11:38:46+00:00,,unmanaged_no_file_entity,True,2017-12-27 11:38:46,False,False,True
inbody:358b996d463d3da085b1f5c85499b91ded47db9b,inbody,ongoing_projects,57a945be-c8aa-4a4e-b71e-4f67b6b390aa,Energy Transitions,Mapping-Impact-of-Coal-Mines-Case-of-Betul.pdf,https://www.teriin.org/sites/default/files/2021-03/Mapping-Impact-of-Coal-Mines-Case-of-Betul.pdf,Download Report,2018-01-01T10:09:28+00:00,2021-03,managed_path_month,True,2018-01-01 10:09:28,False,False,True
inbody:c18f8f0abed44d1dbfd626c2b1cd39450145e3a1,inbody,ongoing_projects,57a945be-c8aa-4a4e-b71e-4f67b6b390aa,Energy Transitions,wsds-etc-es.pdf,https://www.teriin.org/sites/default/files/files/wsds-etc-es.pdf,Download,2018-01-01T10:09:28+00:00,,unmanaged_no_file_entity,True,2018-01-01 10:09:28,False,False,True
inbody:b3bc441fcb0874bdd0c6901b21856cedcdae405c,inbody,ongoing_projects,1563d2c4-cfba-40e9-89d9-bdc3ccf0773c,Spatially Resolved Air Pollution Emissions Inventory of India,ap-Prelims.pdf,https://www.teriin.org/sites/default/files/files/ap-Prelims.pdf,Table of Contents,2018-01-20T11:09:08+00:00,,unmanaged_no_file_entity,True,2018-01-20 11:09:08,False,False,True
inbody:3c7fdaad6f23aeacbd6dd0e6ed462c10380f5f8c,inbody,ongoing_projects,1563d2c4-cfba-40e9-89d9-bdc3ccf0773c,Spatially Resolved Air Pollution Emissions Inventory of India,ap-Executive-Summary.pdf,https://www.teriin.org/sites/default/files/files/ap-Executive-Summary.pdf,Executive Summary,2018-01-20T11:09:08+00:00,,unmanaged_no_file_entity,True,2018-01-20 11:09:08,False,False,True
inbody:de93bcdbfc934cf29f9744f20bd6c5b882a6c54e,inbody,ongoing_projects,1563d2c4-cfba-40e9-89d9-bdc3ccf0773c,Spatially Resolved Air Pollution Emissions Inventory of India,ap-Introduction.pdf,https://www.teriin.org/sites/default/files/files/ap-Introduction.pdf,Chapter 1 - Introduction,2018-01-20T11:09:08+00:00,,unmanaged_no_file_entity,True,2018-01-20 11:09:08,False,False,True
inbody:31e7d65dd24f9ddaf2fb660c3301092a36e3f78a,inbody,ongoing_projects,1563d2c4-cfba-40e9-89d9-bdc3ccf0773c,Spatially Resolved Air Pollution Emissions Inventory of India,ap-Chapter2.pdf,https://www.teriin.org/sites/default/files/files/ap-Chapter2.pdf,Chapter 2 - Methodology,2018-01-20T11:09:08+00:00,,unmanaged_no_file_entity,True,2018-01-20 11:09:08,False,False,True
inbody:ec39512770be036dbfe6d6725eb184adb0073309,inbody,ongoing_projects,1563d2c4-cfba-40e9-89d9-bdc3ccf0773c,Spatially Resolved Air Pollution Emissions Inventory of India,ap-Chapter3.pdf,https://www.teriin.org/sites/default/files/files/ap-Chapter3.pdf,Chapter 3 - Residential Sector,2018-01-20T11:09:08+00:00,,unmanaged_no_file_entity,True,2018-01-20 11:09:08,False,False,True
inbody:7e48fafc0bb8bcd13aed8ba59ef4b7fb884a7576,inbody,ongoing_projects,1563d2c4-cfba-40e9-89d9-bdc3ccf0773c,Spatially Resolved Air Pollution Emissions Inventory of India,ap-Chapter4.pdf,https://www.teriin.org/sites/default/files/files/ap-Chapter4.pdf,Chapter 4 - Power Sector,2018-01-20T11:09:08+00:00,,unmanaged_no_file_entity,True,2018-01-20 11:09:08,False,False,True
inbody:086a4d80e39559c7d349af4c030c4ff80b8f8230,inbody,ongoing_projects,1563d2c4-cfba-40e9-89d9-bdc3ccf0773c,Spatially Resolved Air Pollution Emissions Inventory of India,ap-Chapter5.pdf,https://www.teriin.org/sites/default/files/files/ap-Chapter5.pdf,Chapter 5 - Industry Sector,2018-01-20T11:09:08+00:00,,unmanaged_no_file_entity,True,2018-01-20 11:09:08,False,False,True
inbody:9245c57485a73dabc338bbfc2946752122dada5b,inbody,ongoing_projects,1563d2c4-cfba-40e9-89d9-bdc3ccf0773c,Spatially Resolved Air Pollution Emissions Inventory of India,ap-Chapter6.pdf,https://www.teriin.org/sites/default/files/files/ap-Chapter6.pdf,Chapter 6 - Transport Sector,2018-01-20T11:09:08+00:00,,unmanaged_no_file_entity,True,2018-01-20 11:09:08,False,False,True
inbody:409f726ed3b92dedc90a9031e407a7ddbf2f8ed0,inbody,ongoing_projects,1563d2c4-cfba-40e9-89d9-bdc3ccf0773c,Spatially Resolved Air Pollution Emissions Inventory of India,ap-Chapter7.pdf,https://www.teriin.org/sites/default/files/files/ap-Chapter7.pdf,Chapter 7 - Diesel Generator Operation,2018-01-20T11:09:08+00:00,,unmanaged_no_file_entity,True,2018-01-20 11:09:08,False,False,True
inbody:e312142801b3c982d9d927023a0857797b9a2dd9,inbody,ongoing_projects,1563d2c4-cfba-40e9-89d9-bdc3ccf0773c,Spatially Resolved Air Pollution Emissions Inventory of India,ap-Chapter8.pdf,https://www.teriin.org/sites/default/files/files/ap-Chapter8.pdf,Chapter 8 - Open Burning Of Agricultural Residues,2018-01-20T11:09:08+00:00,,unmanaged_no_file_entity,True,2018-01-20 11:09:08,False,False,True
inbody:aed3c141b134f3003a0781de3db06763a039c58f,inbody,ongoing_projects,1563d2c4-cfba-40e9-89d9-bdc3ccf0773c,Spatially Resolved Air Pollution Emissions Inventory of India,ap-Chapter9.pdf,https://www.teriin.org/sites/default/files/files/ap-Chapter9.pdf,Chapter 9 - Refuse Burning,2018-01-20T11:09:08+00:00,,unmanaged_no_file_entity,True,2018-01-20 11:09:08,False,False,True
inbody:40decd1b096976073affa47513b81e2d44319ba6,inbody,ongoing_projects,1563d2c4-cfba-40e9-89d9-bdc3ccf0773c,Spatially Resolved Air Pollution Emissions Inventory of India,ap-Chapter10.pdf,https://www.teriin.org/sites/default/files/files/ap-Chapter10.pdf,Chapter 10 - Construction Sector,2018-01-20T11:09:08+00:00,,unmanaged_no_file_entity,True,2018-01-20 11:09:08,False,False,True
inbody:239bef369edc82b46f5e04982c4bc5804f9cd816,inbody,ongoing_projects,1563d2c4-cfba-40e9-89d9-bdc3ccf0773c,Spatially Resolved Air Pollution Emissions Inventory of India,ap-Chapter11.pdf,https://www.teriin.org/sites/default/files/files/ap-Chapter11.pdf,Chapter 11 - Mining Sector,2018-01-20T11:09:08+00:00,,unmanaged_no_file_entity,True,2018-01-20 11:09:08,False,False,True
inbody:dd4e02b047d25a2fc2003a41af14a5a570cbf849,inbody,ongoing_projects,1563d2c4-cfba-40e9-89d9-bdc3ccf0773c,Spatially Resolved Air Pollution Emissions Inventory of India,ap-Chapter12.pdf,https://www.teriin.org/sites/default/files/files/ap-Chapter12.pdf,Chapter 12 - Crematoria,2018-01-20T11:09:08+00:00,,unmanaged_no_file_entity,True,2018-01-20 11:09:08,False,False,True
inbody:de265bd93161f5fe69161bc5d5009e76cd4101d3,inbody,ongoing_projects,1563d2c4-cfba-40e9-89d9-bdc3ccf0773c,Spatially Resolved Air Pollution Emissions Inventory of India,ap-Chapter13.pdf,https://www.teriin.org/sites/default/files/files/ap-Chapter13.pdf,Chapter 13 - Estimated Atmospheric Concentrations,2018-01-20T11:09:08+00:00,,unmanaged_no_file_entity,True,2018-01-20 11:09:08,False,False,True
inbody:f9b569125610374c7592f7c72709958f4fc7b090,inbody,ongoing_projects,1563d2c4-cfba-40e9-89d9-bdc3ccf0773c,Spatially Resolved Air Pollution Emissions Inventory of India,ap-References.pdf,https://www.teriin.org/sites/default/files/files/ap-References.pdf,References,2018-01-20T11:09:08+00:00,,unmanaged_no_file_entity,True,2018-01-20 11:09:08,False,False,True
inbody:1ba46d1bab593022398d92a4218c919c9336304c,inbody,ongoing_projects,2aae9ac2-90e4-4bc0-a169-25ec9abc052c,How do we get there?,teri-submission.pdf,http://www.teriin.org/sites/default/files/files/teri-submission.pdf,here,2018-09-05T06:47:37+00:00,,unmanaged_no_file_entity,True,2018-09-05 06:47:37,False,False,True
inbody:f974c79c9f758a280193d3484f666cab101fd5ad,inbody,ongoing_projects,022aa771-2777-4724-9d4e-67719977ca02,Shifting to cycling can result in an annual savings of up to 1.6% of India’s GDP,Benefits%20of%20Cycling%20in%20India%20-%20Report.pdf,http://www.teriin.org/sites/default/files/2019-01/Benefits%20of%20Cycling%20in%20India%20-%20Report.pdf,"Benefits of Cycling in India: An Economic, Environmental, and Social Assessment",2019-01-11T09:44:41+00:00,2019-01,managed_path_month,True,2019-01-11 09:44:41,False,False,True
inbody:e2b7fb54ba5260b906c9e63f82812f3e39346fc8,inbody,ongoing_projects,01b83c3a-4c19-45c0-9c5e-ce1afef243e4,TERI Coastal Education Hub,TERI-coastal-education-hub-brochure.pdf,http://www.teriin.org/sites/default/files/2019-02/TERI-coastal-education-hub-brochure.pdf,click here,2019-02-25T08:22:56+00:00,2019-02,managed_path_month,True,2019-02-25 08:22:56,False,False,True
inbody:55c194e4e1dabc9da729c7213600b4782a42f9ed,inbody,ongoing_projects,fdac5720-daaf-433d-a76b-d2d8dde1ceed,India prepares to host UN conference to curb land degradation,sdgs-global-assessment.pdf,https://www.teriin.org/sites/default/files/files/sdgs-global-assessment.pdf,,2019-08-27T06:31:43+00:00,,unmanaged_no_file_entity,True,2019-08-27 06:31:43,False,False,True
inbody:543a56d4c919f26c14bea24553bfedb2c05e4a13,inbody,ongoing_projects,fdac5720-daaf-433d-a76b-d2d8dde1ceed,India prepares to host UN conference to curb land degradation,outcomes-cop14.pdf,https://www.teriin.org/sites/default/files/files/outcomes-cop14.pdf,,2019-08-27T06:31:43+00:00,,unmanaged_no_file_entity,True,2019-08-27 06:31:43,False,False,True
,inbody,ongoing_projects,fdac5720-daaf-433d-a76b-d2d8dde1ceed,India prepares to host UN conference to curb land degradation,Desertification_Atlas_2016_SAC_ISRO.pdf,https://www.sac.gov.in/SACSITE/Desertification_Atlas_2016_SAC_ISRO.pdf,,2019-08-27T06:31:43+00:00,,external_host,False,,True,False,False
inbody:4a2cab0d4e9e68a2b5ff3e71401bda10e909ac6d,inbody,ongoing_projects,fdac5720-daaf-433d-a76b-d2d8dde1ceed,India prepares to host UN conference to curb land degradation,reversing-land-degradation-bg-paper.pdf,https://www.teriin.org/sites/default/files/2019-07/reversing-land-degradation-bg-paper.pdf,,2019-08-27T06:31:43+00:00,2019-07,managed_path_month,True,2019-08-27 06:31:43,False,False,True
inbody:0c07aafb51d37e8f0683c82dc09bcef2a1fa5855,inbody,ongoing_projects,fdac5720-daaf-433d-a76b-d2d8dde1ceed,India prepares to host UN conference to curb land degradation,Vol%20I%20-%20Macroeconomic%20assessment%20of%20the%20costs%20of%20land%20degradation%20in%20India_0.pdf,https://www.teriin.org/sites/default/files/2018-04/Vol%20I%20-%20Macroeconomic%20assessment%20of%20the%20costs%20of%20land%20degradation%20in%20India_0.pdf,,2019-08-27T06:31:43+00:00,2018-04,managed_path_month,True,2019-08-27 06:31:43,False,False,True
inbody:e4fdc8db95fbe5282ee022a6c59eac21fe9cdbbe,inbody,ongoing_projects,fdac5720-daaf-433d-a76b-d2d8dde1ceed,India prepares to host UN conference to curb land degradation,Vol%20II%20-%20Six%20micro-economic%20case%20studies%20of%20degradation_0.pdf,https://www.teriin.org/sites/default/files/2018-04/Vol%20II%20-%20Six%20micro-economic%20case%20studies%20of%20degradation_0.pdf,,2019-08-27T06:31:43+00:00,2018-04,managed_path_month,True,2019-08-27 06:31:43,False,False,True
inbody:bb08526d219035d23f7b139ae037685d597cedba,inbody,ongoing_projects,fdac5720-daaf-433d-a76b-d2d8dde1ceed,India prepares to host UN conference to curb land degradation,unccd-jv-sharma-ppt.pdf,https://www.teriin.org/sites/default/files/files/unccd-jv-sharma-ppt.pdf,,2019-08-27T06:31:43+00:00,,unmanaged_no_file_entity,True,2019-08-27 06:31:43,False,False,True
inbody:a27be4fa1ea1c72aa9fb590088d3d0055dd39226,inbody,ongoing_projects,fdac5720-daaf-433d-a76b-d2d8dde1ceed,India prepares to host UN conference to curb land degradation,unccd-umakant-DoLR.pdf,https://www.teriin.org/sites/default/files/files/unccd-umakant-DoLR.pdf,,2019-08-27T06:31:43+00:00,,unmanaged_no_file_entity,True,2019-08-27 06:31:43,False,False,True
inbody:7fe739e9dad4d9be10f95cdda387c8b752c37dc0,inbody,ongoing_projects,fdac5720-daaf-433d-a76b-d2d8dde1ceed,India prepares to host UN conference to curb land degradation,unccd-A-ravindra-WASSAN.pdf,https://www.teriin.org/sites/default/files/files/unccd-A-ravindra-WASSAN.pdf,,2019-08-27T06:31:43+00:00,,unmanaged_no_file_entity,True,2019-08-27 06:31:43,False,False,True
inbody:df1ad4fac768eb7914a74b1b5a572485bbe597e8,inbody,ongoing_projects,fdac5720-daaf-433d-a76b-d2d8dde1ceed,India prepares to host UN conference to curb land degradation,unccd-Manas-Satpathy-PRADAN.pdf,https://www.teriin.org/sites/default/files/files/unccd-Manas-Satpathy-PRADAN.pdf,,2019-08-27T06:31:43+00:00,,unmanaged_no_file_entity,True,2019-08-27 06:31:43,False,False,True
inbody:21ddcc26dc2c0aff07308d6cdb218b5138c23f0d,inbody,ongoing_projects,fdac5720-daaf-433d-a76b-d2d8dde1ceed,India prepares to host UN conference to curb land degradation,unccd-pia-sethi-ppt.pdf,https://www.teriin.org/sites/default/files/files/unccd-pia-sethi-ppt.pdf,,2019-08-27T06:31:43+00:00,,unmanaged_no_file_entity,True,2019-08-27 06:31:43,False,False,True
inbody:297418b89c7af30c481f2a0bc601bf0f3c1ec377,inbody,ongoing_projects,b5e6a643-1fe2-42a5-bb78-ee7d48e416af,Rethink Plastic: UNEP-TERI joint initiative in Mumbai region,Annexure_A1_List-of-collaborations.pdf,https://www.teriin.org/sites/default/files/files/Annexure_A1_List-of-collaborations.pdf,List of collaborations,2019-12-12T08:24:44+00:00,,unmanaged_no_file_entity,True,2019-12-12 08:24:44,False,False,True
inbody:d43557a0367bdc7fea36dc27b2f71d1a22561ac8,inbody,ongoing_projects,b5e6a643-1fe2-42a5-bb78-ee7d48e416af,Rethink Plastic: UNEP-TERI joint initiative in Mumbai region,Annexure_N_Pledge-Against-Single-Use-Plastics.pdf,https://www.teriin.org/sites/default/files/files/Annexure_N_Pledge-Against-Single-Use-Plastics.pdf,Pledge against single use plastic,2019-12-12T08:24:44+00:00,,unmanaged_no_file_entity,True,2019-12-12 08:24:44,False,False,True
inbody:600dc0944ca8d4c926ff16716f479eb4978ada14,inbody,ongoing_projects,b5e6a643-1fe2-42a5-bb78-ee7d48e416af,Rethink Plastic: UNEP-TERI joint initiative in Mumbai region,Annexure_M1_Perception-survey-Report.pdf,https://www.teriin.org/sites/default/files/files/Annexure_M1_Perception-survey-Report.pdf,Perception Survey Report,2019-12-12T08:24:44+00:00,,unmanaged_no_file_entity,True,2019-12-12 08:24:44,False,False,True
inbody:e1c86eb6c948325f18c5069ca895633fc615c585,inbody,ongoing_projects,b5e6a643-1fe2-42a5-bb78-ee7d48e416af,Rethink Plastic: UNEP-TERI joint initiative in Mumbai region,Annexure_M2_Perception-survey.pdf,https://www.teriin.org/sites/default/files/files/Annexure_M2_Perception-survey.pdf,Perception Survey Form,2019-12-12T08:24:44+00:00,,unmanaged_no_file_entity,True,2019-12-12 08:24:44,False,False,True
inbody:7f9dfe89566a1c6853ed9118bc3954007c66509d,inbody,ongoing_projects,b5e6a643-1fe2-42a5-bb78-ee7d48e416af,Rethink Plastic: UNEP-TERI joint initiative in Mumbai region,Annexure_M3_Marathi-questionnaire.pdf,https://www.teriin.org/sites/default/files/files/Annexure_M3_Marathi-questionnaire.pdf,Marathi Questionnaire,2019-12-12T08:24:44+00:00,,unmanaged_no_file_entity,True,2019-12-12 08:24:44,False,False,True
inbody:21925da868d2684c5bbd2951b0ec2a17e02cdc6c,inbody,ongoing_projects,b5e6a643-1fe2-42a5-bb78-ee7d48e416af,Rethink Plastic: UNEP-TERI joint initiative in Mumbai region,Annexure_A2_Commitment-letters.pdf,https://www.teriin.org/sites/default/files/files/Annexure_A2_Commitment-letters.pdf,Commitment Letters,2019-12-12T08:24:44+00:00,,unmanaged_no_file_entity,True,2019-12-12 08:24:44,False,False,True
inbody:4f64a7bfeebcbaaf32266b3a6c46e6cf4b7cf9b6,inbody,ongoing_projects,b5e6a643-1fe2-42a5-bb78-ee7d48e416af,Rethink Plastic: UNEP-TERI joint initiative in Mumbai region,Annexure_E_Report_UNEP_Round-Table-Discussion_Dec23_2019.pdf,https://www.teriin.org/sites/default/files/files/Annexure_E_Report_UNEP_Round-Table-Discussion_Dec23_2019.pdf,Roundtable discussions - Report,2019-12-12T08:24:44+00:00,,unmanaged_no_file_entity,True,2019-12-12 08:24:44,True,False,True
inbody:50cc7fc27d320123da0b7baecc9da22913ca6793,inbody,ongoing_projects,b5e6a643-1fe2-42a5-bb78-ee7d48e416af,Rethink Plastic: UNEP-TERI joint initiative in Mumbai region,Annexure_F_Awareness-Programmes-and-ToT.pdf,https://www.teriin.org/sites/default/files/files/Annexure_F_Awareness-Programmes-and-ToT.pdf,Awareness Programme and Training of Trainers,2019-12-12T08:24:44+00:00,,unmanaged_no_file_entity,True,2019-12-12 08:24:44,False,False,True
inbody:4e3c73f2f8fbc1c717bcc8ec87f4b9ad193b653d,inbody,ongoing_projects,b5e6a643-1fe2-42a5-bb78-ee7d48e416af,Rethink Plastic: UNEP-TERI joint initiative in Mumbai region,Annexure_G_Tot-By-trainers-min.pdf,https://www.teriin.org/sites/default/files/files/Annexure_G_Tot-By-trainers-min.pdf,Training of Trainers by Trainers,2019-12-12T08:24:44+00:00,,unmanaged_no_file_entity,True,2019-12-12 08:24:44,False,False,True
inbody:519315e1aca697c240123c96c47f0535423233b5,inbody,ongoing_projects,b5e6a643-1fe2-42a5-bb78-ee7d48e416af,Rethink Plastic: UNEP-TERI joint initiative in Mumbai region,Annexure_I_Treasure-Hunt-and-Plantation-at-Airoli.pdf,https://www.teriin.org/sites/default/files/files/Annexure_I_Treasure-Hunt-and-Plantation-at-Airoli.pdf,Teasure hunt and plantation at Airoli,2019-12-12T08:24:44+00:00,,unmanaged_no_file_entity,True,2019-12-12 08:24:44,False,False,True
inbody:b544c9535e1b2b3da3c70f2c457f34a48b00a859,inbody,ongoing_projects,b5e6a643-1fe2-42a5-bb78-ee7d48e416af,Rethink Plastic: UNEP-TERI joint initiative in Mumbai region,Annexure_K_Treasure-Hunt.pdf,https://www.teriin.org/sites/default/files/files/Annexure_K_Treasure-Hunt.pdf,Treasure hunt,2019-12-12T08:24:44+00:00,,unmanaged_no_file_entity,True,2019-12-12 08:24:44,False,False,True
inbody:99890f48337be7c975c641151bc9b28a82326940,inbody,ongoing_projects,b5e6a643-1fe2-42a5-bb78-ee7d48e416af,Rethink Plastic: UNEP-TERI joint initiative in Mumbai region,Annexure_H_Activity-at-Gharapuri-Island-and-Gateway-of-India.pdf,https://www.teriin.org/sites/default/files/files/Annexure_H_Activity-at-Gharapuri-Island-and-Gateway-of-India.pdf,Activity at Gharapuri Island and Gateway of India,2019-12-12T08:24:44+00:00,,unmanaged_no_file_entity,True,2019-12-12 08:24:44,False,False,True
inbody:5b1029b6153143257d6710ae2115f94ec83b4ddd,inbody,ongoing_projects,b5e6a643-1fe2-42a5-bb78-ee7d48e416af,Rethink Plastic: UNEP-TERI joint initiative in Mumbai region,Annexure_B1_ Sea-of-Solutions.pdf,https://www.teriin.org/sites/default/files/files/Annexure_B1_ Sea-of-Solutions.pdf,Sea of solutions,2019-12-12T08:24:44+00:00,,unmanaged_no_file_entity,True,2019-12-12 08:24:44,False,False,True
inbody:42d6d9284f1a09a557c433c1babf517b33d2d4bd,inbody,ongoing_projects,b5e6a643-1fe2-42a5-bb78-ee7d48e416af,Rethink Plastic: UNEP-TERI joint initiative in Mumbai region,Annexure_B2_ToT-Presentation.pdf,https://www.teriin.org/sites/default/files/files/Annexure_B2_ToT-Presentation.pdf,Training of trainers,2019-12-12T08:24:44+00:00,,unmanaged_no_file_entity,True,2019-12-12 08:24:44,False,False,True
inbody:e2a5adfe7381f7533d088fbb16be3af072997054,inbody,ongoing_projects,b5e6a643-1fe2-42a5-bb78-ee7d48e416af,Rethink Plastic: UNEP-TERI joint initiative in Mumbai region,Annexure_B3_Roundtable-Discussion-Presentation.pdf,https://www.teriin.org/sites/default/files/files/Annexure_B3_Roundtable-Discussion-Presentation.pdf,Round table discussion,2019-12-12T08:24:44+00:00,,unmanaged_no_file_entity,True,2019-12-12 08:24:44,False,False,True
inbody:9e3cf09c2c86a46c8388b311da0aeaad66343ffe,inbody,ongoing_projects,b5e6a643-1fe2-42a5-bb78-ee7d48e416af,Rethink Plastic: UNEP-TERI joint initiative in Mumbai region,Annexure_B4_Informative-booklet_TERI-UNEP_ Rethink-Plastic-Campaign_2019-2020.pdf,https://www.teriin.org/sites/default/files/files/Annexure_B4_Informative-booklet_TERI-UNEP_ Rethink-Plastic-Campaign_2019-2020.pdf,Informative booklet TERI-UNEP,2019-12-12T08:24:44+00:00,,unmanaged_no_file_entity,True,2019-12-12 08:24:44,True,False,True
inbody:70086b340426a0ad3b94535b46d28f3419f5b525,inbody,ongoing_projects,b5e6a643-1fe2-42a5-bb78-ee7d48e416af,Rethink Plastic: UNEP-TERI joint initiative in Mumbai region,Annexure_B5_Outreach-materials.pdf,https://www.teriin.org/sites/default/files/files/Annexure_B5_Outreach-materials.pdf,Outreach material,2019-12-12T08:24:44+00:00,,unmanaged_no_file_entity,True,2019-12-12 08:24:44,False,False,True
inbody:d88a8c8df995627c81f7611b2b4f33ca9e56a5d8,inbody,ongoing_projects,b5e6a643-1fe2-42a5-bb78-ee7d48e416af,Rethink Plastic: UNEP-TERI joint initiative in Mumbai region,Annexure_B6_ Braille-Booklet-on-Plastic-Pollution.pdf,https://www.teriin.org/sites/default/files/files/Annexure_B6_ Braille-Booklet-on-Plastic-Pollution.pdf,Braille booklet on plastic pollution,2019-12-12T08:24:44+00:00,,unmanaged_no_file_entity,True,2019-12-12 08:24:44,False,False,True
inbody:061c30d43bdaa8ff5fde64bf4325e23b2f7586e9,inbody,ongoing_projects,b5e6a643-1fe2-42a5-bb78-ee7d48e416af,Rethink Plastic: UNEP-TERI joint initiative in Mumbai region,Annexure_B7_Touch-and-Feel-Kit.pdf,https://www.teriin.org/sites/default/files/files/Annexure_B7_Touch-and-Feel-Kit.pdf,Touch and feel kit,2019-12-12T08:24:44+00:00,,unmanaged_no_file_entity,True,2019-12-12 08:24:44,False,False,True
inbody:99944f0f30c71c027f75d32d4f8c55889969347a,inbody,ongoing_projects,b5e6a643-1fe2-42a5-bb78-ee7d48e416af,Rethink Plastic: UNEP-TERI joint initiative in Mumbai region,chimbai-beach-cleanup.pdf,https://www.teriin.org/sites/default/files/files/chimbai-beach-cleanup.pdf,here,2019-12-12T08:24:44+00:00,,unmanaged_no_file_entity,True,2019-12-12 08:24:44,False,False,True
inbody:c1933a7c06852d2c837bdf3e3bc200c31fb418fe,inbody,ongoing_projects,b5e6a643-1fe2-42a5-bb78-ee7d48e416af,Rethink Plastic: UNEP-TERI joint initiative in Mumbai region,Annexure_L1_Charkop-clean-up-report-Final.pdf,https://www.teriin.org/sites/default/files/files/Annexure_L1_Charkop-clean-up-report-Final.pdf,Report,2019-12-12T08:24:44+00:00,,unmanaged_no_file_entity,True,2019-12-12 08:24:44,False,False,True
inbody:bb7cc87e54eb91e4e856c258f0f571e20f3151fb,inbody,ongoing_projects,b5e6a643-1fe2-42a5-bb78-ee7d48e416af,Rethink Plastic: UNEP-TERI joint initiative in Mumbai region,Annexure_L2_Photo-documentation-charkop-clean-up-Final.pdf,https://www.teriin.org/sites/default/files/files/Annexure_L2_Photo-documentation-charkop-clean-up-Final.pdf,Photo Documentation,2019-12-12T08:24:44+00:00,,unmanaged_no_file_entity,True,2019-12-12 08:24:44,False,False,True
inbody:fc765ee01c06b681ba04b80a164a259eed329fff,inbody,ongoing_projects,b5e6a643-1fe2-42a5-bb78-ee7d48e416af,Rethink Plastic: UNEP-TERI joint initiative in Mumbai region,Annexure_J1_ TERI_WWD-2020_Report.pdf,https://www.teriin.org/sites/default/files/files/Annexure_J1_ TERI_WWD-2020_Report.pdf,Report,2019-12-12T08:24:44+00:00,,unmanaged_no_file_entity,True,2019-12-12 08:24:44,True,False,True
inbody:0ac517e2759faaa818e61a745ee984e469f55ded,inbody,ongoing_projects,b5e6a643-1fe2-42a5-bb78-ee7d48e416af,Rethink Plastic: UNEP-TERI joint initiative in Mumbai region,Annexure_J2_TERI-Highlights_WWD2020.pdf,https://www.teriin.org/sites/default/files/files/Annexure_J2_TERI-Highlights_WWD2020.pdf,Highlights,2019-12-12T08:24:44+00:00,,unmanaged_no_file_entity,True,2019-12-12 08:24:44,True,False,True
,inbody,ongoing_projects,b5e6a643-1fe2-42a5-bb78-ee7d48e416af,Rethink Plastic: UNEP-TERI joint initiative in Mumbai region,NEWSBAND-233.pdf,https://www.newsband.in/wp-content/uploads/2020/02/NEWSBAND-233.pdf,Source: Newsband e-paper,2019-12-12T08:24:44+00:00,,external_host,False,,False,False,False
inbody:7ddeeae8d95e2ffe5ab34202234bd8cb68df702a,inbody,ongoing_projects,a45a3059-80ff-492b-98ed-76db029d27c2,Decarbonisation of iron and steel sectors,Achieving_Green_Steel_Roadmap.pdf,https://www.teriin.org/sites/default/files/files/Achieving_Green_Steel_Roadmap.pdf,steel sector decarbonization,2020-01-30T13:59:51+00:00,,unmanaged_no_file_entity,True,2020-01-30 13:59:51,False,False,True
inbody:94233fd9cdc5f6c89ffb407d169f5f5c334bd8bf,inbody,ongoing_projects,a45a3059-80ff-492b-98ed-76db029d27c2,Decarbonisation of iron and steel sectors,Direct Reduction of Iron Process.pdf,https://www.teriin.org/sites/default/files/2021-08/Direct Reduction of Iron Process.pdf,Download,2020-01-30T13:59:51+00:00,2021-08,managed_path_month,True,2020-01-30 13:59:51,False,False,True
inbody:e438946755d9aaa578d93fa273ebba6cfaf6cafc,inbody,ongoing_projects,4043a8f6-e116-4cd8-92ee-d6afe44f1e24,Preparedness towards implementing Enhanced Transparency Framework and tracking NDCs under the Paris Agreement,AIDIM-article-200820.pdf,https://www.teriin.org/sites/default/files/files/AIDIM-article-200820.pdf,Read more,2020-03-13T06:17:01+00:00,,unmanaged_no_file_entity,True,2020-03-13 06:17:01,False,False,True
inbody:6832a1020c4059653879c4f6bdcc4dfe6c0bd4de,inbody,ongoing_projects,4043a8f6-e116-4cd8-92ee-d6afe44f1e24,Preparedness towards implementing Enhanced Transparency Framework and tracking NDCs under the Paris Agreement,ndc-indicators.pdf,https://www.teriin.org/sites/default/files/files/ndc-indicators.pdf,Read more,2020-03-13T06:17:01+00:00,,unmanaged_no_file_entity,True,2020-03-13 06:17:01,False,False,True
inbody:74ce87392ee72df2044848562d9d645704b28e07,inbody,ongoing_projects,4043a8f6-e116-4cd8-92ee-d6afe44f1e24,Preparedness towards implementing Enhanced Transparency Framework and tracking NDCs under the Paris Agreement,NIMS_dp2020.pdf,https://www.teriin.org/sites/default/files/2020-09/NIMS_dp2020.pdf,Read more,2020-03-13T06:17:01+00:00,2020-09,managed_path_month,True,2020-03-13 06:17:01,True,False,True
inbody:ec338ae3b0cec754301949a2ebb73a0517fec4e9,inbody,ongoing_projects,4043a8f6-e116-4cd8-92ee-d6afe44f1e24,Preparedness towards implementing Enhanced Transparency Framework and tracking NDCs under the Paris Agreement,webinar-nims.pdf,https://www.teriin.org/sites/default/files/files/webinar-nims.pdf,Webinar Proceedings,2020-03-13T06:17:01+00:00,,unmanaged_no_file_entity,True,2020-03-13 06:17:01,False,False,True
,inbody,ongoing_projects,4043a8f6-e116-4cd8-92ee-d6afe44f1e24,Preparedness towards implementing Enhanced Transparency Framework and tracking NDCs under the Paris Agreement,1579854553_Concept Note- WSDS thematic track on Transparency and Accountability in Global Climate Governance.pdf,http://52.76.109.165/registration/public/agendafile/1579854553_Concept Note- WSDS thematic track on Transparency and Accountability in Global Climate Governance.pdf,Concept Note,2020-03-13T06:17:01+00:00,,external_host,False,,False,False,False
inbody:c608888a94b6ae15b656196f3f431500e876848f,inbody,ongoing_projects,4043a8f6-e116-4cd8-92ee-d6afe44f1e24,Preparedness towards implementing Enhanced Transparency Framework and tracking NDCs under the Paris Agreement,tranparency-accountability-proceedings.pdf,https://www.teriin.org/sites/default/files/files/tranparency-accountability-proceedings.pdf,Proceedings,2020-03-13T06:17:01+00:00,,unmanaged_no_file_entity,True,2020-03-13 06:17:01,False,False,True
inbody:5d745266b5f1473e0d2a9b055dfe4c81688b6526,inbody,ongoing_projects,4043a8f6-e116-4cd8-92ee-d6afe44f1e24,Preparedness towards implementing Enhanced Transparency Framework and tracking NDCs under the Paris Agreement,Moving%20Towards%20the%20ETF.pdf,https://www.teriin.org/sites/default/files/2019-11/Moving%20Towards%20the%20ETF.pdf,Agenda,2020-03-13T06:17:01+00:00,2019-11,managed_path_month,True,2020-03-13 06:17:01,False,False,True
inbody:3d5a0e9e3c70855d3bbe471fc7f1fb43984fa847,inbody,ongoing_projects,4043a8f6-e116-4cd8-92ee-d6afe44f1e24,Preparedness towards implementing Enhanced Transparency Framework and tracking NDCs under the Paris Agreement,cop25-CB-Hub-SummaryReport.pdf,https://www.teriin.org/sites/default/files/files/cop25-CB-Hub-SummaryReport.pdf,Summary Report,2020-03-13T06:17:01+00:00,,unmanaged_no_file_entity,True,2020-03-13 06:17:01,False,False,True
inbody:d8d115d70faeefe1ca6346d1f8e1c66386eec72f,inbody,ongoing_projects,74390a6b-da18-4344-8f4e-166c13a632a4,Clean Air Project India,kanpur-launch-report.pdf,https://www.teriin.org/sites/default/files/files/kanpur-launch-report.pdf,Proceedings of Kanpur Launch,2020-03-13T07:15:48+00:00,,unmanaged_no_file_entity,True,2020-03-13 07:15:48,False,False,True
,inbody,ongoing_projects,5b5aad3d-7d40-4c38-80a1-16a795267736,Strengthen National Climate Policy Implementation: Comparative Empirical Learning & Creating Linkage to Climate Finance (SNAPFI),snapfi_developing_resilient_infrastructure_india.pdf,https://www.teriin.org/sites/default/files/files/snapfi_developing_resilient_infrastructure_india.pdf,Download Report,2020-03-13T08:12:48+00:00,,unmanaged_no_file_entity,False,,False,False,True
inbody:2b679ea0bff538326768deabed76957bfed8ce76,inbody,ongoing_projects,5b5aad3d-7d40-4c38-80a1-16a795267736,Strengthen National Climate Policy Implementation: Comparative Empirical Learning & Creating Linkage to Climate Finance (SNAPFI),low-carbon-pathway-iki-report.pdf,https://www.teriin.org/sites/default/files/files/low-carbon-pathway-iki-report.pdf,recent study by TERI,2020-03-13T08:12:48+00:00,,unmanaged_no_file_entity,True,2020-03-13 08:12:48,False,False,True
inbody:4308718c3f8f9db6e888148caf90f3a92564c407,inbody,ongoing_projects,5b5aad3d-7d40-4c38-80a1-16a795267736,Strengthen National Climate Policy Implementation: Comparative Empirical Learning & Creating Linkage to Climate Finance (SNAPFI),proceedings-green-finance.pdf,https://www.teriin.org/sites/default/files/2020-10/proceedings-green-finance.pdf,Proceedings,2020-03-13T08:12:48+00:00,2020-10,managed_path_month,True,2020-03-13 08:12:48,False,False,True
inbody:8be142c93aefb7a0c4b2a607a8db73b8e2e246d1,inbody,ongoing_projects,5b5aad3d-7d40-4c38-80a1-16a795267736,Strengthen National Climate Policy Implementation: Comparative Empirical Learning & Creating Linkage to Climate Finance (SNAPFI),role-climate-finance-ppt.pdf,https://www.teriin.org/sites/default/files/files/role-climate-finance-ppt.pdf,Presentation,2020-03-13T08:12:48+00:00,,unmanaged_no_file_entity,True,2020-03-13 08:12:48,False,False,True
inbody:74afb408895f398bb426d5a1e4e3e7b532d63513,inbody,ongoing_projects,5b5aad3d-7d40-4c38-80a1-16a795267736,Strengthen National Climate Policy Implementation: Comparative Empirical Learning & Creating Linkage to Climate Finance (SNAPFI),role-climate-finance-agenda.pdf,https://www.teriin.org/sites/default/files/files/role-climate-finance-agenda.pdf,Agenda,2020-03-13T08:12:48+00:00,,unmanaged_no_file_entity,True,2020-03-13 08:12:48,False,False,True
inbody:4cae0dd267cccfad7b6e33bb58af1ef3ad04c4d2,inbody,ongoing_projects,5b5aad3d-7d40-4c38-80a1-16a795267736,Strengthen National Climate Policy Implementation: Comparative Empirical Learning & Creating Linkage to Climate Finance (SNAPFI),role-climate-finance-summary.pdf,https://www.teriin.org/sites/default/files/files/role-climate-finance-summary.pdf,Summary,2020-03-13T08:12:48+00:00,,unmanaged_no_file_entity,True,2020-03-13 08:12:48,False,False,True
,inbody,ongoing_projects,5b5aad3d-7d40-4c38-80a1-16a795267736,Strengthen National Climate Policy Implementation: Comparative Empirical Learning & Creating Linkage to Climate Finance (SNAPFI),1580184419_Final_WSDS%20Thematic%20Track%20on%20Climate%20Finance_Concept%20Note.pdf,http://52.76.109.165/registration/public/agendafile/1580184419_Final_WSDS%20Thematic%20Track%20on%20Climate%20Finance_Concept%20Note.pdf,Finance Mechanisms for Accelerating Industry Decarbonisation,2020-03-13T08:12:48+00:00,,external_host,False,,False,False,False
inbody:5f5508210bd0e6b56245a3eabe11d84800269d78,inbody,ongoing_projects,32d2874a-2b5d-4d98-846a-16dcb4d070ef,B-EPICC- Brazil East ​Africa Peru India Climate Capacities Strengthening Resilience against Climate Change,EPICC_India_Factsheet.pdf,https://www.teriin.org/sites/default/files/files/EPICC_India_Factsheet.pdf,,2020-03-23T09:25:02+00:00,,unmanaged_no_file_entity,True,2020-03-23 09:25:02,False,False,True
inbody:d4fbcaaead93be315eff2d6486934eb303b502ef,inbody,ongoing_projects,32d2874a-2b5d-4d98-846a-16dcb4d070ef,B-EPICC- Brazil East ​Africa Peru India Climate Capacities Strengthening Resilience against Climate Change,Uttarakhand_Report_low_res.pdf,https://www.teriin.org/sites/default/files/files/Uttarakhand_Report_low_res.pdf,Here,2020-03-23T09:25:02+00:00,,unmanaged_no_file_entity,True,2020-03-23 09:25:02,False,False,True
,inbody,ongoing_projects,32d2874a-2b5d-4d98-846a-16dcb4d070ef,B-EPICC- Brazil East ​Africa Peru India Climate Capacities Strengthening Resilience against Climate Change,Uttarakhand_Report_low_res.pdf,/sites/default/files/files/Uttarakhand_Report_low_res.pdf,English Version,2020-03-23T09:25:02+00:00,,unmanaged_no_file_entity,False,,False,False,True
,inbody,ongoing_projects,32d2874a-2b5d-4d98-846a-16dcb4d070ef,B-EPICC- Brazil East ​Africa Peru India Climate Capacities Strengthening Resilience against Climate Change,Uttarakhand_Report_low_res-hindi.pdf,/sites/default/files/files/Uttarakhand_Report_low_res-hindi.pdf,Hindi Version,2020-03-23T09:25:02+00:00,,unmanaged_no_file_entity,False,,False,False,True
inbody:6f2a82cec1faf0bf83b84f9be405a7f665a31af7,inbody,ongoing_projects,2fef8be6-c883-4bfe-88f3-875abfab373f,Study on sustainable space heating solutions in buildings in Himalayan region,wwf-india-report.pdf,https://www.teriin.org/sites/default/files/2020-08/wwf-india-report.pdf,Read more,2020-07-08T07:24:59+00:00,2020-08,managed_path_month,True,2020-07-08 07:24:59,False,False,True
inbody:3bebb1f973f401abfe00fd07f5ecb9c98061ad52,inbody,ongoing_projects,83642575-8f19-4183-a9a0-f09d53ba7aae,Urban micro-grids as an enabler for distribution network,Study on Urban Micro-grid as an Enabler for Distribution Network.pdf,https://www.teriin.org/sites/default/files/2020-11/Study on Urban Micro-grid as an Enabler for Distribution Network.pdf,here,2020-08-27T06:11:02+00:00,2020-11,managed_path_month,True,2020-08-27 06:11:02,False,False,True
inbody:af7633cac473bc269f17ad8cfd58b0e0a786ed54,inbody,ongoing_projects,de3d2fbb-89f6-40aa-b0d1-8d680e325b6e,Sustainable Urban Freight Initiative,suf-decarbonization-freight-report.pdf,http://teriin.org/sites/default/files/files/suf-decarbonization-freight-report.pdf,here,2020-10-08T09:20:21+00:00,,unmanaged_no_file_entity,True,2020-10-08 09:20:21,False,False,True
inbody:c8a30ed2107862769f2afd41d298300957c276d1,inbody,ongoing_projects,de3d2fbb-89f6-40aa-b0d1-8d680e325b6e,Sustainable Urban Freight Initiative,suf-decarbonization-freight-annexures.pdf,http://teriin.org/sites/default/files/files/suf-decarbonization-freight-annexures.pdf,View Annexures,2020-10-08T09:20:21+00:00,,unmanaged_no_file_entity,True,2020-10-08 09:20:21,False,False,True
inbody:066e7552f3136085b658238c20f12a256dc1e946,inbody,ongoing_projects,de3d2fbb-89f6-40aa-b0d1-8d680e325b6e,Sustainable Urban Freight Initiative,sustainable-freight-initiatives-report.pdf,https://www.teriin.org/sites/default/files/2021-02/sustainable-freight-initiatives-report.pdf,here,2020-10-08T09:20:21+00:00,2021-02,managed_path_month,True,2020-10-08 09:20:21,False,False,True
inbody:4242d885473792271223f5a369f58575dba235d7,inbody,ongoing_projects,ae61e409-d062-4716-a4a2-251e8f7608a4,"TERI-KAS Energy Dialogue Examining the role of Governance, Geopolitics and SDGs in India''s Energy Security Framework",India_role_in_global_energy_GovernanceFram_work.pdf,https://www.teriin.org/sites/default/files/files/India_role_in_global_energy_GovernanceFram_work.pdf,Download here,2020-10-08T11:54:36+00:00,,unmanaged_no_file_entity,True,2020-10-08 11:54:36,False,False,True
inbody:44121a9b0a2fa74dca6087047c0753c0706c714f,inbody,ongoing_projects,3c9ca7c9-8508-4fac-9561-7f16930b1a05,Decentralized solar PV near the rural user end so as to minimize distribution losses,Decentralised_solar_PV_Report.pdf,https://www.teriin.org/sites/default/files/files/Decentralised_solar_PV_Report.pdf,Download Report,2021-02-18T10:34:29+00:00,,unmanaged_no_file_entity,True,2021-02-18 10:34:29,False,False,True
inbody:c4db2e21f4340691206c8085e3cc12754b98f5cc,inbody,ongoing_projects,da67819a-93e9-4ee6-9f66-c6b5096f943a,Integration study for the grid operation in Andaman and Nicobar Islands for proposed solar capacity,TERI-Andaman-Study-Report.pdf,https://www.teriin.org/sites/default/files/2021-03/TERI-Andaman-Study-Report.pdf,Download Report,2021-03-10T10:28:30+00:00,2021-03,managed_path_month,True,2021-03-10 10:28:30,False,False,True
inbody:c346448fef516ee558be643544de37f37b520238,inbody,ongoing_projects,f0106c20-db10-4bbc-a1a9-2f39311553a1,Mid-century strategy for India,Indias-Long-Term-Strategy-Karan-Mangotra.pdf,https://www.teriin.org/sites/default/files/2020-05/Indias-Long-Term-Strategy-Karan-Mangotra.pdf,View Presentation,2021-05-04T10:10:21+00:00,2020-05,managed_path_month,True,2021-05-04 10:10:21,False,False,True
inbody:5c2c925389fd954ac4daa51bc5116ea4b6890474,inbody,ongoing_projects,f0106c20-db10-4bbc-a1a9-2f39311553a1,Mid-century strategy for India,ppt-kavya-michael-guiding-framework.pdf,https://www.teriin.org/sites/default/files/2020-09/ppt-kavya-michael-guiding-framework.pdf,View Presentation,2021-05-04T10:10:21+00:00,2020-09,managed_path_month,True,2021-05-04 10:10:21,False,False,True
inbody:e69f23316b4debeefc74fdab71824f995d6b9e9f,inbody,ongoing_projects,b60ffc1a-0ad5-4620-8e71-b3905db7c739,Ensure 24x7 reliable power supply to the people of Goa,power-goa-report.pdf,https://www.teriin.org/sites/default/files/files/power-goa-report.pdf,Download,2021-05-24T12:59:56+00:00,,unmanaged_no_file_entity,True,2021-05-24 12:59:56,False,False,True
inbody:7365220cbaa95efec7f158bdeb694feb2c562d1c,inbody,ongoing_projects,3ea01da1-d592-4233-b689-68e528f9db9e,"India's Pathway to Sustainable, Secure, and Resilient Economy",Blue_Economy_Publication.pdf,https://www.teriin.org/sites/default/files/2022-07/Blue_Economy_Publication.pdf,Download Publication,2021-05-25T10:44:59+00:00,2022-07,managed_path_month,True,2021-05-25 10:44:59,False,False,True
inbody:bad46ed1e0083fff97c7ad66bfa11d0a17f86703,inbody,ongoing_projects,3ea01da1-d592-4233-b689-68e528f9db9e,"India's Pathway to Sustainable, Secure, and Resilient Economy",wp1-ensuring-sustainability-ocean-healthy-economy.pdf,https://www.teriin.org/sites/default/files/2021-05/wp1-ensuring-sustainability-ocean-healthy-economy.pdf,Download Working Paper I,2021-05-25T10:44:59+00:00,2021-05,managed_path_month,True,2021-05-25 10:44:59,False,False,True
inbody:3fa5aadf2638c905f81206f44b33acc8283bbc07,inbody,ongoing_projects,3ea01da1-d592-4233-b689-68e528f9db9e,"India's Pathway to Sustainable, Secure, and Resilient Economy",wp2-STI-Blue-economy-India.pdf,https://www.teriin.org/sites/default/files/2021-05/wp2-STI-Blue-economy-India.pdf,Download Working Paper II,2021-05-25T10:44:59+00:00,2021-05,managed_path_month,True,2021-05-25 10:44:59,False,False,True
inbody:864ac3ebb299ae8130bddde9611e9b93bf46f2e2,inbody,ongoing_projects,0b09902c-7fb4-4236-8308-d797a4d54fa5,Changemakers for Climate Action,poster-ca.pdf,https://www.teriin.org/sites/default/files/2021-07/poster-ca.pdf,Download Poster,2021-07-19T08:54:54+00:00,2021-07,managed_path_month,True,2021-07-19 08:54:54,False,False,True
inbody:d2af25d6b62aef260e657015896f92aee13ffaa2,inbody,ongoing_projects,0b09902c-7fb4-4236-8308-d797a4d54fa5,Changemakers for Climate Action,Youth_Working_Document_CCA.pdf,https://www.teriin.org/pdf/Youth_Working_Document_CCA.pdf,here,2021-07-19T08:54:54+00:00,,unmanaged_no_file_entity,True,2021-07-19 08:54:54,False,False,True
,inbody,ongoing_projects,7ae02f29-af84-491f-97d1-ad77e672644a,Economics of Energy Innovation Systems Transition (EEIST),The_Green_Book.pdf,https://assets.publishing.service.gov.uk/government/uploads/system/uploads/attachment_data/file/685903/The_Green_Book.pdf,Cost Benefit Analysis,2021-11-01T11:06:06+00:00,,external_host,False,,False,False,False
inbody:aa2f85f35621716299519ddf9f57d1ec8609371b,inbody,ongoing_projects,419d6b60-d895-4e8a-94e2-f754709fa249,Youth Climate Conclave 5th Edition,YCC_over_the_years.pdf,https://wsds.teriin.org/2025/ycc_v5/vote/assets/pdf/YCC_over_the_years.pdf,click here,2021-11-16T12:33:19+00:00,,unmanaged_no_file_entity,True,2021-11-16 12:33:19,False,False,True
inbody:3297b9a0bc074f614badd9571fcf65700a280952,inbody,ongoing_projects,dd665edb-71eb-4f30-8fc4-aeb6ae5fe00e,Water-Energy-Food Nexus: Implementing Solar Irrigation Sustainably,Implementing-solar -irrigation- sustainably _Guidebook.pdf,https://www.teriin.org/sites/default/files/2022-01/Implementing-solar -irrigation- sustainably _Guidebook.pdf,Download,2022-01-21T09:23:09+00:00,2022-01,managed_path_month,True,2022-01-21 09:23:09,False,False,True
,inbody,ongoing_projects,cd337d4b-0da9-4efa-bf49-96990d1ed576,Traditional agriculture for sustainable development: a Satoyama approach,Satoyama_Book_Updated.pdf,https://www.teriin.org/sites/default/files/files/Satoyama_Book_Updated.pdf,,2022-01-25T08:16:27+00:00,,unmanaged_no_file_entity,False,,False,False,True
,inbody,ongoing_projects,cd337d4b-0da9-4efa-bf49-96990d1ed576,Traditional agriculture for sustainable development: a Satoyama approach,Satoyama_Book_Web.pdf,https://www.teriin.org/sites/default/files/files/Satoyama_Book_Web.pdf,Download,2022-01-25T08:16:27+00:00,,unmanaged_no_file_entity,False,,False,False,True
inbody:1a9f657b7f75e8c702676a38ab7d6130d0600752,inbody,ongoing_projects,0708c23b-2166-4d90-ace1-2503b676502c,The Responsible Energy Initiative,Responsible-Energy-Initiative-India-Vision-and-principles.pdf,https://www.teriin.org/sites/default/files/2021-07/Responsible-Energy-Initiative-India-Vision-and-principles.pdf,Read Vision and principles,2022-02-09T08:44:19+00:00,2021-07,managed_path_month,True,2022-02-09 08:44:19,False,False,True
inbody:f3bb7804ceff524908ec22d852ac1cbdb44193fb,inbody,ongoing_projects,9c3f4e3e-4fea-422f-aca0-60e190515c56,Strategies to Increase Railway's Share in Freight Transportation,Terminal%20Operations%20and%20Development%20-%20Strategies%20to%20Increase%20Railway%20Share%20in%20Freight%20Transport%20in%20India%20%281%29.pdf,https://www.teriin.org/sites/default/files/2023-12/Terminal%20Operations%20and%20Development%20-%20Strategies%20to%20Increase%20Railway%20Share%20in%20Freight%20Transport%20in%20India%20%281%29.pdf,Volume I: Terminal Development and Operations,2022-02-15T08:03:02+00:00,2023-12,managed_path_month,True,2022-02-15 08:03:02,False,False,True
inbody:0ebdc060618790c3a38981d850c743ec8b3b9c1d,inbody,ongoing_projects,9c3f4e3e-4fea-422f-aca0-60e190515c56,Strategies to Increase Railway's Share in Freight Transportation,Freight%20Marketing%20Policies%20-%20Strategies%20to%20Increase%20Railway%20Share%20in%20Freight%20Transport%20in%20India%20%282%29.pdf,https://www.teriin.org/sites/default/files/2023-12/Freight%20Marketing%20Policies%20-%20Strategies%20to%20Increase%20Railway%20Share%20in%20Freight%20Transport%20in%20India%20%282%29.pdf,Volume II: Freight Marketing Policies,2022-02-15T08:03:02+00:00,2023-12,managed_path_month,True,2022-02-15 08:03:02,False,False,True
inbody:5fad2fcff783391d8245eac8ff541824ab1bcd16,inbody,ongoing_projects,9c3f4e3e-4fea-422f-aca0-60e190515c56,Strategies to Increase Railway's Share in Freight Transportation,Rail%20Freight%20Tariff%20Policies%20-%20Strategies%20to%20Increase%20Railway%20Share%20in%20Freight%20Transport%20in%20India.pdf,https://www.teriin.org/sites/default/files/2023-11/Rail%20Freight%20Tariff%20Policies%20-%20Strategies%20to%20Increase%20Railway%20Share%20in%20Freight%20Transport%20in%20India.pdf,Volume III: Rail Freight Tariff Policies,2022-02-15T08:03:02+00:00,2023-11,managed_path_month,True,2022-02-15 08:03:02,False,False,True
,inbody,ongoing_projects,2c6d8bce-beb0-453c-baba-6001f88c70c7,Baseline Study for Non-Urban Road Transport,202203291206002029009ExecutiveSummarySectoralConsumptionStudy.pdf,https://www.ppac.gov.in/WriteReadData/Reports/202203291206002029009ExecutiveSummarySectoralConsumptionStudy.pdf,https://www.ppac.gov.in/WriteReadData/Reports/202203291206002029009ExecutiveSummarySectoralConsumptionStudy.pdf,2022-08-18T11:17:40+00:00,,external_host,False,,False,False,False
,inbody,ongoing_projects,0ab481b1-5840-49d7-a334-4083709d207a,Freight Greenhouse Gas Calculator,1.-MoR-circular-date-15.03.2022.pdf,https://www.ccai.co.in/wp-content/uploads/2022/05/1.-MoR-circular-date-15.03.2022.pdf,Rail Green Points,2022-10-18T11:37:13+00:00,,external_host,False,,True,False,False
inbody:ba8d7212709b5354836d2074486387c560875e7c,inbody,ongoing_projects,9c2071d9-936c-4522-8712-e0ecf543cd8f,Accelerating Sustainable Training in the Armed Forces,Supporting_Defence_Sector_Efforts_Towards_Report.pdf,https://teriin.org/sites/default/files/files/Supporting_Defence_Sector_Efforts_Towards_Report.pdf,Download,2023-05-31T05:12:55+00:00,,unmanaged_no_file_entity,True,2023-05-31 05:12:55,False,False,True
inbody:30ac2cbfcddeba684f76ac88885c55fd6f38d362,inbody,ongoing_projects,71154b8c-76b1-4777-82f6-76a67a94d850,"Emission inventories, Source apportionment studies and carrying capacity study for different cities in India",Air-Pollution-Emission-Inventory_1.pdf,https://teriin.org/sites/default/files/files/Air-Pollution-Emission-Inventory_1.pdf,"Air Pollution Emission Inventory, Source Apportionment and Atmospheric Carrying: Capacity Study of the Howrah City in West Bengal",2023-08-07T08:47:13+00:00,,unmanaged_no_file_entity,True,2023-08-07 08:47:13,False,False,True
inbody:0493ba9207639ee6488767849e08a6064c7f6dcc,inbody,ongoing_projects,71154b8c-76b1-4777-82f6-76a67a94d850,"Emission inventories, Source apportionment studies and carrying capacity study for different cities in India",Air-Pollution-Emission-Inventory_2.pdf,https://teriin.org/sites/default/files/files/Air-Pollution-Emission-Inventory_2.pdf,"Air Pollution Emissions Inventory, Source Apportionment and Atmospheric Carrying: Capacity Study of Kolkata in West Bengal",2023-08-07T08:47:13+00:00,,unmanaged_no_file_entity,True,2023-08-07 08:47:13,False,False,True
,inbody,ongoing_projects,eeb428a5-a6c4-4b29-9f6c-ec335b3e0b51,Clean Air Projects in India (CAP – India),Estimation_of_Contribution_of_Sources_to_Ambient_PM2.5_Concentration_in_Lucknow_City_&amp;_District.pdf,https://www.teriin.org/sites/default/files/files/Estimation_of_Contribution_of_Sources_to_Ambient_PM2.5_Concentration_in_Lucknow_City_&amp;_District.pdf,Download,2023-08-07T09:08:05+00:00,,unmanaged_no_file_entity,False,,False,False,True
inbody:711b2a78324d9740adcfb64267a192b486bf820f,inbody,ongoing_projects,eeb428a5-a6c4-4b29-9f6c-ec335b3e0b51,Clean Air Projects in India (CAP – India),Emission_Inventory_of_Pune.pdf,https://www.teriin.org/sites/default/files/files/Emission_Inventory_of_Pune.pdf,Download,2023-08-07T09:08:05+00:00,,unmanaged_no_file_entity,True,2023-08-07 09:08:05,False,False,True
inbody:f917a551257af513ecf6c782bf388d624570e31a,inbody,ongoing_projects,eeb428a5-a6c4-4b29-9f6c-ec335b3e0b51,Clean Air Projects in India (CAP – India),EI_Nashik_August2023.pdf,https://www.teriin.org/sites/default/files/files/EI_Nashik_August2023.pdf,Download,2023-08-07T09:08:05+00:00,,unmanaged_no_file_entity,True,2023-08-07 09:08:05,True,False,True
inbody:ade2bfe85af758a9589be5e290e9a32ca5f021a3,inbody,ongoing_projects,eeb428a5-a6c4-4b29-9f6c-ec335b3e0b51,Clean Air Projects in India (CAP – India),mitigating_childrens_exposure_to_traffic_pollution_marathi_final.pdf,https://www.teriin.org/sites/default/files/files/mitigating_childrens_exposure_to_traffic_pollution_marathi_final.pdf,Download,2023-08-07T09:08:05+00:00,,unmanaged_no_file_entity,True,2023-08-07 09:08:05,False,False,True
inbody:529d8882b2d301a830af9ad3f4e9e25a85fb5323,inbody,ongoing_projects,eeb428a5-a6c4-4b29-9f6c-ec335b3e0b51,Clean Air Projects in India (CAP – India),Report_on_optimiztion_of_monitoring_network_in_four_cities.pdf,https://www.teriin.org/sites/default/files/files/Report_on_optimiztion_of_monitoring_network_in_four_cities.pdf,Download,2023-08-07T09:08:05+00:00,,unmanaged_no_file_entity,True,2023-08-07 09:08:05,False,False,True
inbody:de0e20bde5a3b57e4f5d5a742dde9768c297a030,inbody,ongoing_projects,eeb428a5-a6c4-4b29-9f6c-ec335b3e0b51,Clean Air Projects in India (CAP – India),Prioritisation_of_actions_in_the_existing_clean_air_action_plan_for_Pune_and_Nashik.pdf,https://www.teriin.org/sites/default/files/files/Prioritisation_of_actions_in_the_existing_clean_air_action_plan_for_Pune_and_Nashik.pdf,Download,2023-08-07T09:08:05+00:00,,unmanaged_no_file_entity,True,2023-08-07 09:08:05,False,False,True
inbody:b1b679424afbea2ad8b8cf87799c6974aad434c4,inbody,ongoing_projects,eeb428a5-a6c4-4b29-9f6c-ec335b3e0b51,Clean Air Projects in India (CAP – India),Media_manual_merged.pdf,https://teriin.org/sites/default/files/files/Media_manual_merged.pdf,Media Manual on Air Pollution,2023-08-07T09:08:05+00:00,,unmanaged_no_file_entity,True,2023-08-07 09:08:05,False,False,True
inbody:8f0b917bb129bc3c4430665799bdaa20d2e26e70,inbody,ongoing_projects,702f30fd-e307-416f-b54e-e9493c1aea27,Integrated Urban Climate Action for Low-Carbon & Resilient Cities (Urban-Act),Integrating_Climate_Sensitivity_into_Urban_Planning_for_Future_Resilience.pdf,https://teriin.org/sites/default/files/files/Integrating_Climate_Sensitivity_into_Urban_Planning_for_Future_Resilience.pdf,Download,2023-09-05T07:01:16+00:00,,unmanaged_no_file_entity,True,,False,False,True
inbody:fa58de3007e3054f7130ba4da27b1f65ab687982,inbody,ongoing_projects,921b117b-bda4-4a08-889d-c559c7d61081,SDG Blueprint for Sustainable Agriculture,SDG_Blueprint_Report.pdf,https://teriin.org/sites/default/files/files/SDG_Blueprint_Report.pdf,Download,2023-11-20T09:45:22+00:00,,unmanaged_no_file_entity,True,2023-11-20 09:45:22,False,False,True
inbody:5525614e64389f0b81756e9b9ee76c6153063571,inbody,ongoing_projects,6eabe168-fc6b-4bdc-bf63-d9085dbade2c,The Green School Project 2.0: Empowering Education for a Greener Tomorrow,EIR_Handbook.pdf,https://teriin.org/files/EIR_Handbook.pdf,EIR Handbook,2023-11-23T09:00:56+00:00,,unmanaged_no_file_entity,True,2023-11-23 09:00:56,False,False,True
inbody:22e447e5334cfd6a22c19304ad7a70520fe02332,inbody,ongoing_projects,6eabe168-fc6b-4bdc-bf63-d9085dbade2c,The Green School Project 2.0: Empowering Education for a Greener Tomorrow,EMC.pdf,https://teriin.org/files/EMC.pdf,EMC,2023-11-23T09:00:56+00:00,,unmanaged_no_file_entity,True,2023-11-23 09:00:56,False,False,True
,inbody,ongoing_projects,6eabe168-fc6b-4bdc-bf63-d9085dbade2c,The Green School Project 2.0: Empowering Education for a Greener Tomorrow,LM_Energy_&amp;_Biodiversity.pdf,https://teriin.org/files/LM_Energy_&amp;_Biodiversity.pdf,LM Energy &amp; Biodiversity,2023-11-23T09:00:56+00:00,,unmanaged_no_file_entity,False,,False,False,True
,inbody,ongoing_projects,6eabe168-fc6b-4bdc-bf63-d9085dbade2c,The Green School Project 2.0: Empowering Education for a Greener Tomorrow,LM_Water_&amp;_Waste.pdf,https://teriin.org/files/LM_Water_&amp;_Waste.pdf,LM Water &amp; Waste,2023-11-23T09:00:56+00:00,,unmanaged_no_file_entity,False,,False,False,True
inbody:bf09caa767f1c145a77e48343a4d1e2acab7baed,inbody,ongoing_projects,eac43b28-51a1-4078-b390-18a9dae3c85a,Achieving Non-Fossil Target of India: Evolution of the Ecosystem,1700732758NDC%20Implementation%20Check%20TEMPLATE.pdf,https://www.teriin.org/sites/default/files/2023-11/1700732758NDC%20Implementation%20Check%20TEMPLATE.pdf,Download,2023-11-23T09:54:32+00:00,2023-11,managed_path_month,True,2023-11-23 09:54:32,False,False,True
inbody:bab2f94738e66ccd457f9f0b79b804af5057c108,inbody,ongoing_projects,37b6c950-cf63-4b37-a18f-0418ecb9d3de,"Preparing Roadmap for Fleet Electrification of Department of Posts, India and Estimating Potential Cost and Emission Benefits",Policy_Brief_Facilitating_Zero_Emission_Deliveries_for_Postal_Services_updated_V1.pdf,https://teriin.org/sites/default/files/files/Policy_Brief_Facilitating_Zero_Emission_Deliveries_for_Postal_Services_updated_V1.pdf,Download,2023-12-12T04:46:22+00:00,,unmanaged_no_file_entity,True,,False,False,True
,inbody,ongoing_projects,37b6c950-cf63-4b37-a18f-0418ecb9d3de,"Preparing Roadmap for Fleet Electrification of Department of Posts, India and Estimating Potential Cost and Emission Benefits",Urban-Transportation.pdf,https://www.inae.in/storage/2020/01/Urban-Transportation.pdf,https://www.inae.in/storage/2020/01/Urban-Transportation.pdf,2023-12-12T04:46:22+00:00,,external_host,False,,False,True,False
inbody:af7b508e259a754fb13c6eea42995ee3013835c4,inbody,ongoing_projects,f03c894c-2604-4d40-a666-e4853653629a,Pumped Storage Plants - Essential for India's Energy Transition,Pumped%20Storage%20Plants%20Discussion%20Paper%202023.pdf,https://teriin.org/sites/default/files/2024-01/Pumped%20Storage%20Plants%20Discussion%20Paper%202023.pdf,https://teriin.org/sites/default/files/2024-01/Pumped%20Storage%20Plants%20Discussion%20Paper%202023.pdf,2024-01-16T09:13:05+00:00,2024-01,managed_path_month,True,2024-01-16 09:13:05,False,True,True
,inbody,ongoing_projects,f56d7d6a-ba88-47be-8991-6ab5c10d5a79,UI-ASSIST (US-India collAborative for smart diStribution System wIth Storage),UI-ASSIST_Compendium.pdf,https://uiassist.org/media/reports/UI-ASSIST_Compendium.pdf,https://uiassist.org/media/reports/UI-ASSIST_Compendium.pdf,2024-03-13T08:22:44+00:00,,external_host,False,,False,False,False
,inbody,ongoing_projects,f56d7d6a-ba88-47be-8991-6ab5c10d5a79,UI-ASSIST (US-India collAborative for smart diStribution System wIth Storage),DSO-White-Paper.pdf,https://uiassist.org/media/reports/DSO-White-Paper.pdf,"‘Transforming the Indian Power Sector - Distribution System Operators (DSOs): Need Frameworks, and Regulatory Considerations,’",2024-03-13T08:22:44+00:00,,external_host,False,,False,False,False
inbody:0abff5b686877b31e47cf124c94991a650c2decf,inbody,ongoing_projects,0d175a5b-bf3b-4dab-9d36-a80382dad47f,Just Transition,Gender_Just_transition_report.pdf,https://teriin.org/sites/default/files/files/Gender_Just_transition_report.pdf,Download,2024-04-19T07:17:39+00:00,,unmanaged_no_file_entity,True,2024-04-19 07:17:39,False,False,True
inbody:a342d8d67f124a8622a81774c0b1c5fee2e57279,inbody,ongoing_projects,132b0915-d457-4a14-ba24-43f0a8b3818e,Air and Water Quality Status Report of Maharashtra,Water-Quality-Status-Report-of-Maharashtra-2022-23.pdf,https://teriin.org/files/Water-Quality-Status-Report-of-Maharashtra-2022-23.pdf,Download,2024-10-09T06:42:30+00:00,,unmanaged_no_file_entity,True,2024-10-09 06:42:30,True,False,True
inbody:4414060fd5833fb6a2ba6873d884ae1fbd5bbae7,inbody,ongoing_projects,132b0915-d457-4a14-ba24-43f0a8b3818e,Air and Water Quality Status Report of Maharashtra,Air-Quality-Status-Report-of-Maharashtra-2022-23.pdf,https://teriin.org/files/Air-Quality-Status-Report-of-Maharashtra-2022-23.pdf,Download,2024-10-09T06:42:30+00:00,,unmanaged_no_file_entity,True,2024-10-09 06:42:30,True,False,True
,inbody,ongoing_projects,9443b3c6-c2e8-448d-9013-1ede639172f1,Roadmap for India's Energy Transition in the Transport Sector,Roadmap%20for%20India%20Energy%20Transition_FINAL%20REPORT.pdf,https://teriin.org/sites/default/files/2024-11/Roadmap%20for%20India%20Energy%20Transition_FINAL%20REPORT.pdf,Download,2024-11-18T11:55:54+00:00,2024-11,managed_path_month,False,,False,False,True
inbody:f4872b0212e73fa8cf5ca05e93a698efbda4b3f7,inbody,ongoing_projects,08202e21-dd17-4b1d-a6cd-9f42657cf91f,Transition Roadmap for Sustainable and Efficient Transport for GIDC Naroda,Transition-Roadmap-for-Sustainable.pdf,https://teriin.org/sites/default/files/files/Transition-Roadmap-for-Sustainable.pdf,Download,2025-07-30T10:03:44+00:00,,unmanaged_no_file_entity,True,2025-07-30 10:03:44,False,False,True
inbody:b16cb1bdb0a9b4497e4abb46b59fd1a50876e569,inbody,ongoing_projects,563e3cd5-8256-4fcd-b504-51da9f3a6ed4,Ocean Matters: Safeguarding Our Oceans,Blog_Competition_Winners.pdf,https://teriin.org/sites/default/files/files/Blog_Competition_Winners.pdf,here,2025-12-01T08:25:53+00:00,,unmanaged_no_file_entity,True,2025-12-01 08:25:53,False,False,True
inbody:978cae147cdd31668bc30828709271d55708fc08,inbody,ongoing_projects,c3cabe81-873f-4f56-ba4f-2339a4ae6fd5,Agri – PV in India,ETC_AgriPV-Standalone.pdf,https://teriin.org/sites/default/files/files/ETC_AgriPV-Standalone.pdf,https://teriin.org/sites/default/files/files/ETC_AgriPV-Standalone.pdf,2026-05-12T04:09:43+00:00,,unmanaged_no_file_entity,True,2026-05-12 04:09:43,False,False,True
,inbody,events,c9cfff5e-77f7-441e-a9c5-5922f05fc6c7,"Workshop on ""Preservation and Conservation of Knowledge and Practices of North East for Sanitation, Cleanliness and related Medical Issues""",north-east-reg-form.pdf,http://www.teriin.org/eventdocs/files/north-east-reg-form.pdf,Registration Form,2018-01-09T11:28:55+00:00,,unmanaged_no_file_entity,False,,False,False,True
inbody:7d14408037313cd0d84b43593833d44830a2ab1a,inbody,events,0047a552-8363-49f8-9feb-457600865cfa,TERI at COP23,Nov6_Agenda_ImplementingNDCs.pdf,https://www.teriin.org/eventdocs/files/Nov6_Agenda_ImplementingNDCs.pdf,Know more,2018-01-09T11:28:55+00:00,,unmanaged_no_file_entity,True,2018-01-09 11:28:55,False,False,True
inbody:4e72884b1e3c5242c14a6f19ebb3f4d4f8ea946b,inbody,events,0047a552-8363-49f8-9feb-457600865cfa,TERI at COP23,south-asias-hotspots.pdf,https://www.teriin.org/eventdocs/files/south-asias-hotspots.pdf,Know more,2018-01-09T11:28:55+00:00,,unmanaged_no_file_entity,True,2018-01-09 11:28:55,False,False,True
inbody:2688510db5821d4db486ff7de598a1819c20a735,inbody,events,0047a552-8363-49f8-9feb-457600865cfa,TERI at COP23,COP23-ADB-TERI-WBGU-SideEvent.pdf,https://www.teriin.org/eventdocs/files/COP23-ADB-TERI-WBGU-SideEvent.pdf,Know more,2018-01-09T11:28:55+00:00,,unmanaged_no_file_entity,True,2018-01-09 11:28:55,False,False,True
inbody:cb0741cae539a83d5c83bdfd5b82509a5eefb3b0,inbody,events,3a52a708-94a0-44ae-98cc-aa8812b56c4b,"Workshop on ""Energy Efficiency and HCFC Phase-out in Building Sector in India""",hcfc-mumbai-agenda.pdf,http://www.teriin.org/eventdocs/agenda/hcfc-mumbai-agenda.pdf,View,2018-01-09T11:28:55+00:00,,unmanaged_no_file_entity,True,2018-01-09 11:28:55,False,False,True
inbody:066e7e84d1087152642c29c6f1910beaf48fe770,inbody,events,3a52a708-94a0-44ae-98cc-aa8812b56c4b,"Workshop on ""Energy Efficiency and HCFC Phase-out in Building Sector in India""",hcfc-kolkata-agenda.pdf,http://www.teriin.org/eventdocs/agenda/hcfc-kolkata-agenda.pdf,View,2018-01-09T11:28:55+00:00,,unmanaged_no_file_entity,True,2018-01-09 11:28:55,False,False,True
inbody:3035753c90795bcae8749491339324995a764b59,inbody,events,3a52a708-94a0-44ae-98cc-aa8812b56c4b,"Workshop on ""Energy Efficiency and HCFC Phase-out in Building Sector in India""",hcfc-delhi-agenda.pdf,http://www.teriin.org/eventdocs/agenda/hcfc-delhi-agenda.pdf,View,2018-01-09T11:28:55+00:00,,unmanaged_no_file_entity,True,2018-01-09 11:28:55,False,False,True
inbody:c692bf35a3159a7c19d700d554303febf90a949a,inbody,events,8e1dfa19-6be3-422b-a976-bb49db2567f7,Surya Mitra Skill Development Programme,Suryamitra-Curriculum-Guide.pdf,https://www.teriin.org/eventdocs/files/Suryamitra-Curriculum-Guide.pdf,Suryamitra Curriculum Guide,2018-01-09T11:28:55+00:00,,unmanaged_no_file_entity,True,2018-01-09 11:28:55,False,False,True
,inbody,events,acf5a90e-9046-47c0-b30a-b992633903b0,World Wide Views on Climate and Energy - India,Invitation_WWVC&amp;E_ 6June.pdf,https://www.teriin.org/eventdocs/files/Invitation_WWVC&amp;E_ 6June.pdf,Invitation,2018-01-09T11:28:55+00:00,,unmanaged_no_file_entity,False,,False,False,True
,inbody,events,78c83178-a2d8-4d01-84ed-c87a4c310355,Workshop on 'Reforming LPG and Kerosene Subsidies: Short-term priorities and longer-term ambitions',ffs_india_kerosene_alwar_final.pdf,http://www.iisd.org/gsi/sites/default/files/ffs_india_kerosene_alwar_final.pdf,Report 1,2018-01-09T11:28:55+00:00,,external_host,False,,False,False,False
,inbody,events,78c83178-a2d8-4d01-84ed-c87a4c310355,Workshop on 'Reforming LPG and Kerosene Subsidies: Short-term priorities and longer-term ambitions',ffs_india_lpg_mysore.pdf,http://www.iisd.org/gsi/sites/default/files/ffs_india_lpg_mysore.pdf,Report 2,2018-01-09T11:28:55+00:00,,external_host,False,,False,False,False
inbody:b5c0d15ae2cd2a32a6a46e7c69ce7ac6d574be28,inbody,events,18d3b9de-6b13-4d73-8686-230f9190f56e,Conference on 'Accelerated Deployment of Rooftop Solar PV Systems in India',agenda_conf-solarPV-mar.pdf,https://teriin.org/eventdocs/agenda/agenda_conf-solarPV-mar.pdf,Agenda,2018-01-09T11:28:55+00:00,,unmanaged_no_file_entity,True,2018-01-09 11:28:55,False,False,True
inbody:4e76163f150ed9adf59ea53cfcd10eab40bef004,inbody,events,18d3b9de-6b13-4d73-8686-230f9190f56e,Conference on 'Accelerated Deployment of Rooftop Solar PV Systems in India',dev-web-GIS-tool-mar.pdf,https://teriin.org/eventdocs/files/dev-web-GIS-tool-mar.pdf,Development of Web-GIS Tool for estimating the Rooftop Solar Power potential for Indian Solar Cities,2018-01-09T11:28:55+00:00,,unmanaged_no_file_entity,True,2018-01-09 11:28:55,False,False,True
inbody:68af7acffab0ec786ceefbbd6397727d0f78f491,inbody,events,18d3b9de-6b13-4d73-8686-230f9190f56e,Conference on 'Accelerated Deployment of Rooftop Solar PV Systems in India',rooftop-solar-web-GIS-Tool-mar.pdf,https://teriin.org/eventdocs/files/rooftop-solar-web-GIS-Tool-mar.pdf,Rooftop Solar Web-GIS Tool Note,2018-01-09T11:28:55+00:00,,unmanaged_no_file_entity,True,2018-01-09 11:28:55,False,False,True
inbody:58cda38bf3feacfa0e92f7726a7ec507c698b21b,inbody,events,18d3b9de-6b13-4d73-8686-230f9190f56e,Conference on 'Accelerated Deployment of Rooftop Solar PV Systems in India',BTM-Note-mar.pdf,https://teriin.org/eventdocs/files/BTM-Note-mar.pdf,BTM Note,2018-01-09T11:28:55+00:00,,unmanaged_no_file_entity,True,2018-01-09 11:28:55,False,False,True
inbody:7030faa4de9f686288fafd6e394f834da24525d0,inbody,events,18d3b9de-6b13-4d73-8686-230f9190f56e,Conference on 'Accelerated Deployment of Rooftop Solar PV Systems in India',acc-large-rooftop-SPV_mar.pdf,https://teriin.org/eventdocs/files/acc-large-rooftop-SPV_mar.pdf,Accelerating Large Scale Deployment of Rooftop SPV in India,2018-01-09T11:28:55+00:00,,unmanaged_no_file_entity,True,2018-01-09 11:28:55,False,False,True
inbody:3be304b17ae30309e5d8c16c8687c20094e12dcb,inbody,events,18d3b9de-6b13-4d73-8686-230f9190f56e,Conference on 'Accelerated Deployment of Rooftop Solar PV Systems in India',rooftop-solar-PV-Exp_mar.pdf,https://teriin.org/eventdocs/files/rooftop-solar-PV-Exp_mar.pdf,Rooftop Solar PV Experience in India,2018-01-09T11:28:55+00:00,,unmanaged_no_file_entity,True,2018-01-09 11:28:55,False,False,True
,inbody,events,d3acb5b7-2c92-44fd-b8ba-0c726a5da130,TERI-ITEC Courses 2013-14 Course VI - Renewable energy and energy efficiency,Application_form_ITEC-SCAAP.pdf,http://itec.mea.gov.in/Application_form_ITEC-SCAAP.pdf,Application form,2018-01-09T11:28:55+00:00,,external_host,False,,False,False,False
,inbody,events,2c19caf8-9bdb-4dee-aea9-43a14fd311ec,The Energy Report - India,the_energy_report_india.pdf,http://awsassets.wwfindia.org/downloads/the_energy_report_india.pdf,Report,2018-01-09T11:28:55+00:00,,external_host,False,,False,False,False
inbody:74b6dc3a7ce4f48161b05773343bcc08ac746251,inbody,events,2ba9373b-08db-4ef2-a2b1-564dbbdd9e28,Conference on 'Promoting Rooftop Solar Photovoltaic Systems in India',Rooftop-Solar-PV-Experience-in-India.pdf,https://www.teriin.org/eventdocs/files/Rooftop-Solar-PV-Experience-in-India.pdf,Rooftop Solar PV Experience in India,2018-01-09T11:28:55+00:00,,unmanaged_no_file_entity,True,2018-01-09 11:28:55,False,False,True
inbody:9245edd52659f8a1deeb0292aaa083da843133bc,inbody,events,2ba9373b-08db-4ef2-a2b1-564dbbdd9e28,Conference on 'Promoting Rooftop Solar Photovoltaic Systems in India',ppt1-dev-web-GIS-tool.pdf,https://www.teriin.org/eventdocs/files/ppt1-dev-web-GIS-tool.pdf,Development of Web-GIS Tool for estimating the Rooftop Solar Power potential for Indian Solar Cities,2018-01-09T11:28:55+00:00,,unmanaged_no_file_entity,True,2018-01-09 11:28:55,False,False,True
inbody:5ea7f08659101c297e1aae3548c6f260e5591143,inbody,events,2ba9373b-08db-4ef2-a2b1-564dbbdd9e28,Conference on 'Promoting Rooftop Solar Photovoltaic Systems in India',ppt2_accelerating.pdf,https://www.teriin.org/eventdocs/files/ppt2_accelerating.pdf,Accelerating Large Scale Deployment of Rooftop SPV in India,2018-01-09T11:28:55+00:00,,unmanaged_no_file_entity,True,2018-01-09 11:28:55,False,False,True
inbody:4e43cdeb396b7063ec9052fdcffb04a8b5eb3adf,inbody,events,2ba9373b-08db-4ef2-a2b1-564dbbdd9e28,Conference on 'Promoting Rooftop Solar Photovoltaic Systems in India',ppt3_gis.pdf,https://www.teriin.org/eventdocs/files/ppt3_gis.pdf,Status of Rooftop SPV Projects as on 15th Dec'13 in UT Chandigarh,2018-01-09T11:28:55+00:00,,unmanaged_no_file_entity,True,2018-01-09 11:28:55,False,False,True
inbody:d7ccc39e983c346b49c6798aa9f8dbe21fa38da9,inbody,events,2ba9373b-08db-4ef2-a2b1-564dbbdd9e28,Conference on 'Promoting Rooftop Solar Photovoltaic Systems in India',Hindustan-Times-Chandigarh-Monday-December-23-2013.pdf,https://www.teriin.org/eventdocs/files/Hindustan-Times-Chandigarh-Monday-December-23-2013.pdf,"Hindustan Times, Chandigarh, Monday, December 23, 2013",2018-01-09T11:28:55+00:00,,unmanaged_no_file_entity,True,2018-01-09 11:28:55,True,True,True
inbody:4784fe32e3abe17b71d007b0517806eab330c3c1,inbody,events,2ba9373b-08db-4ef2-a2b1-564dbbdd9e28,Conference on 'Promoting Rooftop Solar Photovoltaic Systems in India',Chandigarh-Tribune-Chandigarh-Monday-December-23-2013.pdf,https://www.teriin.org/eventdocs/files/Chandigarh-Tribune-Chandigarh-Monday-December-23-2013.pdf,"Chandigarh Tribune, Chandigarh, Monday, December 23, 2013",2018-01-09T11:28:55+00:00,,unmanaged_no_file_entity,True,2018-01-09 11:28:55,True,True,True
inbody:54847ab6c2d5fc827cd4fe4321fe6b10b0798a99,inbody,events,2ba9373b-08db-4ef2-a2b1-564dbbdd9e28,Conference on 'Promoting Rooftop Solar Photovoltaic Systems in India',Chandigarh-Tribune-Chandigarh-Tuesday-December-24-2013.pdf,https://www.teriin.org/eventdocs/files/Chandigarh-Tribune-Chandigarh-Tuesday-December-24-2013.pdf,"Chandigarh Tribune, Chandigarh, Tuesday, December 24, 2013",2018-01-09T11:28:55+00:00,,unmanaged_no_file_entity,True,2018-01-09 11:28:55,True,True,True
inbody:16da17b344657f09d91c4fe1ae2c6c6a23bcac62,inbody,events,2ba9373b-08db-4ef2-a2b1-564dbbdd9e28,Conference on 'Promoting Rooftop Solar Photovoltaic Systems in India',The-Pioneer-Chandigarh-Tuesday-December-24-2013.pdf,https://www.teriin.org/eventdocs/files/The-Pioneer-Chandigarh-Tuesday-December-24-2013.pdf,"The Pioneer, Chandigarh, Tuesday, December 24, 2013",2018-01-09T11:28:55+00:00,,unmanaged_no_file_entity,True,2018-01-09 11:28:55,True,True,True
inbody:6d6e770219a275767bb1f0e264f6c84a1c9642e3,inbody,events,2ba9373b-08db-4ef2-a2b1-564dbbdd9e28,Conference on 'Promoting Rooftop Solar Photovoltaic Systems in India',India-News-Calling-Chandigarh-Monday-December-23-2013.pdf,https://www.teriin.org/eventdocs/files/India-News-Calling-Chandigarh-Monday-December-23-2013.pdf,"India News Calling, Chandigarh, Monday, December 23, 2013",2018-01-09T11:28:55+00:00,,unmanaged_no_file_entity,True,2018-01-09 11:28:55,True,True,True
inbody:99cb6050710c214ecbb97d715bfab64f23ebd376,inbody,events,2ba9373b-08db-4ef2-a2b1-564dbbdd9e28,Conference on 'Promoting Rooftop Solar Photovoltaic Systems in India',Business-Standard-Chandigarh-Monday-December-30-2013.pdf,https://www.teriin.org/eventdocs/files/Business-Standard-Chandigarh-Monday-December-30-2013.pdf,"Business Standard, Chandigarh, Monday, December 30, 2013",2018-01-09T11:28:55+00:00,,unmanaged_no_file_entity,True,2018-01-09 11:28:55,True,True,True
inbody:fd2c6eb0a9e983411df5b40154a3acc27f1153cc,inbody,events,30f32d92-aaf6-44a0-a29f-9ff495d7e6fc,Antarctica Calling - A contest to select TETRA PAK Youth Ambassador for the year 2014-2015,contest_details_tetra-pak.pdf,https://www.teriin.org/eventdocs/files/contest_details_tetra-pak.pdf,click here,2018-01-09T11:28:55+00:00,,unmanaged_no_file_entity,True,2018-01-09 11:28:55,False,False,True
,inbody,events,1f348b75-579b-426d-a807-fde41b62df5b,United Nations Climate Change Conference - COP19 and CMP9,2e-1201-1.pdf,http://www-iam.nies.go.jp/climatepolicy/adp/reports/2e-1201-1.pdf,Read more,2018-01-09T11:28:55+00:00,,external_host,False,,False,False,False
inbody:3727086edb517b7ebc42c6587f6facfc2e7f1e26,inbody,events,1f348b75-579b-426d-a807-fde41b62df5b,United Nations Climate Change Conference - COP19 and CMP9,adaptation-finance-strategies.pdf,https://www.teriin.org/eventdocs/files/adaptation-finance-strategies.pdf,Adaptation Finance strategies for Africa TERI-ACPC policy brief,2018-01-09T11:28:55+00:00,,unmanaged_no_file_entity,True,2018-01-09 11:28:55,False,False,True
inbody:9e40d6657438edfb2bcc506fd15ae19af010b17a,inbody,events,1f348b75-579b-426d-a807-fde41b62df5b,United Nations Climate Change Conference - COP19 and CMP9,leveraging-NAMAs.pdf,https://www.teriin.org/eventdocs/files/leveraging-NAMAs.pdf,Leveraging NAMAs for development in Africa TERI-ACPC policy brief,2018-01-09T11:28:55+00:00,,unmanaged_no_file_entity,True,2018-01-09 11:28:55,False,False,True
inbody:adb1021d7f59f802bdd929d4818e7e7ad32e153f,inbody,events,1f348b75-579b-426d-a807-fde41b62df5b,United Nations Climate Change Conference - COP19 and CMP9,NAMAs-Design-label-monitor.pdf,https://www.teriin.org/eventdocs/files/NAMAs-Design-label-monitor.pdf,NAMAs-Design label and monitor,2018-01-09T11:28:55+00:00,,unmanaged_no_file_entity,True,2018-01-09 11:28:55,False,False,True
inbody:b732ed43354d577c582b9475c791ef16f67ab1fd,inbody,events,1f348b75-579b-426d-a807-fde41b62df5b,United Nations Climate Change Conference - COP19 and CMP9,negotiating-new-market-mechanism.pdf,https://www.teriin.org/eventdocs/files/negotiating-new-market-mechanism.pdf,Negotiating New Market Mechanism TERI-ACPC policy brief,2018-01-09T11:28:55+00:00,,unmanaged_no_file_entity,True,2018-01-09 11:28:55,False,False,True
inbody:4ec7513f2a340ed87639f6dcac50680c7aa8f64d,inbody,events,1f348b75-579b-426d-a807-fde41b62df5b,United Nations Climate Change Conference - COP19 and CMP9,role-of-carbon-finance-in-Africa.pdf,https://www.teriin.org/eventdocs/files/role-of-carbon-finance-in-Africa.pdf,Role of Carbon Finance in Africa TERI-ACPC policy brief,2018-01-09T11:28:55+00:00,,unmanaged_no_file_entity,True,2018-01-09 11:28:55,False,False,True
,inbody,events,75cae71a-e0c8-407c-825a-38a2bf326c9f,"Training Program on Energy, Environment and Sustainable Development",energy-env-sus_brochure.pdf,events/energy-env-sus_brochure.pdf,click here.,2018-01-09T11:28:55+00:00,,external_host,False,,False,False,False
,inbody,events,b2b243d0-7f5f-4c61-af9f-81a8aa220d92,TERI-ITEC Courses 2012-13  Course VIII - Renewable energy and energy efficiency,Application form ITEC-SCAAP.pdf,http://itec.mea.gov.in/Application form ITEC-SCAAP.pdf,Application form,2018-01-09T11:28:55+00:00,,external_host,False,,False,False,False
inbody:6850241e5db0165f454497060bea2bf90eed4b6d,inbody,events,9a92dcb9-7387-4591-b712-591f422ff916,TERI celebrates World Environment Day 2018,sus-lifestyle-concept-note.pdf,http://www.teriin.org/sites/default/files/files/sus-lifestyle-concept-note.pdf,Read more,2018-06-06T08:17:43+00:00,,unmanaged_no_file_entity,True,2018-06-06 08:17:43,False,False,True
inbody:49296bb03e0c9c594e3dfc6e9c5e2c4db30b5f69,inbody,events,9a92dcb9-7387-4591-b712-591f422ff916,TERI celebrates World Environment Day 2018,sus-lifestyle-agenda.pdf,http://www.teriin.org/sites/default/files/files/sus-lifestyle-agenda.pdf,Agenda,2018-06-06T08:17:43+00:00,,unmanaged_no_file_entity,True,2018-06-06 08:17:43,False,False,True
inbody:b6857adefdfb7043c08cef412a237c4e1256f495,inbody,events,9a92dcb9-7387-4591-b712-591f422ff916,TERI celebrates World Environment Day 2018,waste-proofing-future-concept-note.pdf,http://www.teriin.org/sites/default/files/files/waste-proofing-future-concept-note.pdf,Read more,2018-06-06T08:17:43+00:00,,unmanaged_no_file_entity,True,2018-06-06 08:17:43,False,False,True
inbody:b32a847ffc08aac0fd09ab5b43641298556dcf58,inbody,events,9a92dcb9-7387-4591-b712-591f422ff916,TERI celebrates World Environment Day 2018,waste-proofing-future-agenda.pdf,http://www.teriin.org/sites/default/files/files/waste-proofing-future-agenda.pdf,Agenda,2018-06-06T08:17:43+00:00,,unmanaged_no_file_entity,True,2018-06-06 08:17:43,False,False,True
inbody:dd96d894d2890c08c2d3a40d9a2e197b72eac634,inbody,events,9a92dcb9-7387-4591-b712-591f422ff916,TERI celebrates World Environment Day 2018,sus-urban-landscape-concept-note.pdf,http://www.teriin.org/sites/default/files/files/sus-urban-landscape-concept-note.pdf,Read more,2018-06-06T08:17:43+00:00,,unmanaged_no_file_entity,True,2018-06-06 08:17:43,False,False,True
inbody:d7370bbd1cb2def7bc60ed3d552545de8bc06356,inbody,events,9a92dcb9-7387-4591-b712-591f422ff916,TERI celebrates World Environment Day 2018,sus-urban-landscape-agenda.pdf,http://www.teriin.org/sites/default/files/files/sus-urban-landscape-agenda.pdf,Agenda,2018-06-06T08:17:43+00:00,,unmanaged_no_file_entity,True,2018-06-06 08:17:43,False,False,True
inbody:205e5f18d6024ad3cd38714083e5a309b7e355e7,inbody,events,9a92dcb9-7387-4591-b712-591f422ff916,TERI celebrates World Environment Day 2018,envrioquiz-wed.pdf,http://www.teriin.org/sites/default/files/files/envrioquiz-wed.pdf,Agenda,2018-06-06T08:17:43+00:00,,unmanaged_no_file_entity,True,2018-06-06 08:17:43,False,False,True
inbody:4e3779a715a1163bdbacf5280175e334055c20e4,inbody,events,9a92dcb9-7387-4591-b712-591f422ff916,TERI celebrates World Environment Day 2018,exhibition-stall.pdf,http://www.teriin.org/sites/default/files/files/exhibition-stall.pdf,Read more,2018-06-06T08:17:43+00:00,,unmanaged_no_file_entity,True,2018-06-06 08:17:43,False,False,True
,inbody,events,0beec6e1-f755-422f-8f47-3ac95f424374,"TERI-DST training programme on 'Green Growth for Sustainable Development (GGSD): The Role of Science, Technology and Innovation'",Training%20Calendar%202019-20%20%28General%29.pdf,http://dst.gov.in/sites/default/files/Training%20Calendar%202019-20%20%28General%29.pdf,Application Form,2018-10-04T06:47:20+00:00,,external_host,False,,False,False,False
inbody:c64c11d0790d2501564a8b0f0937083e243e5b20,inbody,events,3a33d176-ebeb-470a-8aab-bce01d75ae71,Climate Vulnerable Forum Virtual Summit - Thematic Track on Sustainable Lifestyles - 22 November,Agenda%20-%20CVF%20SL.pdf,http://teriin.org/sites/default/files/2018-11/Agenda%20-%20CVF%20SL.pdf,here,2018-11-02T09:53:01+00:00,2018-11,managed_path_month,True,2018-11-02 09:53:01,False,False,True
inbody:ec0ed81e8c3d6042679d67155017ffbfe7028df2,inbody,events,a0701df1-1f57-4f96-8194-af283450c62c,India Water Forum 2019,IWF%202019%20-%20Brochure.pdf,http://www.teriin.org/sites/default/files/2018-12/IWF%202019%20-%20Brochure.pdf,conference brochure,2018-12-28T04:51:26+00:00,2018-12,managed_path_month,True,2018-12-28 04:51:26,False,False,True
,inbody,events,cbfe3942-0a83-44a0-aca8-ca93b5279c15,Adaptation Futures,resolution18.pdf,http://www.wmo.int/pages/prog/wcp/documents/resolution18.pdf,World Meteorological Organisation Congress XVI Resolution18.,2019-04-04T07:25:06+00:00,,external_host,False,,False,False,False
inbody:816a757d98010a20e8eae68c0569f56e91267c1e,inbody,events,e6a24f73-f9e7-445a-a502-ca2ebcc63104,Forest NAMA - A tool to mitigate climate change (Side event at United Nations Forum on Forests),Brochure-UNFF.pdf,https://www.teriin.org/sites/default/files/2019-05/Brochure-UNFF.pdf,Download brochure,2019-05-02T10:19:12+00:00,2019-05,managed_path_month,True,2019-05-02 10:19:12,False,False,True
inbody:dcddea6c7962d7748f8b7a4f8f41fa79839a5130,inbody,events,429ba085-93d0-47a1-90fc-7756a2b13069,TERI-NCSTC Eco WASH Training 2018-19: Registrations open,TERI-NCSTC-Eco-WASH-Reg-form.pdf,https://www.teriin.org/sites/default/files/2019-06/TERI-NCSTC-Eco-WASH-Reg-form.pdf,here,2019-06-12T11:41:55+00:00,2019-06,managed_path_month,True,2019-06-12 11:41:55,False,False,True
inbody:d1691dd80a7192728b870f279471e1b8829130c5,inbody,events,2eddfc83-4785-4aed-91aa-2db8f8d383d0,International Conference on Sustainability Education (ICSE) 2019 and Youth Conclave on SDGs: Registrations Extended,icse-reg-form.pdf,https://www.teriin.org/sites/default/files/2019-06/icse-reg-form.pdf,here,2019-06-27T11:23:41+00:00,2019-06,managed_path_month,True,2019-06-27 11:23:41,False,False,True
inbody:82f6bb1c85d0b2d2f34e38a193c27a0f04c8f332,inbody,events,7b19e561-0808-42dc-be4c-f676a6581d21,TERI at UN Climate Change Conference COP 25 - December 2019,climate-finance-agr-report.pdf,https://www.teriin.org/projects/nfa/files/climate-finance-agr-report.pdf,Approaches to Integrate Climate Change in Agricultural Finance - A Case Study,2019-11-29T05:08:23+00:00,,unmanaged_no_file_entity,True,2019-11-29 05:08:23,False,False,True
inbody:ab6ed476ed0d6635b1f0b3be5b6e13d0bb2de969,inbody,events,7b19e561-0808-42dc-be4c-f676a6581d21,TERI at UN Climate Change Conference COP 25 - December 2019,Tracking_climate_finance-Primer-Sept2019.pdf,https://www.teriin.org/sites/default/files/files/Tracking_climate_finance-Primer-Sept2019.pdf,The state of tracking financial flows under the Paris Agreement A primer for policy makers in India,2019-11-29T05:08:23+00:00,,unmanaged_no_file_entity,True,2019-11-29 05:08:23,True,False,True
inbody:d1ac7e9e1a886612d6242eeecc14af6ad9caaa11,inbody,events,7b19e561-0808-42dc-be4c-f676a6581d21,TERI at UN Climate Change Conference COP 25 - December 2019,Climate-Science-for-Regional-Policy-Planning.pdf,https://www.teriin.org/sites/default/files/files/Climate-Science-for-Regional-Policy-Planning.pdf,Climate Science for Regional Policy Planning,2019-11-29T05:08:23+00:00,,unmanaged_no_file_entity,True,2019-11-29 05:08:23,False,False,True
inbody:8a486975cb4cd855d50bbde8a48058f4f212ffa2,inbody,events,7b19e561-0808-42dc-be4c-f676a6581d21,TERI at UN Climate Change Conference COP 25 - December 2019,Drivers-Climate-Action-Report.pdf,https://www.teriin.org/sites/default/files/files/Drivers-Climate-Action-Report.pdf,Drivers of Climate Action Report,2019-11-29T05:08:23+00:00,,unmanaged_no_file_entity,True,2019-11-29 05:08:23,False,False,True
inbody:aa2acc9e5e677275aec7c9595420c319d6659787,inbody,events,3992a10c-1779-4c75-9f40-81d57bc85576,2020 World Wetlands Day (WWD) Celebration: Save Wetlands from Marine Plastic Litter,wwd2020-agenda-details.pdf,https://www.teriin.org/sites/default/files/2020-01/wwd2020-agenda-details.pdf,Click here,2020-01-24T04:44:13+00:00,2020-01,managed_path_month,True,2020-01-24 04:44:13,True,False,True
inbody:0f0bf8e77c05390bcb233f628028e325d86dbd15,inbody,events,3992a10c-1779-4c75-9f40-81d57bc85576,2020 World Wetlands Day (WWD) Celebration: Save Wetlands from Marine Plastic Litter,wwd2020-poster.pdf,https://www.teriin.org/sites/default/files/2020-01/wwd2020-poster.pdf,here,2020-01-24T04:44:13+00:00,2020-01,managed_path_month,True,2020-01-24 04:44:13,True,False,True
,inbody,events,69b308b8-4a1a-46e2-8dea-2c379e7b6809,Chief Sustainability Officers Forum,TERI-CSO-Forum-Agenda-1.pdf,http://cbs.teriin.org/pdf/TERI-CSO-Forum-Agenda-1.pdf,click here.,2020-02-25T06:32:19+00:00,,unmanaged_no_file_entity,False,,False,False,True
inbody:e95c05383c243145a8910801ebc164acd7d5217c,inbody,events,55eaf593-4c7a-4729-834c-3f19b2a561ff,Conference on Approaches to Shaping Climate Resilient Agriculture,Bengaluru-Conference-Report_2020.pdf,https://www.teriin.org/sites/default/files/files/Bengaluru-Conference-Report_2020.pdf,Download,2020-02-25T10:08:17+00:00,,unmanaged_no_file_entity,True,2020-02-25 10:08:17,True,False,True
inbody:74eb3269b9c18056d67136239bb7d89ef46c4f76,inbody,events,bba79b00-9f2b-43de-a854-f1430f5d267e,Empanelment of eligible rooftop solar PV systems integrators for I-SMART,eoi-ismart.pdf,https://www.teriin.org/sites/default/files/files/eoi-ismart.pdf,Tender Notice - EOI_ISMART_02_2020,2020-03-02T07:03:46+00:00,,unmanaged_no_file_entity,True,2020-03-02 07:03:46,False,True,True
inbody:cd344911a5cd5fc4ed8bf3f3f12943cf3027bd63,inbody,events,bba79b00-9f2b-43de-a854-f1430f5d267e,Empanelment of eligible rooftop solar PV systems integrators for I-SMART,eoi-ismart-addendum.pdf,https://www.teriin.org/sites/default/files/files/eoi-ismart-addendum.pdf,Addendum to Tender Notice,2020-03-02T07:03:46+00:00,,unmanaged_no_file_entity,True,2020-03-02 07:03:46,False,False,True
inbody:9632bee03fe5f07eef9326675ce3503118957356,inbody,events,9b8edcdc-0e65-431a-8ae8-0036a880cdce,Webinar on Health and Environment: Towards Greening Post COVID-19 Economic recovery,framing-ppt-ger-health-env.pdf,https://www.teriin.org/sites/default/files/2020-06/framing-ppt-ger-health-env.pdf,Framing presentation,2020-05-28T09:12:33+00:00,2020-06,managed_path_month,True,2020-05-28 09:12:33,False,False,True
inbody:fc29a4c8441965e872e626ba9038b566942447a8,inbody,events,9b8edcdc-0e65-431a-8ae8-0036a880cdce,Webinar on Health and Environment: Towards Greening Post COVID-19 Economic recovery,Proceedings_GER_Health.pdf,https://www.teriin.org/sites/default/files/2020-07/Proceedings_GER_Health.pdf,Documented proceedings,2020-05-28T09:12:33+00:00,2020-07,managed_path_month,True,2020-05-28 09:12:33,False,False,True
inbody:2c464f323cfedb2625901e94aa2008ee59da1309,inbody,events,80c921a0-7ea0-4eba-b259-7181b53d004c,Industry Sector Consultations for 'Accelerating Focussed Business Actions for Impacting SDGs in India',ICT Sector Agenda_SDG Industry Consultation.pdf,https://www.teriin.org/sites/default/files/files/ICT Sector Agenda_SDG Industry Consultation.pdf,View,2020-08-05T06:59:15+00:00,,unmanaged_no_file_entity,True,2020-08-05 06:59:15,False,False,True
inbody:4c70861b3bcf41a83e5ef152bfd45c8e024801e8,inbody,events,80c921a0-7ea0-4eba-b259-7181b53d004c,Industry Sector Consultations for 'Accelerating Focussed Business Actions for Impacting SDGs in India',TERI_SDG Industry Consultation-ICT Sector.pdf,https://www.teriin.org/sites/default/files/files/TERI_SDG Industry Consultation-ICT Sector.pdf,Download,2020-08-05T06:59:15+00:00,,unmanaged_no_file_entity,True,2020-08-05 06:59:15,False,False,True
inbody:242eceae6370f7ab1afc892aecf022f476a4248e,inbody,events,80c921a0-7ea0-4eba-b259-7181b53d004c,Industry Sector Consultations for 'Accelerating Focussed Business Actions for Impacting SDGs in India',Automobile Sector Agenda_ SDG Industry Consultation.pdf,https://www.teriin.org/sites/default/files/files/Automobile Sector Agenda_ SDG Industry Consultation.pdf,View,2020-08-05T06:59:15+00:00,,unmanaged_no_file_entity,True,2020-08-05 06:59:15,False,False,True
inbody:1577404747dd0cf9dd56fae917390368088b3626,inbody,events,80c921a0-7ea0-4eba-b259-7181b53d004c,Industry Sector Consultations for 'Accelerating Focussed Business Actions for Impacting SDGs in India',TERI_SDG Industry Consultation-Automotive Sector.pdf,https://www.teriin.org/sites/default/files/files/TERI_SDG Industry Consultation-Automotive Sector.pdf,Download,2020-08-05T06:59:15+00:00,,unmanaged_no_file_entity,True,2020-08-05 06:59:15,False,False,True
inbody:137e77b70e336ff67094054a00b5fd461edd30d5,inbody,events,80c921a0-7ea0-4eba-b259-7181b53d004c,Industry Sector Consultations for 'Accelerating Focussed Business Actions for Impacting SDGs in India',Power Sector Agenda_SDG Industry Consultation.pdf,https://www.teriin.org/sites/default/files/files/Power Sector Agenda_SDG Industry Consultation.pdf,View,2020-08-05T06:59:15+00:00,,unmanaged_no_file_entity,True,2020-08-05 06:59:15,False,False,True
inbody:72b8aa0d4b7cb69b4e91e8699dfa0235588aee91,inbody,events,80c921a0-7ea0-4eba-b259-7181b53d004c,Industry Sector Consultations for 'Accelerating Focussed Business Actions for Impacting SDGs in India',TERI_SDG Industry Consultation-Power Sector.pdf,https://www.teriin.org/sites/default/files/files/TERI_SDG Industry Consultation-Power Sector.pdf,Download,2020-08-05T06:59:15+00:00,,unmanaged_no_file_entity,True,2020-08-05 06:59:15,False,False,True
,inbody,events,80c921a0-7ea0-4eba-b259-7181b53d004c,Industry Sector Consultations for 'Accelerating Focussed Business Actions for Impacting SDGs in India',Oil &amp; Gas Agenda_ SDG Industry Consultation.pdf,https://www.teriin.org/sites/default/files/files/Oil &amp; Gas Agenda_ SDG Industry Consultation.pdf,View,2020-08-05T06:59:15+00:00,,unmanaged_no_file_entity,False,,False,False,True
,inbody,events,80c921a0-7ea0-4eba-b259-7181b53d004c,Industry Sector Consultations for 'Accelerating Focussed Business Actions for Impacting SDGs in India',TERI_SDG Industry Consultation-Oil &amp; Gas Sector.pdf,https://www.teriin.org/sites/default/files/files/TERI_SDG Industry Consultation-Oil &amp; Gas Sector.pdf,Download,2020-08-05T06:59:15+00:00,,unmanaged_no_file_entity,False,,False,False,True
inbody:a43414cbf1d057159ccaf6dd856576637ac4319b,inbody,events,80c921a0-7ea0-4eba-b259-7181b53d004c,Industry Sector Consultations for 'Accelerating Focussed Business Actions for Impacting SDGs in India',Chemical Sector Agenda_ SDGIndustry Consultation.pdf,https://www.teriin.org/sites/default/files/files/Chemical Sector Agenda_ SDGIndustry Consultation.pdf,View,2020-08-05T06:59:15+00:00,,unmanaged_no_file_entity,True,2020-08-05 06:59:15,False,False,True
inbody:e8cdf0ab53d37b8a9b1bf509d71856f2898f272a,inbody,events,80c921a0-7ea0-4eba-b259-7181b53d004c,Industry Sector Consultations for 'Accelerating Focussed Business Actions for Impacting SDGs in India',TERI_SDG Industry Consultation-Chemicals Sector.pdf,https://www.teriin.org/sites/default/files/files/TERI_SDG Industry Consultation-Chemicals Sector.pdf,Download,2020-08-05T06:59:15+00:00,,unmanaged_no_file_entity,True,2020-08-05 06:59:15,False,False,True
inbody:e67914b20abfa793b07460cb0bd7cb4b1e20b04f,inbody,events,80c921a0-7ea0-4eba-b259-7181b53d004c,Industry Sector Consultations for 'Accelerating Focussed Business Actions for Impacting SDGs in India',Engineering Sector Agenda_ SDG Industry Consultation.pdf,https://www.teriin.org/sites/default/files/files/Engineering Sector Agenda_ SDG Industry Consultation.pdf,View,2020-08-05T06:59:15+00:00,,unmanaged_no_file_entity,True,2020-08-05 06:59:15,False,False,True
inbody:9e43cd8bc5ebfc680e8bd6eae376af9e4e2f17a9,inbody,events,80c921a0-7ea0-4eba-b259-7181b53d004c,Industry Sector Consultations for 'Accelerating Focussed Business Actions for Impacting SDGs in India',TERI_SDG Industry Consultation-Engineering Sector_.pdf,https://www.teriin.org/sites/default/files/files/TERI_SDG Industry Consultation-Engineering Sector_.pdf,Download,2020-08-05T06:59:15+00:00,,unmanaged_no_file_entity,True,2020-08-05 06:59:15,False,False,True
inbody:5a3b36c2a94b5f2153fd678424f82abb8779ceee,inbody,events,80c921a0-7ea0-4eba-b259-7181b53d004c,Industry Sector Consultations for 'Accelerating Focussed Business Actions for Impacting SDGs in India',Cement Sector Agenda SDG_ Industry Consultation .pdf,https://www.teriin.org/sites/default/files/files/Cement Sector Agenda SDG_ Industry Consultation .pdf,View,2020-08-05T06:59:15+00:00,,unmanaged_no_file_entity,True,2020-08-05 06:59:15,False,False,True
inbody:1e902e34d2bdb7c30d756d2ba548a685a8e5b012,inbody,events,80c921a0-7ea0-4eba-b259-7181b53d004c,Industry Sector Consultations for 'Accelerating Focussed Business Actions for Impacting SDGs in India',TERI_SDG Industry Consultation-Cement Sector.pdf,https://www.teriin.org/sites/default/files/files/TERI_SDG Industry Consultation-Cement Sector.pdf,Download,2020-08-05T06:59:15+00:00,,unmanaged_no_file_entity,True,2020-08-05 06:59:15,False,False,True
inbody:417af5bd50d45b1e93973b4380aa4b8556d0b31a,inbody,events,d052cdd1-8f69-494c-898a-4533828e23c8,Call for Papers: Edited Academic Volume on 'A Tradition in Transition: Understanding the Role of Shifting Cultivation for Sustainable Development of North East India',Author%27s%20Guide%20and%20Reference%20style.pdf,https://www.teriin.org/sites/default/files/2020-09/Author%27s%20Guide%20and%20Reference%20style.pdf,here,2020-09-02T13:21:41+00:00,2020-09,managed_path_month,True,2020-09-02 13:21:41,False,False,True
inbody:cbb5b48024f30a22472429cc51d1bda688f8522f,inbody,events,5c47c460-4f6b-4371-89be-74720d025511,Webinar on Clean fuel for cooking: Solution to achieve better air quality,clean-fuel-for-cooking-solutions-dp.pdf,https://www.teriin.org/sites/default/files/2020-04/clean-fuel-for-cooking-solutions-dp.pdf,here,2020-09-18T07:33:45+00:00,2020-04,managed_path_month,True,2020-09-18 07:33:45,False,False,True
inbody:843925e4e5ae789bdc84acfb2f2e292f30e5f237,inbody,events,3226fc58-a69e-4e34-bc39-94f7cc02e64f,Understanding the Impact of COVID-19 on India’s Energy System and Economy,India-CT2020.pdf,https://www.teriin.org/sites/default/files/files/India-CT2020.pdf,Download Report,2020-11-18T09:18:06+00:00,,unmanaged_no_file_entity,True,2020-11-18 09:18:06,True,False,True
inbody:3049077feaf73e35f4de6ce663230167bffaf2d2,inbody,events,573230e1-6eaa-4b98-87b4-e39b7abe2ef2,The Potential Role of Hydrogen in India – 'Harnessing the Hype' TERI Report Launch Event,hydrogen-ppt.pdf,https://www.teriin.org/sites/default/files/files/hydrogen-ppt.pdf,Presentation,2020-12-15T11:17:19+00:00,,unmanaged_no_file_entity,True,2020-12-15 11:17:19,False,False,True
inbody:20abdd9b470b3f1cd37922d6cc819b31cee0aff3,inbody,events,573230e1-6eaa-4b98-87b4-e39b7abe2ef2,The Potential Role of Hydrogen in India – 'Harnessing the Hype' TERI Report Launch Event,hydrogen-es.pdf,https://www.teriin.org/sites/default/files/files/hydrogen-es.pdf,Executive Summary,2020-12-15T11:17:19+00:00,,unmanaged_no_file_entity,True,2020-12-15 11:17:19,False,False,True
inbody:2779afecd8942d02b7d432ab9608c24df62090cb,inbody,events,9513c35a-1356-4262-a1a5-6012f07caa2f,National Consultative Roundtable Dialogue on Reporting and Monitoring of SDG 12,SDG12_Proceedings.pdf,https://www.teriin.org/sites/default/files/2021-04/SDG12_Proceedings.pdf,Click here,2021-02-26T07:03:24+00:00,2021-04,managed_path_month,True,2021-02-26 07:03:24,False,False,True
inbody:493c269397f9540575799dd4006c25d55e81d022,inbody,events,84ef5dc2-476b-485e-9f6e-524bf4223ce9,"Launch Event for Guidebooks & Toolkits, followed with two-day Webinar Series under Mahindra-TERI Centre of Excellence (CoE) Programme",mtcoe-agenda.pdf,https://www.teriin.org/sites/default/files/files/mtcoe-agenda.pdf,detailed agenda,2021-10-29T04:31:44+00:00,,unmanaged_no_file_entity,True,2021-10-29 04:31:44,False,False,True
inbody:5a9e221450954f5813912083f314b5a910de34d6,inbody,events,f3e67bc3-c4bd-4b5e-9fff-949b0436dcd3,Roundtable Discussions: Low carbon transition - Voluntary actions by Indian corporates,low-carbon-transition-agenda.pdf,https://www.teriin.org/sites/default/files/files/low-carbon-transition-agenda.pdf,Agenda,2021-10-29T07:08:39+00:00,,unmanaged_no_file_entity,True,2021-10-29 07:08:39,False,False,True
inbody:e3a1b3ef521a7c41b991d1a26a653303fad5b884,inbody,events,f3e67bc3-c4bd-4b5e-9fff-949b0436dcd3,Roundtable Discussions: Low carbon transition - Voluntary actions by Indian corporates,low-carbon-transition-bgnote.pdf,https://www.teriin.org/sites/default/files/files/low-carbon-transition-bgnote.pdf,Background Note,2021-10-29T07:08:39+00:00,,unmanaged_no_file_entity,True,2021-10-29 07:08:39,False,False,True
inbody:50860f749746c275e819d74501f7b23efc5ec817,inbody,events,54ff9cfc-b47d-48cb-9e2f-fb308e766988,"Launch of COP26 Charter of Actions and discussion on ""Beyond Climate Neutrality: Using LTS to Chart an Equitable Path for a Resilient Planet""",agenda-climate-neutrality.pdf,http://teriin.org/sites/default/files/files/agenda-climate-neutrality.pdf,click here,2021-10-29T08:16:11+00:00,,unmanaged_no_file_entity,True,2021-10-29 08:16:11,False,False,True
inbody:88c24a0cbc02d32d21cda0747388ba40c4cc91bd,inbody,events,6421ddc1-6a1d-4876-a3e7-dab6760fb725,Mobilizing Finance for climate friendly cooling in developing countries,mobilizing-finance-bgnote.pdf,https://www.teriin.org/sites/default/files/files/mobilizing-finance-bgnote.pdf,Background Note,2021-11-03T07:04:48+00:00,,unmanaged_no_file_entity,True,2021-11-03 07:04:48,False,False,True
inbody:dcd7d0b64c24f40bba5d5d5a280da88d1706dc57,inbody,events,6421ddc1-6a1d-4876-a3e7-dab6760fb725,Mobilizing Finance for climate friendly cooling in developing countries,mobilizing-finance-agenda.pdf,https://www.teriin.org/sites/default/files/files/mobilizing-finance-agenda.pdf,Agenda,2021-11-03T07:04:48+00:00,,unmanaged_no_file_entity,True,2021-11-03 07:04:48,False,False,True
inbody:62198766ff003f9a5c7ca26c8f8b10e39faa7e8b,inbody,events,9b159113-d864-416e-91e2-5d67cb0bf274,Strengthening climate action through NDC and enhanced transparency initiative,climate-action-agenda.pdf,https://www.teriin.org/sites/default/files/files/climate-action-agenda.pdf,View Agenda,2021-11-11T05:38:56+00:00,,unmanaged_no_file_entity,True,2021-11-11 05:38:56,False,False,True
inbody:a548e1e9c34c3ec3facbc262b8bf5db05f6215b1,inbody,events,7a43816a-b154-4487-89c5-6797cca746e8,Closing Ceremony of 'Live with Water',closing-ceremony-agenda.pdf,http://teriin.org/sites/default/files/files/closing-ceremony-agenda.pdf,View Agenda,2021-11-12T10:58:32+00:00,,unmanaged_no_file_entity,True,2021-11-12 10:58:32,False,False,True
inbody:f96710ed8a9a711860e7cb974f50448b9e16da4c,inbody,events,109b0e0e-6a76-400a-9a18-dc6c5d31b8fb,Launch of Catalogue of Indian Emission Inventory Reports,Indian-Emission-Inventory-Report.pdf,https://www.teriin.org/sites/default/files/files/Indian-Emission-Inventory-Report.pdf,Download,2022-01-13T03:42:18+00:00,,unmanaged_no_file_entity,True,2022-01-13 03:42:18,False,False,True
,inbody,events,0f97dd02-12c7-4693-9806-3fb63ad64897,TERI at the World Urban Forum 11,WUF_KPLaunch_ConceptNote.pdf,/sites/default/files/files/WUF_KPLaunch_ConceptNote.pdf,here,2022-06-24T04:41:51+00:00,,unmanaged_no_file_entity,False,,False,False,True
,inbody,events,0f97dd02-12c7-4693-9806-3fb63ad64897,TERI at the World Urban Forum 11,KP2_Final.pdf,/sites/default/files/files/KP2_Final.pdf,here,2022-06-24T04:41:51+00:00,,unmanaged_no_file_entity,False,,False,False,True
,inbody,events,0f97dd02-12c7-4693-9806-3fb63ad64897,TERI at the World Urban Forum 11,TERI_ULL_Knowledge_Product_for_Print.pdf,/sites/default/files/files/TERI_ULL_Knowledge_Product_for_Print.pdf,here,2022-06-24T04:41:51+00:00,,unmanaged_no_file_entity,False,,False,False,True
,inbody,events,0f97dd02-12c7-4693-9806-3fb63ad64897,TERI at the World Urban Forum 11,WUF_UrbanFreight_ConceptNote.pdf,/sites/default/files/files/WUF_UrbanFreight_ConceptNote.pdf,here.,2022-06-24T04:41:51+00:00,,unmanaged_no_file_entity,False,,False,False,True
,inbody,events,0f97dd02-12c7-4693-9806-3fb63ad64897,TERI at the World Urban Forum 11,Final_DHP_Manual.pdf,/sites/default/files/files/Final_DHP_Manual.pdf,here,2022-06-24T04:41:51+00:00,,unmanaged_no_file_entity,False,,False,False,True
inbody:e6af93e0ba4097560d5df19a902fcd8950da4357,inbody,events,96ab49cf-c67a-43d1-8564-6a085e084ca4,Green Hydrogen Report Launch,Towards-a-Clean-Hydrogen-Ecosystem-report.pdf,https://www.teriin.org/sites/default/files/2022-07/Towards-a-Clean-Hydrogen-Ecosystem-report.pdf,Download,2022-07-07T07:15:57+00:00,2022-07,managed_path_month,True,2022-07-07 07:15:57,False,False,True
inbody:f45367bc50285714531fe6d9c82330ac293b5897,inbody,events,6b1ba7a9-327b-4ec0-aa85-75c98d5fe40d,Launch of Visakhapatnam Urban Living Lab,Vizag_Prajamukhi_Urban_Living_Lab.pdf,https://teriin.org/sites/default/files/files/Vizag_Prajamukhi_Urban_Living_Lab.pdf,,2023-07-03T08:17:47+00:00,,unmanaged_no_file_entity,True,2023-07-03 08:17:47,False,False,True
,inbody,events,6b1ba7a9-327b-4ec0-aa85-75c98d5fe40d,Launch of Visakhapatnam Urban Living Lab,Vizag_Prajamukhi_Urban_Living_Lab.pdf,https://teriin.org/sites/default/files/file/Vizag_Prajamukhi_Urban_Living_Lab.pdf,Download,2023-07-03T08:17:47+00:00,,unmanaged_no_file_entity,False,,False,False,True
inbody:3b28b7796a90a7914cff29197023e1849e790083,inbody,events,f7594633-48a8-4643-a9c4-99c79072cb72,Act4Earth National Dialogue: Road to Dubai: From G20 to COP28,COP28-GGA_Publication.pdf,https://teriin.org/sites/default/files/files/COP28-GGA_Publication.pdf,Download,2023-11-03T06:05:46+00:00,,unmanaged_no_file_entity,True,2023-11-03 06:05:46,False,False,True
inbody:1337589a6ee2f3b715bace6717a39905dbd36c55,inbody,events,74c15548-c58e-4896-bacc-10eb5274d1b9,Financing Decarbonization of Indian Secondary Steel Sector: Towards an Enabling Environment,SNAPFI%20Steel%20Report%202023.pdf,https://www.teriin.org/sites/default/files/2023-12/SNAPFI%20Steel%20Report%202023.pdf,Download,2023-12-14T09:46:27+00:00,2023-12,managed_path_month,True,2023-12-14 09:46:27,False,False,True
,inbody,events,42dc4df6-865f-430c-840e-5e468ef5e901,Synergies Between Climate Action and SDGs: Implications for Multilateralism,Concept%20Note%20and%20Structure_SDG%20Charter%20Dialogue.pdf,https://teriin.org/sites/default/files/2024-05/Concept%20Note%20and%20Structure_SDG%20Charter%20Dialogue.pdf,Concept,2024-05-15T05:46:47+00:00,2024-05,managed_path_month,False,,False,False,True
,inbody,events,42dc4df6-865f-430c-840e-5e468ef5e901,Synergies Between Climate Action and SDGs: Implications for Multilateralism,Agenda_TERI_Act4Earth%20%282%29.pdf,https://teriin.org/sites/default/files/2024-05/Agenda_TERI_Act4Earth%20%282%29.pdf,Agenda,2024-05-15T05:46:47+00:00,2024-05,managed_path_month,False,,False,False,True
,inbody,events,42dc4df6-865f-430c-840e-5e468ef5e901,Synergies Between Climate Action and SDGs: Implications for Multilateralism,Bionotes-Act4Earth%2822%20May%29.pdf,https://teriin.org/sites/default/files/2024-05/Bionotes-Act4Earth%2822%20May%29.pdf,Bionotes,2024-05-15T05:46:47+00:00,2024-05,managed_path_month,False,,False,False,True
,inbody,events,42dc4df6-865f-430c-840e-5e468ef5e901,Synergies Between Climate Action and SDGs: Implications for Multilateralism,SDG%20Climate%20synergies_event%20summary%20draft.pdf,https://teriin.org/sites/default/files/2024-06/SDG%20Climate%20synergies_event%20summary%20draft.pdf,Summary,2024-05-15T05:46:47+00:00,2024-06,managed_path_month,False,,False,False,True
,inbody,events,af8c4c0b-26e7-4b15-adf1-f80ae1339312,Green Public Procurement in India and Charting Pathways for a Cleaner Future,1_GPP_Concept%20Note%20with%20agenda_RTP.pdf,https://teriin.org/sites/default/files/2024-07/1_GPP_Concept%20Note%20with%20agenda_RTP.pdf,Concept,2024-07-11T11:10:55+00:00,2024-07,managed_path_month,False,,False,False,True
inbody:394440562ac2839b962b325cac0a77d3ee89248e,inbody,events,af8c4c0b-26e7-4b15-adf1-f80ae1339312,Green Public Procurement in India and Charting Pathways for a Cleaner Future,Bionotes-Act4Earth_GPP.pdf,https://teriin.org/sites/default/files/files/Bionotes-Act4Earth_GPP.pdf,Bionotes,2024-07-11T11:10:55+00:00,,unmanaged_no_file_entity,True,2024-07-11 11:10:55,False,False,True
,inbody,events,af8c4c0b-26e7-4b15-adf1-f80ae1339312,Green Public Procurement in India and Charting Pathways for a Cleaner Future,GPP_Event%20Summary.pdf,https://teriin.org/sites/default/files/2024-07/GPP_Event%20Summary.pdf,Summary,2024-07-11T11:10:55+00:00,2024-07,managed_path_month,False,,False,False,True
,inbody,events,0c42da2b-293f-4ae0-a120-6f50b71135e0,Hack4Agri,Final_Project_Hack4Agri_Guidelines_15_October_2024_final.pdf,https://teriin.org/sites/default/files/2024-09/Final_Project_Hack4Agri_Guidelines_15_October_2024_final.pdf,Guidelines,2024-07-12T06:09:55+00:00,2024-09,managed_path_month,False,,True,False,True
inbody:ba8641a1aa16404e6081186318aa4cf7c2274a6c,inbody,events,40fde728-f782-464e-bf9c-9edc17887cf2,Coal Dependence: Lives in an Extractive Economy Photo Exhibition,Voices%20from%20the%20Ground-%20A%20Travelogue.pdf,https://www.teriin.org/sites/default/files/2024-08/Voices%20from%20the%20Ground-%20A%20Travelogue.pdf,Voices from the Ground: A Travelogue,2024-07-25T10:40:54+00:00,2024-08,managed_path_month,True,2024-07-25 10:40:54,False,False,True
,inbody,events,57e40c66-57cc-4043-bd18-91871a81096e,Private Sector Pavilion at International Solar Festival presented by TERI and Becquerel Institute,2.%20India%27s%20enhanced%20role%20in%20North-South%20partnership%20on%20faster%20solar%20energy%20transition.pdf,https://teriin.org/sites/default/files/2024-09/2.%20India%27s%20enhanced%20role%20in%20North-South%20partnership%20on%20faster%20solar%20energy%20transition.pdf,‘India’s enhanced role in North-South partnership on faster solar energy transition’,2024-08-06T05:26:20+00:00,2024-09,managed_path_month,False,,False,False,True
,inbody,events,57e40c66-57cc-4043-bd18-91871a81096e,Private Sector Pavilion at International Solar Festival presented by TERI and Becquerel Institute,3.%20Making%20Solar%20the%20energy%20of%20choice%20-%20building%20resilient%20supply%20chains.pdf,https://teriin.org/sites/default/files/2024-09/3.%20Making%20Solar%20the%20energy%20of%20choice%20-%20building%20resilient%20supply%20chains.pdf,‘Making solar the energy source of choice – Building resilient supply chains for clean energy transitions in the Global South’,2024-08-06T05:26:20+00:00,2024-09,managed_path_month,False,,False,False,True
,inbody,events,57e40c66-57cc-4043-bd18-91871a81096e,Private Sector Pavilion at International Solar Festival presented by TERI and Becquerel Institute,4.%20Getting%20Just%20Energy%20Transitions%20at%20centrestage%20with%20enhanced%20private%20sector%20investments.pdf,https://teriin.org/sites/default/files/2024-09/4.%20Getting%20Just%20Energy%20Transitions%20at%20centrestage%20with%20enhanced%20private%20sector%20investments.pdf,‘Getting Just Energy Transitions at centrestage with enhanced Private Sector Investments – Models for Multistakeholder Collaboration’,2024-08-06T05:26:20+00:00,2024-09,managed_path_month,False,,False,False,True
inbody:7a448d41f77d6a6e95ea41b9234217ab79a92b73,inbody,events,57e40c66-57cc-4043-bd18-91871a81096e,Private Sector Pavilion at International Solar Festival presented by TERI and Becquerel Institute,Decarbonizing_India_electricity_sector_towards_Net_Zero.pdf,https://teriin.org/sites/default/files/files/Decarbonizing_India_electricity_sector_towards_Net_Zero.pdf,Decarbonizing India’s electricity sector towards achieving Net Zero – Insights from national and sub-national studies&nbsp;,2024-08-06T05:26:20+00:00,,unmanaged_no_file_entity,True,2024-08-06 05:26:20,False,False,True
inbody:ab6b2e5498f5144dffd52f821279538f6c0af1e6,inbody,events,57e40c66-57cc-4043-bd18-91871a81096e,Private Sector Pavilion at International Solar Festival presented by TERI and Becquerel Institute,Use_case_for_storage_solutions.pdf,https://teriin.org/sites/default/files/files/Use_case_for_storage_solutions.pdf,Use case for storage solutions,2024-08-06T05:26:20+00:00,,unmanaged_no_file_entity,True,2024-08-06 05:26:20,False,False,True
inbody:c575915f25091ad062900f3d62ed5f1ed8aa92dd,inbody,events,57e40c66-57cc-4043-bd18-91871a81096e,Private Sector Pavilion at International Solar Festival presented by TERI and Becquerel Institute,Integrating_solar_in_agriculture_achievements_and_impacts.pdf,https://teriin.org/sites/default/files/files/Integrating_solar_in_agriculture_achievements_and_impacts.pdf,Integrating solar in agriculture - achievements and impacts (beyond GHG reduction)&nbsp;,2024-08-06T05:26:20+00:00,,unmanaged_no_file_entity,True,2024-08-06 05:26:20,False,False,True
inbody:399b350f6f564d4f9f035e7659543cd7822381fd,inbody,events,57e40c66-57cc-4043-bd18-91871a81096e,Private Sector Pavilion at International Solar Festival presented by TERI and Becquerel Institute,Optimizing_Solar_EPC_Supply_Chain.pdf,https://teriin.org/sites/default/files/files/Optimizing_Solar_EPC_Supply_Chain.pdf,Key global trends on Optimizing Solar EPC Supply Chain&nbsp;,2024-08-06T05:26:20+00:00,,unmanaged_no_file_entity,True,2024-08-06 05:26:20,False,False,True
inbody:51afa539e3ce97520ab20c6ca5c25ee7c8be5a25,inbody,events,57e40c66-57cc-4043-bd18-91871a81096e,Private Sector Pavilion at International Solar Festival presented by TERI and Becquerel Institute,Key_global_trends_on_solar_and_storage_solutions.pdf,https://teriin.org/sites/default/files/files/Key_global_trends_on_solar_and_storage_solutions.pdf,Key global trends on solar and storage solutions,2024-08-06T05:26:20+00:00,,unmanaged_no_file_entity,True,2024-08-06 05:26:20,False,False,True
inbody:677872f58e44ae851fbe902604382b5afbc7e5ad,inbody,events,57e40c66-57cc-4043-bd18-91871a81096e,Private Sector Pavilion at International Solar Festival presented by TERI and Becquerel Institute,Solutions_to_advance_clean_energy_solutions.pdf,https://teriin.org/sites/default/files/files/Solutions_to_advance_clean_energy_solutions.pdf,Solutions to advance the clean energy solutions in the Global South and small islands countries&nbsp;,2024-08-06T05:26:20+00:00,,unmanaged_no_file_entity,True,2024-08-06 05:26:20,False,False,True
,inbody,events,a9df019d-2fe6-419d-99c1-3fbb19c4b883,WSDS-ACT4EARTH National Roundtable: Road to Baku,Act4Earth_Dialogue_Concept%20with%20Agenda.pdf,https://teriin.org/sites/default/files/2024-09/Act4Earth_Dialogue_Concept%20with%20Agenda.pdf,Concept,2024-09-26T10:05:30+00:00,2024-09,managed_path_month,False,,False,False,True
inbody:aeef8f51ad2834ad7c8bd98f673a18beb1693c77,inbody,events,a9df019d-2fe6-419d-99c1-3fbb19c4b883,WSDS-ACT4EARTH National Roundtable: Road to Baku,Act4Earth_Agenda.pdf,https://www.teriin.org/sites/default/files/2024-09/Act4Earth_Agenda.pdf,Agenda,2024-09-26T10:05:30+00:00,2024-09,managed_path_month,True,2024-09-26 10:05:30,False,False,True
,inbody,events,a9df019d-2fe6-419d-99c1-3fbb19c4b883,WSDS-ACT4EARTH National Roundtable: Road to Baku,Bio-notes-Act4Earth%20RT%2017%20Sept%202024_%28F%29.pdf,https://teriin.org/sites/default/files/2024-09/Bio-notes-Act4Earth%20RT%2017%20Sept%202024_%28F%29.pdf,Bionotes,2024-09-26T10:05:30+00:00,2024-09,managed_path_month,False,,True,False,True
inbody:db7596efc1368415a1fd8bc506e28373f77ef506,inbody,events,a9df019d-2fe6-419d-99c1-3fbb19c4b883,WSDS-ACT4EARTH National Roundtable: Road to Baku,Summary_Act4Earth%20National%20Dialogue.pdf,https://www.teriin.org/sites/default/files/2024-09/Summary_Act4Earth%20National%20Dialogue.pdf,Summary,2024-09-26T10:05:30+00:00,2024-09,managed_path_month,True,2024-09-26 10:05:30,False,False,True
inbody:0a3e46727aa2e8a3b62c65ef26b3cce2a0d62632,inbody,events,34aea232-7bb0-436e-bf1c-1c2a2ee39abf,COP29 Compass Dialogue on Sustainable Lifestyles,1728629232Agenda_COP29%20Compass%20Dialogue.pdf,https://www.teriin.org/sites/default/files/2024-10/1728629232Agenda_COP29%20Compass%20Dialogue.pdf,Agenda,2024-10-15T05:12:53+00:00,2024-10,managed_path_month,True,2024-10-15 05:12:53,False,False,True
inbody:1d4a5d83d828d691601753a80f5322fffb954c27,inbody,events,34aea232-7bb0-436e-bf1c-1c2a2ee39abf,COP29 Compass Dialogue on Sustainable Lifestyles,1728629233Bionotes-COP29%20Compass%20Dialogue_SL.pdf,https://www.teriin.org/sites/default/files/2024-10/1728629233Bionotes-COP29%20Compass%20Dialogue_SL.pdf,COP29 Compass Dialogue,2024-10-15T05:12:53+00:00,2024-10,managed_path_month,True,2024-10-15 05:12:53,False,False,True
inbody:f2edeed3fbcf00daf8053b3051eff09279dfb54e,inbody,events,34aea232-7bb0-436e-bf1c-1c2a2ee39abf,COP29 Compass Dialogue on Sustainable Lifestyles,1728629233COP29_Compass_Concept_Note_with_Agenda.pdf,https://www.teriin.org/sites/default/files/2024-10/1728629233COP29_Compass_Concept_Note_with_Agenda.pdf,Concept Note,2024-10-15T05:12:53+00:00,2024-10,managed_path_month,True,2024-10-15 05:12:53,False,False,True
inbody:e38d639f9c0e415b38a3fd7cc7726407a7558877,inbody,events,34aea232-7bb0-436e-bf1c-1c2a2ee39abf,COP29 Compass Dialogue on Sustainable Lifestyles,1728629234Lifestyles_ppt.pdf,https://www.teriin.org/sites/default/files/2024-10/1728629234Lifestyles_ppt.pdf,Framing Presentation,2024-10-15T05:12:53+00:00,2024-10,managed_path_month,True,2024-10-15 05:12:53,False,False,True
inbody:2b967aefc53aa1b4abcdd822a6f1d99b60b2f2b2,inbody,events,34aea232-7bb0-436e-bf1c-1c2a2ee39abf,COP29 Compass Dialogue on Sustainable Lifestyles,1728629235Sustainable_Lifestyles_COP29_Compass_Dialogue_Event_Summary.pdf,https://www.teriin.org/sites/default/files/2024-10/1728629235Sustainable_Lifestyles_COP29_Compass_Dialogue_Event_Summary.pdf,Event Summary,2024-10-15T05:12:53+00:00,2024-10,managed_path_month,True,2024-10-15 05:12:53,False,False,True
inbody:b48d8bf85c731c98ba34b8a4c5fab1476c93a02c,inbody,events,c5f7f545-262b-4776-a69d-20927caa1d9d, COP29 Compass Dialogue on Climate Finance,Agenda_COP29%20Compass%20Dialogue.pdf,https://www.teriin.org/sites/default/files/2024-10/Agenda_COP29%20Compass%20Dialogue.pdf,Agenda,2024-10-15T05:34:28+00:00,2024-10,managed_path_month,True,2024-10-15 05:34:28,False,False,True
inbody:017a6339075641cbafd2f0856c8cb97dd088eda3,inbody,events,c5f7f545-262b-4776-a69d-20927caa1d9d, COP29 Compass Dialogue on Climate Finance,1728628929Bionotes-COP29%20Compass%20Dialogue%20-%20CL.pdf,https://www.teriin.org/sites/default/files/2024-10/1728628929Bionotes-COP29%20Compass%20Dialogue%20-%20CL.pdf,COP29 Compass Dialogue,2024-10-15T05:34:28+00:00,2024-10,managed_path_month,True,2024-10-15 05:34:28,False,False,True
inbody:ff751f658178061f272476b80d0d68385002b9d0,inbody,events,c5f7f545-262b-4776-a69d-20927caa1d9d, COP29 Compass Dialogue on Climate Finance,1728628930Climate_Finance_ppt.pdf,https://www.teriin.org/sites/default/files/2024-10/1728628930Climate_Finance_ppt.pdf,Framing Presentation,2024-10-15T05:34:28+00:00,2024-10,managed_path_month,True,2024-10-15 05:34:28,False,False,True
inbody:6f4a206a8b19f518fc041b830f7bd19b8e765406,inbody,events,c5f7f545-262b-4776-a69d-20927caa1d9d, COP29 Compass Dialogue on Climate Finance,1728628930Climate_Finance_COP29_Compass_Dialogue_Event_Summary.pdf,https://www.teriin.org/sites/default/files/2024-10/1728628930Climate_Finance_COP29_Compass_Dialogue_Event_Summary.pdf,Event Summary,2024-10-15T05:34:28+00:00,2024-10,managed_path_month,True,2024-10-15 05:34:28,False,False,True
,inbody,events,c7924437-729c-4a8e-9272-0e27b119e6ab,"TERI at WUF 12 Cairo, Egypt",Concept%20Note%20-%20Improving%20Quality%20of%20Life%20in%20Cities%20through%20Sustainable%20and%20EV-ready%20Transport%20Investments.pdf,https://teriin.org/sites/default/files/2024-10/Concept%20Note%20-%20Improving%20Quality%20of%20Life%20in%20Cities%20through%20Sustainable%20and%20EV-ready%20Transport%20Investments.pdf,Improving Quality of Life in Cities through Sustainable and EV-ready Transport Investments,2024-10-30T10:56:48+00:00,2024-10,managed_path_month,False,,False,False,True
,inbody,events,c7924437-729c-4a8e-9272-0e27b119e6ab,"TERI at WUF 12 Cairo, Egypt",Digitalization_emerging_technologies_and_justice_in_changing_climate.pdf,https://www.grihaindia.org/sites/default/files/pdf/Digitalization_emerging_technologies_and_justice_in_changing_climate.pdf,"Digitalisation, emerging technologies and justice in changing climate",2024-10-30T10:56:48+00:00,,external_host,False,,False,False,False
,inbody,events,c7924437-729c-4a8e-9272-0e27b119e6ab,"TERI at WUF 12 Cairo, Egypt",Concept%20Note%20-%20Facilitating%20Zero%20Emission%20Deliveries%20for%20Postal%20Services.pdf,https://teriin.org/sites/default/files/2024-10/Concept%20Note%20-%20Facilitating%20Zero%20Emission%20Deliveries%20for%20Postal%20Services.pdf,Facilitating Zero Emission Deliveries for Postal Services,2024-10-30T10:56:48+00:00,2024-10,managed_path_month,False,,False,False,True
inbody:4cb625a02340e14d14a322d450af6c0cc1383dca,inbody,events,c7924437-729c-4a8e-9272-0e27b119e6ab,"TERI at WUF 12 Cairo, Egypt",WUF12_SessionNote_TowardsCli.pdf,https://teriin.org/sites/default/files/files/WUF12_SessionNote_TowardsCli.pdf,Towards Climate-Responsive Urban Planning,2024-10-30T10:56:48+00:00,,unmanaged_no_file_entity,True,2024-10-30 10:56:48,False,False,True
inbody:ec969bad33a299ca45d2139a90043c53d12b6312,inbody,events,725e68e2-4521-41cf-a22e-ca08b0e13b88,WSDS 2025 Thematic Track - People-centric transition for energy equity,Just_Transition_Report_updated.pdf,https://teriin.org/files/Just_Transition_Report_updated.pdf,Download,2025-01-28T10:55:14+00:00,,unmanaged_no_file_entity,True,2025-01-28 10:55:14,False,False,True
inbody:7b9f619139cf426d8f1f13bc10ee9b021a6a29c7,inbody,events,35868e50-227e-45c8-b09d-1649bdc1fe50,WSDS 2025 Thematic Track: CSR’s Role in Ecological Conservation,TRAINING-MODULE-CSR-2025.pdf,https://teriin.org/files/TRAINING-MODULE-CSR-2025.pdf,Download,2025-02-07T05:51:32+00:00,,unmanaged_no_file_entity,True,2025-02-07 05:51:32,True,False,True
,inbody,events,5cbfe620-d9ad-4097-967a-b3e5c399af74,WSDS 2025 Thematic Track - Decarbonizing India’s Electricity Sector - Facilitating Energy Transition through Emerging Storage Technologies and Solutions,NEP_2022_32_FINAL_GAZETTE_English.pdf,https://cea.nic.in/wp-content/uploads/notification/2023/06/NEP_2022_32_FINAL_GAZETTE_English.pdf,National Electricity Plan (NEP),2025-02-28T05:30:05+00:00,,external_host,False,,True,False,False
,inbody,events,5cbfe620-d9ad-4097-967a-b3e5c399af74,WSDS 2025 Thematic Track - Decarbonizing India’s Electricity Sector - Facilitating Energy Transition through Emerging Storage Technologies and Solutions,isa-solarandldes-2.pdf,https://www.ldescouncil.com/assets/pdf/isa-solarandldes-2.pdf,LDES Council,2025-02-28T05:30:05+00:00,,external_host,False,,False,False,False
,inbody,events,5cbfe620-d9ad-4097-967a-b3e5c399af74,WSDS 2025 Thematic Track - Decarbonizing India’s Electricity Sector - Facilitating Energy Transition through Emerging Storage Technologies and Solutions,BatteriesandSecureEnergyTransitions.pdf,https://iea.blob.core.windows.net/assets/cb39c1bf-d2b3-446d-8c35-aae6b1f3a4a0/BatteriesandSecureEnergyTransitions.pdf,International Energy Agency (IEA),2025-02-28T05:30:05+00:00,,external_host,False,,False,False,False
inbody:85036508e18a0f69a6a7a97a7a0e3f489302ec1d,inbody,events,5cbfe620-d9ad-4097-967a-b3e5c399af74,WSDS 2025 Thematic Track - Decarbonizing India’s Electricity Sector - Facilitating Energy Transition through Emerging Storage Technologies and Solutions,Power%20Sector%202050%20Report.pdf,https://www.teriin.org/sites/default/files/2024-02/Power%20Sector%202050%20Report.pdf,TERI’s study projects,2025-02-28T05:30:05+00:00,2024-02,managed_path_month,True,2025-02-28 05:30:05,False,False,True
,inbody,events,5cbfe620-d9ad-4097-967a-b3e5c399af74,WSDS 2025 Thematic Track - Decarbonizing India’s Electricity Sector - Facilitating Energy Transition through Emerging Storage Technologies and Solutions,1731498213ISA_COP29_Solar_EV_Booklet.pdf,https://isa.int/uploads/publiction_pdf/1731498213ISA_COP29_Solar_EV_Booklet.pdf,Solar E-Mobility &amp; Storage,2025-02-28T05:30:05+00:00,,external_host,False,,False,False,False
,inbody,events,5cbfe620-d9ad-4097-967a-b3e5c399af74,WSDS 2025 Thematic Track - Decarbonizing India’s Electricity Sector - Facilitating Energy Transition through Emerging Storage Technologies and Solutions,1731332396Storage_COP_29_report_print.pdf,https://isa.int/uploads/publiction_pdf/1731332396Storage_COP_29_report_print.pdf,‘Prioritization Framework for Energy Storage System for Accelerating Solar Project Deployment in LDCs and SIDS’,2025-02-28T05:30:05+00:00,,external_host,False,,False,False,False
,inbody,events,f8d1bde1-c3ff-400f-8cff-df584a3edf9d,2nd Global Conclave on Plastic Recycling and Sustainability,GCPRS-2025-Broucher.pdf,https://gcprs.org/upload/GCPRS-2025-Broucher.pdf,https://gcprs.org/upload/GCPRS-2025-Broucher.pdf,2025-06-13T04:38:34+00:00,,external_host,False,,True,True,False
inbody:18d6c17b6ac346294eade180bcf6196d62c65418,inbody,events,c1c9360b-11b7-4fd4-8e4b-2bc29e70131a,Stakeholder Discussion: India's 2035 Climate Target A Business Opportunity for Growth and Global Leadership,Decarbonisation-Roadmap-for-the-Indian-Cement-Sector.pdf,https://teriin.org/files/Decarbonisation-Roadmap-for-the-Indian-Cement-Sector.pdf,cement sector decarbonization,2025-06-30T04:11:37+00:00,,unmanaged_no_file_entity,True,2025-06-30 04:11:37,False,False,True
inbody:abcb6970e4a202f8a195d0afb6afb07cea9cb70a,inbody,events,c1c9360b-11b7-4fd4-8e4b-2bc29e70131a,Stakeholder Discussion: India's 2035 Climate Target A Business Opportunity for Growth and Global Leadership,Executive Summary_FINAL.pdf,https://teriin.org/sites/default/files/2024-11/Executive Summary_FINAL.pdf,transport sector decarbonization,2025-06-30T04:11:37+00:00,2024-11,managed_path_month,True,2025-06-30 04:11:37,False,False,True
inbody:4b7b0c2234cdc604c5614cb71e62cf40c23fba80,inbody,events,f9376a1e-e6e5-49bd-8d5b-5f91c7f61ba5,"After COP30, What Next? TERI and CRF Decode the Global Climate Agenda",COP30-Debriefing-Paper.pdf,https://teriin.org/sites/default/files/2025-12/COP30-Debriefing-Paper.pdf,Download,2025-12-10T06:55:52+00:00,2025-12,managed_path_month,True,2025-12-12 11:49:53,False,False,True
inbody:5ad34313c06a64e6368839a89728f017a96976a1,inbody,events,c54c41ff-1968-4421-b66b-fedab595bb8c,WSDS 2026 Thematic Track: Accelerating AgriPV in India: From Pilots to Policy-Led Scale-Up,AgriPV-DPR-Framework.pdf,https://teriin.org/sites/default/files/files/AgriPV-DPR-Framework.pdf,AgriPV DPR Framework,2026-02-19T06:53:23+00:00,,unmanaged_no_file_entity,True,2026-02-19 06:53:23,False,False,True
inbody:e7431b4cb26c4a62201cd11dabb862af818cebe9,inbody,events,c54c41ff-1968-4421-b66b-fedab595bb8c,WSDS 2026 Thematic Track: Accelerating AgriPV in India: From Pilots to Policy-Led Scale-Up,AgriPV-Potenital-in-India.pdf,https://teriin.org/sites/default/files/files/AgriPV-Potenital-in-India.pdf,AgriPV Potential in India,2026-02-19T06:53:23+00:00,,unmanaged_no_file_entity,True,2026-02-19 06:53:23,False,False,True
inbody:891289c24e9c355e43b6555d67c3aa2ce1fc8661,inbody,events,c54c41ff-1968-4421-b66b-fedab595bb8c,WSDS 2026 Thematic Track: Accelerating AgriPV in India: From Pilots to Policy-Led Scale-Up,RA-PV-Baseline-Assessment-Report-Madhya-Pradesh.pdf,https://teriin.org/sites/default/files/files/RA-PV-Baseline-Assessment-Report-Madhya-Pradesh.pdf,RA PV Baseline Assessment Report Madhya Pradesh,2026-02-19T06:53:23+00:00,,unmanaged_no_file_entity,True,2026-02-19 06:53:23,False,False,True
inbody:547b2646c9a73c82ca339038084d51f8d942f552,inbody,events,c54c41ff-1968-4421-b66b-fedab595bb8c,WSDS 2026 Thematic Track: Accelerating AgriPV in India: From Pilots to Policy-Led Scale-Up,RA-PV-Baseline-Assessment-Report-Telangana.pdf,https://teriin.org/sites/default/files/files/RA-PV-Baseline-Assessment-Report-Telangana.pdf,RA PV Baseline Assessment Report Telangana,2026-02-19T06:53:23+00:00,,unmanaged_no_file_entity,True,2026-02-19 06:53:23,False,False,True
inbody:301f4a3e7743f74dacdfdbe5ed1f939066af154e,inbody,events,b10433da-bda8-4caa-a3e9-e5baf7600271,Release of Report – India’s Nuclear Energy Vision: Strategic Pathways for SMR Deployment,Indias-Nuclear-Energy.pdf,https://teriin.org/files/Indias-Nuclear-Energy.pdf,Click here for the Report,2026-05-11T11:18:28+00:00,,unmanaged_no_file_entity,True,2026-05-11 11:18:28,False,False,True
,inbody,events,95a94ae5-577f-42b3-9db4-6b389d9907c1,Sustainable Development Goals and Multilateralism: Agenda 2030 and Beyond,Post%202030_Agenda.pdf,https://teriin.org/sites/default/files/2026-07/Post%202030_Agenda.pdf,Agenda,2026-07-21T12:04:11+00:00,2026-07,managed_path_month,False,,False,False,True
,inbody,events,95a94ae5-577f-42b3-9db4-6b389d9907c1,Sustainable Development Goals and Multilateralism: Agenda 2030 and Beyond,Post%202030_Concept_Note.pdf,https://teriin.org/sites/default/files/2026-07/Post%202030_Concept_Note.pdf,Concept Note,2026-07-21T12:04:11+00:00,2026-07,managed_path_month,False,,False,False,True
,inbody,events,95a94ae5-577f-42b3-9db4-6b389d9907c1,Sustainable Development Goals and Multilateralism: Agenda 2030 and Beyond,Post%202030_Speaker_Line-up.pdf,https://teriin.org/sites/default/files/2026-07/Post%202030_Speaker_Line-up.pdf,Speaker Line-up,2026-07-21T12:04:11+00:00,2026-07,managed_path_month,False,,False,False,True
inbody:5c9fb095ab7b4337671f84cbc13267aed777214a,inbody,events,95a94ae5-577f-42b3-9db4-6b389d9907c1,Sustainable Development Goals and Multilateralism: Agenda 2030 and Beyond,Framing-Presentation.pdf,https://teriin.org/sites/default/files/files/Framing-Presentation.pdf,Presentation,2026-07-21T12:04:11+00:00,,unmanaged_no_file_entity,True,2026-07-21 12:04:11,False,False,True
inbody:d19f90d64bc2ce77f17608a4d2ebe16af717ed74,inbody,events,95a94ae5-577f-42b3-9db4-6b389d9907c1,Sustainable Development Goals and Multilateralism: Agenda 2030 and Beyond,Event_Summary_Agenda_2030_and_Beyond.pdf,https://teriin.org/sites/default/files/files/Event_Summary_Agenda_2030_and_Beyond.pdf,Event Summary&nbsp;,2026-07-21T12:04:11+00:00,,unmanaged_no_file_entity,True,2026-07-21 12:04:11,False,False,True
,inbody,press_release,24ef9e02-1db6-48de-9490-7a9d0a3766b4,Mahindra-TERI Centre of Excellence to enable energy efficiency in the real estate industry,Glare-Management-Booklet.pdf,http://mahindratericoe.com/pdf/Glare-Management-Booklet.pdf,guidelines,2018-06-12T11:23:20+00:00,,external_host,False,,False,False,False
inbody:8f62a9085df2fc3cf14d96405c9c7fc3da1c9bc1,inbody,press_release,24ef9e02-1db6-48de-9490-7a9d0a3766b4,Mahindra-TERI Centre of Excellence to enable energy efficiency in the real estate industry,scp-framework-research-paper.pdf,http://www.teriin.org/sites/default/files/2018-01/scp-framework-research-paper.pdf,building technologies and materials suitable to Indian climatic conditions,2018-06-12T11:23:20+00:00,2018-01,managed_path_month,True,2018-06-12 11:23:20,False,False,True
inbody:b723b385bc6f918598de2b4db4a97398483856e4,inbody,press_release,f1998cf3-1ead-430c-8ab1-83ad313f6b07,Safeguard duty on imported solar panels will make solar power less competitive,imported-solar-panels-safeguard-duty.pdf,http://www.teriin.org/sites/default/files/files/imported-solar-panels-safeguard-duty.pdf,here,2018-08-01T11:49:25+00:00,,unmanaged_no_file_entity,True,2018-08-01 11:49:25,False,False,True
inbody:f449db08e90f8b7a9295a171925792a7549e0723,inbody,press_release,1dc05e45-820d-493e-8a1b-e5d3d48bc051,Strong policies needed to clean Delhi NCR air by 2025: ARAI & TERI report,Exec-summary.pdf,http://www.teriin.org/sites/default/files/2018-08/Exec-summary.pdf,See report,2018-08-16T10:46:01+00:00,2018-08,managed_path_month,True,2018-08-16 10:46:01,False,False,True
inbody:eabebe42a6f5c2eb113ecdab7d585e55f40bc110,inbody,press_release,a30ce37b-9b6a-437a-8a07-45cdb61551bd,TERI recommends action points to reverse land degradation in India,land-degradation-neutrality.pdf,https://www.teriin.org/sites/default/files/files/land-degradation-neutrality.pdf,View Proceedings,2019-09-18T11:54:18+00:00,,unmanaged_no_file_entity,True,2019-09-18 11:54:18,False,False,True
inbody:c1aaeadd1a7a66e695d2bb21a4814c04b3652888,inbody,press_release,a30ce37b-9b6a-437a-8a07-45cdb61551bd,TERI recommends action points to reverse land degradation in India,watershed-approach-proceedings.pdf,https://www.teriin.org/sites/default/files/files/watershed-approach-proceedings.pdf,View Proceedings,2019-09-18T11:54:18+00:00,,unmanaged_no_file_entity,True,2019-09-18 11:54:18,False,False,True
inbody:488709a77764fe6a406bee8143a56f0d319c9c42,inbody,press_release,4335a4ea-7e71-4d12-afbb-c85ffd0acd44,Making the decade count: World Sustainable Development Summit to focus on 2030 goals,WSDS_Agenda_2020_Programme_Flow_new.pdf,http://wsds.teriin.org/img/pdf/WSDS_Agenda_2020_Programme_Flow_new.pdf,Click here for agenda,2020-01-24T06:20:50+00:00,,unmanaged_no_file_entity,True,2020-01-24 06:20:50,True,False,True
inbody:ded81cb9ab26539088f81cf06c095a3f387cb590,inbody,press_release,a4a53f35-d954-4a61-9c09-008386f0d078,"Youth pledge to assume dynamic role in action against climate change, submit declaration",Youth%20Declaration%20on%20Climate%20Action.pdf,http://wsds.teriin.org/img/Youth%20Declaration%20on%20Climate%20Action.pdf,here,2020-02-05T07:29:11+00:00,,unmanaged_no_file_entity,True,2020-02-05 07:29:11,False,False,True
inbody:73c4c805ce72c6cd34f6b10a3a948927ec639447,inbody,press_release,058a0931-580e-481f-a02f-78641809321d,"Goa becomes India's first state to have resource efficiency strategy; measures suggested for tourism, construction sectors, and tackling marine litter",strategy-fostering-RE-CE-Goa.pdf,https://www.teriin.org/sites/default/files/files/strategy-fostering-RE-CE-Goa.pdf,the strategy for 'Fostering Resource Efficiency and Circular Economy in Goa',2020-02-25T07:19:33+00:00,,unmanaged_no_file_entity,True,2020-02-25 07:19:33,False,False,True
,inbody,press_release,058a0931-580e-481f-a02f-78641809321d,"Goa becomes India's first state to have resource efficiency strategy; measures suggested for tourism, construction sectors, and tackling marine litter",white-paper-composting-anaerobic-digestion.pdf,https://www.teriin.org/sites/default/files/files/white-paper-composting-anaerobic-digestion.pdf,white paper on 'Composting and Anaerobic Digestion: Promising Technologies for Organic Waste Management',2020-02-25T07:19:33+00:00,,unmanaged_no_file_entity,False,,False,False,True
inbody:a738ef4be8ff0ce44eea5b4bf6df6340f31471a6,inbody,press_release,ceaff8dd-694c-4f99-8328-b8f8ce8ce372,GRIHA Council launches tool to assess safety and hygiene standards of workplaces post lockdown,BFITool-intro.pdf,https://www.teriin.org/sites/default/files/files/BFITool-intro.pdf,https://www.teriin.org/sites/default/files/files/BFITool-intro.pdf,2020-04-30T10:31:16+00:00,,unmanaged_no_file_entity,True,2020-05-11 09:15:10,False,False,True
,inbody,press_release,40ab768a-e860-40f2-912b-fea140a2d87f,"Global Coalition of Energy, Industry and Finance Leaders Calls for Economic Stimulus to be Invested in the Economy of the Future",COVID-Recovery-Response.pdf,http://www.energy-transitions.org/sites/default/files/COVID-Recovery-Response.pdf,http://www.energy-transitions.org/sites/default/files/COVID-Recovery-Response.pdf,2020-05-07T11:29:38+00:00,,external_host,False,,False,False,False
,inbody,press_release,40ab768a-e860-40f2-912b-fea140a2d87f,"Global Coalition of Energy, Industry and Finance Leaders Calls for Economic Stimulus to be Invested in the Economy of the Future",COVID-Recovery-CoverLetter.pdf,http://www.energy-transitions.org/sites/default/files/COVID-Recovery-CoverLetter.pdf,http://www.energy-transitions.org/sites/default/files/COVID-Recovery-CoverLetter.pdf,2020-05-07T11:29:38+00:00,,external_host,False,,False,False,False
inbody:74d349c24bff851e2a4ab3ad22de1156dd36eebd,inbody,press_release,32e926ec-461e-4ad7-8410-188ecad255cf,Electricity demand to take lasting 7-17% hit due to COVID 19 economic shock: TERI report,Bending-the-Curve_Report.pdf,https://www.teriin.org/sites/default/files/2020-07/Bending-the-Curve_Report.pdf,Download Report,2020-07-21T13:30:55+00:00,2020-07,managed_path_month,True,2020-07-21 13:30:55,False,False,True
inbody:dba07a4e24e40051bd7c390e1b9a76d39124abb9,inbody,press_release,20565f62-e56c-4e85-b8bd-0145ae5fa98a,TERI and NDMA launch Flood Early Warning System (FEWS) to predict floods in Guwahati,launch-FEWS-presentation.pdf,https://www.teriin.org/sites/default/files/files/launch-FEWS-presentation.pdf,View presentation,2020-08-13T12:50:08+00:00,,unmanaged_no_file_entity,True,2020-08-13 13:35:29,False,False,True
inbody:6a570eefe969d21ec29e1bdee5d112d82f648851,inbody,press_release,8042df33-8cfb-40de-b4e7-0347b1674bc3,"Need for a new, inclusive, non-transactional approach to multilateralism:  Dr S Jaishankar",speech-transcript-dr-s-jaishankar.pdf,https://www.teriin.org/sites/default/files/files/speech-transcript-dr-s-jaishankar.pdf,Read the full transcript of the speech here.,2020-08-28T08:52:17+00:00,,unmanaged_no_file_entity,True,2020-08-28 08:52:17,False,False,True
inbody:b7f1b461d98dc6c6387e3b2bdb632b5ba4672d03,inbody,press_release,81858773-8ff8-4395-978e-e38a51818641,TERI launches India's Climate Atlas; provides decision-makers with city-level analysis of climate data,TCT_Launch_SB.pdf,https://www.teriin.org/sites/default/files/files/TCT_Launch_SB.pdf,View presentation,2020-10-15T12:21:47+00:00,,unmanaged_no_file_entity,True,2020-10-15 12:21:47,False,False,True
inbody:a6d536d81a57bc16016bfbed5de51a397e8fd3e4,inbody,press_release,81858773-8ff8-4395-978e-e38a51818641,TERI launches India's Climate Atlas; provides decision-makers with city-level analysis of climate data,TERI-Climate-Tool-Annexure.pdf,https://www.teriin.org/sites/default/files/files/TERI-Climate-Tool-Annexure.pdf,Annexture 1: View the Features of TERI Climate Tool,2020-10-15T12:21:47+00:00,,unmanaged_no_file_entity,True,2020-10-15 12:21:47,False,False,True
,inbody,press_release,74c3b67e-8142-45ac-a3d3-532a7e79e7f0,Accelerate the process of total decarbonisation of the built environment: Shri M. Venkaiah Naidu,thirty-stories-beyond-buildings.pdf,https://www.grihaindia.org/sites/default/files/pdf/Manuals/thirty-stories-beyond-buildings.pdf,30 stories beyond buildings,2020-12-16T05:13:46+00:00,,external_host,False,,False,False,False
,inbody,press_release,e2691338-ecde-48d0-85c9-e6c69b0a9f4c,PM Modi to inaugurate TERI's World Sustainable Development Summit on Feb 10th,WSDS2021_AgenaFramework-as-on-3-feb.pdf,https://wsds.teriin.org/assets/pdf/WSDS2021_AgenaFramework-as-on-3-feb.pdf,here,2021-02-08T06:44:26+00:00,,unmanaged_no_file_entity,False,,True,False,True
inbody:dc7cf6f2d7e6c92aa8b62000c53daba6591541de,inbody,press_release,26de79ee-de9f-42f2-9e94-3bb00a784445,"Agriculture, forest and river conservation, domestic water use efficiency key to India's water security: Prakash Javadekar",water-factsheet.pdf,https://www.teriin.org/sites/default/files/2021-06/water-factsheet.pdf,India Water Factsheet,2021-06-04T09:54:01+00:00,2021-06,managed_path_month,True,2021-06-04 09:54:01,False,False,True
inbody:2742c4200db8593503c677052983e8da7cab1670,inbody,press_release,52c21113-f91b-4353-8f6f-432f8371a6c8,"Transparency on climate finance and enhancement of support are areas to build on in the future, key COP negotiators at TERI high-level discussion",demystifying-cop26-ppt.pdf,https://www.teriin.org/sites/default/files/files/demystifying-cop26-ppt.pdf,Presentation,2021-12-10T11:39:11+00:00,,unmanaged_no_file_entity,True,2021-12-10 11:39:11,False,False,True
inbody:9dc27ad06eda10c6d50be2a1cad903ce40ac7942,inbody,press_release,dee4043b-f98c-4b51-8dd2-b45cff10be5f,Youth Climate Conclave (YCC) 2022,YCC_Youth_Pledge_2022_v1.pdf,https://wsds.teriin.org/ycc_v3/YCC_Youth_Pledge_2022_v1.pdf,here,2022-02-11T13:02:38+00:00,,unmanaged_no_file_entity,True,2022-02-11 13:02:38,True,False,True
inbody:107053517242a4395bf54daa157a50481037db30,inbody,press_release,6d823ab8-6d99-4536-ae2d-33df5fe09bd5,"Life Cycle Assessment (LCA) study in India reveals that aluminium beverage cans have superior environmental performance over glass, PET and multi-layer drinks containers",Sustainable%20Beverage%20Packaging%20Options%20in%20India%20-%20A%20Comparative%20Life%20Cycle%20Assessment%20Study_0.pdf,https://www.teriin.org/sites/default/files/2022-06/Sustainable%20Beverage%20Packaging%20Options%20in%20India%20-%20A%20Comparative%20Life%20Cycle%20Assessment%20Study_0.pdf,here,2022-06-14T10:47:33+00:00,2022-06,managed_path_month,True,2022-06-14 10:47:33,False,False,True
inbody:fde34827771e21d87e4821a84bd22f8b3ba42150,inbody,press_release,a1dcf976-8252-42c6-b809-370186a7b923,Handholding and financial cushioning is crucial to make India’s MSMEs a low-carbon emitting sector: TERI study,Financing_Low_Carbon_Tranistion_for_India_MSME_Sector.pdf,https://www.teriin.org/sites/default/files/2022-10/Financing_Low_Carbon_Tranistion_for_India_MSME_Sector.pdf,https://www.teriin.org/sites/default/files/2022-10/Financing_Low_Carbon_Tranistion_for_India_MSME_Sector.pdf,2022-10-14T09:05:18+00:00,2022-10,managed_path_month,True,2022-10-14 09:05:18,False,True,True
inbody:d4930a00d0e0cd22060e5041cacf014b9d270eb3,inbody,press_release,92f95eb1-c652-4900-8b10-a73f993f2c8c,COP27 and G20 need to make the discourse on energy transition more inclusive of demand-side requirements: TERI policy brief,WSDS_SDG_7_Policy_Brief_2022.pdf,https://wsds.teriin.org/2023/assets/pdf/WSDS_SDG_7_Policy_Brief_2022.pdf,click here.,2022-10-31T12:03:46+00:00,,unmanaged_no_file_entity,True,2022-10-31 12:03:46,True,False,True
,inbody,press_release,d33af3b0-b377-40bb-aa5b-922012f1cf53,Puducherry Sets a Green Milestone: Unveils the Pioneering Green Budget Report on World Environment Day,Puducherry%20Green%20Budget%20Report%202023.pdf,https://www.teriin.org/sites/default/files/2023-06/Puducherry%20Green%20Budget%20Report%202023.pdf,Puducherry Green Budget Report 2023,2023-06-08T06:26:39+00:00,2023-06,managed_path_month,False,,False,True,True
inbody:23e53421e119cfd0b95597a6bccce9c56d73ed56,inbody,press_release,7fa8b071-bcc9-42cc-a3c8-f284f5a7da80,"Collective efforts, frontline leadership, technology and innovation can give real push to achieve SDGs and Climate Justice: Discussions kick-off at WSDS 2024",SDG%20Blueprint%20Summary_2024.pdf,https://www.teriin.org/sites/default/files/2024-02/SDG%20Blueprint%20Summary_2024.pdf,https://www.teriin.org/sites/default/files/2024-02/SDG%20Blueprint%20Summary_2024.pdf,2024-02-07T13:23:59+00:00,2024-02,managed_path_month,True,2024-02-07 13:23:59,True,True,True
inbody:ee6281c61e8831932b8d7c482ad5753aa1fa21c5,inbody,press_release,29f2ee32-561e-47be-baa3-ea1b0db54e71,Prime Minister Modi commends TERI's 50-year legacy and calls for collective global action on climate change at World Sustainable Development Summit 2024,PM_Message_23rd_WSDS_TERI.pdf,https://teriin.org/files/PM_Message_23rd_WSDS_TERI.pdf,https://teriin.org/files/PM_Message_23rd_WSDS_TERI.pdf,2024-02-07T15:15:52+00:00,,unmanaged_no_file_entity,True,2024-02-07 15:15:52,False,False,True
inbody:5760af7492ef4c28e4f6cc2c97e20bcae64c4bbd,inbody,press_release,db567f50-fdca-4692-87f9-ccd3dc66e8c2,"World Sustainable Development Summit 2024: Global leaders unite to navigate polycrisis, emphasizing urgency for collective environmental action",Vice_President_Message_(VP_Speech)_WSDS_2024.pdf,https://teriin.org/sites/default/files/files/Vice_President_Message_(VP_Speech)_WSDS_2024.pdf,https://teriin.org/sites/default/files/files/Vice_President_Message_(VP_Speech)_WSDS_2024.pdf,2024-02-07T15:56:30+00:00,,unmanaged_no_file_entity,True,2024-02-07 15:56:30,True,True,True
inbody:2ae262c375669eadb49667423140602a36218afb,inbody,press_release,d897b03c-a797-468c-81c0-6499f4fcd4a1,"TERI Celebrates 26 Years of GREEN Olympiad, Honours Young Environmental Champions",Final_GO_Winners_2024.pdf,https://teriin.org/olympiad/assets/pdf/Final_GO_Winners_2024.pdf,https://teriin.org/olympiad/assets/pdf/Final_GO_Winners_2024.pdf,2025-04-22T12:03:29+00:00,,unmanaged_no_file_entity,True,2025-04-22 12:03:29,True,True,True
inbody:85222da070ea21fbbc041548241c77b7460fe563,inbody,press_release,12891f1c-06bb-4800-b554-34c482ac0f42,TERI Highlights Workforce Imperatives for India's Clean Energy Ambitions at ICC Global Business Summit 2025,Final_Knowledge_Paper_on_Inside_Pages.pdf,https://teriin.org/files/Final_Knowledge_Paper_on_Inside_Pages.pdf,Download,2025-09-19T09:52:29+00:00,,unmanaged_no_file_entity,True,2025-09-19 09:52:29,False,False,True
inbody:22dc6095e4ee05ae20820af8f62d709ee56790e4,inbody,press_release,971adbcd-ee5a-4642-bb1b-b14d0479eb47,"At COP30 Crossroads, TERI Calls for Re-anchoring Climate Equity through Human Development and Energy Justice",SDG-Charter-2025.pdf,https://teriin.org/files/SDG-Charter-2025.pdf,here,2025-11-07T08:24:11+00:00,,unmanaged_no_file_entity,True,2025-11-07 08:24:11,True,False,True
inbody:a44bc2a4c034d8bce019356f219cdb71dfaf88cc,inbody,press_release,920821f3-2cb4-42cb-baa4-44f912168473,TERI Launches Policy Brief on Strengthening Climate Multilateralism at COP30,COP_Reforms.pdf,https://teriin.org/sites/default/files/files/COP_Reforms.pdf,Download,2025-11-12T09:23:05+00:00,,unmanaged_no_file_entity,True,2025-11-12 09:23:05,False,False,True
inbody:c5308eeb633d3f2694c91bbef90cd66f435dd0c3,inbody,press_release,9d69e02c-ce92-44af-85d2-3e04514a53e7,TERI Report on India’s PV Manufacturing Released at Bharat Climate Forum 2026,Solar-PV-Report-Final-2026-Updated.pdf,https://teriin.org/sites/default/files/files/Solar-PV-Report-Final-2026-Updated.pdf,Download,2026-01-09T14:52:27+00:00,,unmanaged_no_file_entity,True,2026-01-09 14:52:27,True,False,True
inbody:c42be60a9906ac72888820fd101ee7456b47bb16,inbody,press_release,01617762-9d11-4e03-b790-eb8648a5ec06,From Data to Decarbonisation: SFC–TERI Whitepaper Anchors India’s Freight Emissions Accounting,SFC-India-TERI.pdf,https://teriin.org/sites/default/files/files/SFC-India-TERI.pdf,Download,2026-02-10T10:14:54+00:00,,unmanaged_no_file_entity,True,2026-02-10 10:14:54,False,False,True
inbody:d89c2e004d35b61d079765230309a07570dee20d,inbody,press_release,a07d981b-dc88-41a9-840d-8ce3961d7a1a,Biological Diversity Day 2026: TERI Launches New GEF-SGP India OP7 Publication on Community-Led Coastal Biodiversity Restoration,Community-Led-Biodiversity-Booklet.pdf,https://teriin.org/files/Community-Led-Biodiversity-Booklet.pdf,here,2026-05-22T05:36:06+00:00,,unmanaged_no_file_entity,True,2026-05-22 05:36:06,False,False,True
inbody:00f41f65e6a19e6ccd865bef283a4cc7cc4cf4bc,inbody,press_release,a9fa31ad-a4c6-4450-8b2a-beb9c0e8b99b,"A-PAG, IIT Delhi, and TERI Release Landmark Report on Interstate Truck Emissions and Mitigation Strategies in Delhi",TOWARDS-CLEANER-FREIGHT-IN-DELHI.pdf,https://teriin.org/sites/default/files/files/TOWARDS-CLEANER-FREIGHT-IN-DELHI.pdf,here,2026-06-29T09:34:21+00:00,,unmanaged_no_file_entity,True,2026-06-29 09:34:21,False,False,True
inbody:b1ba3be2a5d314de8c24fe87ca6737e8c0b49438,inbody,policy_brief,f5cd0d78-935e-4a25-950e-a311a5edb5f6,Critical non-fuel minerals security: Why India urgently needs to have a policy in place,Policy_Brief_Minerals_Dec2010.pdf,http://www.teriin.org/policybrief/docs/Policy_Brief_Minerals_Dec2010.pdf,Download the PDF,2010-12-01T05:51:07+00:00,,unmanaged_no_file_entity,True,2010-12-01 05:51:07,True,False,True
inbody:1356f0d6a7cf1f4a519606a01aee9f3fb23f9f0f,inbody,policy_brief,35d3ace5-df86-4cc9-ab15-a9a46af53235,Don’t tinker with the clock to save energy,TERI_Policy_Brief_August_2011.pdf,http://www.teriin.org/policybrief/docs/TERI_Policy_Brief_August_2011.pdf,Download the PDF,2011-08-10T12:13:55+00:00,,unmanaged_no_file_entity,True,2011-08-10 12:13:55,True,False,True
inbody:9ef1ebd0e0e464da723a0645a8d57e111d599518,inbody,policy_brief,238e1c9f-fe7b-4973-80ba-751a2a54920f,Enhancing water-use efficiency of thermal power plants in India: need for mandatory water audits,TERI_Policy_Brief_Dec_2012.pdf,http://www.teriin.org/policybrief/docs/TERI_Policy_Brief_Dec_2012.pdf,Download the PDF,2012-12-24T08:30:37+00:00,,unmanaged_no_file_entity,True,2012-12-24 08:30:37,True,False,True
inbody:57481cfd301b153caf3fd613961b92333ced0022,inbody,policy_brief,a00e0b7b-aeb8-450f-9ca8-1b33bcbacef9,Petroleum Product Pricing Reforms in India: Are We on the Right Track? ,Petroprod_march_13.pdf,http://www.teriin.org/policybrief/docs/Petroprod_march_13.pdf,Download the PDF,2013-03-04T18:30:00+00:00,,unmanaged_no_file_entity,True,2013-03-04 18:30:00,False,False,True
inbody:ab4b469017aa84a7e5d89223730e2e80e0b3ed91,inbody,policy_brief,4f56ad48-4b80-41ee-b7f7-ae27f2eb3c59,Shale Gas in India: Look Before You Leap,Shale_gas.pdf,http://www.teriin.org/policybrief/docs/Shale_gas.pdf,Download the PDF,2013-06-27T05:45:39+00:00,,unmanaged_no_file_entity,True,2013-06-27 05:45:39,False,False,True
inbody:5958ef871fd3df626980b83b6134fbd694f2b9c0,inbody,policy_brief,5eff0d22-548a-4e46-8911-0c8175f01930,Engagement with Sustainability Concerns in Public Procurement in India: Why and How,spp_2013.pdf,http://www.teriin.org/policybrief/docs/spp_2013.pdf,Download the PDF,2013-08-24T13:15:08+00:00,,unmanaged_no_file_entity,True,2013-08-24 13:15:08,True,False,True
inbody:db23ad13f98e1d79fcbc35d369429fb30ab67dae,inbody,policy_brief,9f625de3-1262-4429-bec3-d6f398d451e6,Climate Proofing Indian Cities: A Policy Perspective,Urban.pdf,http://www.teriin.org/policybrief/docs/Urban.pdf,Download the PDF,2014-03-22T23:58:50+00:00,,unmanaged_no_file_entity,True,2014-03-22 23:58:50,False,False,True
inbody:ff182f624b243c8f75f133c8417f19913bfc1261,inbody,policy_brief,fa670e2c-610e-4c0f-969c-08d3a39178e5,Market-based approaches of the Paris agreement: Where are we now?,market-based-%20approach_Paris-agreement.pdf,http://www.teriin.org/sites/default/files/2018-10/market-based-%20approach_Paris-agreement.pdf,Read full paper,2018-07-31T09:01:26+00:00,2018-10,managed_path_month,True,2018-07-31 09:01:26,False,False,True
,inbody,policy_brief,eca945d8-a388-4f00-be3e-cfe9e6ce84ce,Kerosene to solar PV subsidy swap: The business case for redirecting subsidy expenditure from kerosene to off-grid solar,kerosene-solar-subsidy-swap.pdf,https://www.iisd.org/sites/default/files/publications/kerosene-solar-subsidy-swap.pdf,here,2018-08-21T05:14:49+00:00,,external_host,False,,False,False,False
,inbody,policy_brief,b77ab3ee-da70-4758-a631-a9c0c98374a1,Bulk procurement in room air conditioning: A critical analysis of the EESL programme,1558347541ESEA-PolicyBrief.pdf,/sites/default/files/2018-11/1558347541ESEA-PolicyBrief.pdf,Download document,2019-05-30T06:39:40+00:00,2018-11,managed_path_month,False,,False,False,True
,inbody,policy_brief,8d007bbb-5d26-4210-afa6-faee337aeb61,G20: Aid developing economies to decarbonise hard-to-abate sectors,t20-japan-tf3-6-energy-transition-emerging-developing-countries.pdf,https://t20japan.org/wp-content/uploads/2019/03/t20-japan-tf3-6-energy-transition-emerging-developing-countries.pdf,,2019-06-24T09:23:50+00:00,,external_host,False,,False,False,False
,inbody,policy_brief,8d007bbb-5d26-4210-afa6-faee337aeb61,G20: Aid developing economies to decarbonise hard-to-abate sectors,t20-japan-tf3-7-business-models-efficiency-circular-economy.pdf,https://t20japan.org/wp-content/uploads/2019/03/t20-japan-tf3-7-business-models-efficiency-circular-economy.pdf,Resource Efficiency and Circular Economy,2019-06-24T09:23:50+00:00,,external_host,False,,False,False,False
,inbody,policy_brief,8d007bbb-5d26-4210-afa6-faee337aeb61,G20: Aid developing economies to decarbonise hard-to-abate sectors,t20-japan-tf3-8-critical-issues-climate-resilient-infrastructure.pdf,https://t20japan.org/wp-content/uploads/2019/03/t20-japan-tf3-8-critical-issues-climate-resilient-infrastructure.pdf,Building Climate Resilient Infrastructure,2019-06-24T09:23:50+00:00,,external_host,False,,False,False,False
inbody:2a8341ac1e5e206579aeb506a95bb658a83deac9,inbody,policy_brief,c1d1e64d-139f-487f-8014-810f67d8b7e2,Critical policy interventions to fast forward micro irrigation in India,critical-policy-interventions-policy-brief_1.pdf,https://www.teriin.org/sites/default/files/2019-08/critical-policy-interventions-policy-brief_1.pdf,Download document,2019-08-01T05:30:39+00:00,2019-08,managed_path_month,True,2019-08-01 05:30:39,False,False,True
inbody:73da56a3ee928675e61bc6cfe8cab98cc5a9545f,inbody,policy_brief,5496dfd3-f766-4976-9564-23eb362a116f,Decarbonisation of Indian industry: Transitioning to a cleaner economy,industrytransitionspaper.pdf,https://www.teriin.org/sites/default/files/2019-10/industrytransitionspaper.pdf,Read full paper here,2019-10-03T11:58:05+00:00,2019-10,managed_path_month,True,2019-10-03 11:58:05,False,False,True
inbody:6dff67b7f1b79a8073891f4c15ef45384acdb375,inbody,policy_brief,9d822f36-304d-4333-aa9f-ded3800b8c8f,Understanding India's electricity sector transition to renewables,energytransitionspaper_0.pdf,https://www.teriin.org/sites/default/files/2019-10/energytransitionspaper_0.pdf,Read full paper here,2019-10-04T06:54:29+00:00,2019-10,managed_path_month,True,2019-10-04 06:54:29,False,False,True
,inbody,policy_brief,9366389b-3026-4264-b028-daf72cc0a154,Nutrient pollution in the South Asia Seas (SAS),Scoping_study_on_Nutrient_loading_in_SAS_Region.pdf,http://www.sacep.org/pdf/Scoping_study_on_Nutrient_loading_in_SAS_Region.pdf,http://www.sacep.org/pdf/Scoping_study_on_Nutrient_loading_in_SAS_Region.pdf,2019-12-03T05:53:32+00:00,,external_host,False,,False,False,False
inbody:3a3547285ebc63bd16cbb2d41bb26a143f03d246,inbody,policy_brief,d85deb38-15fb-4419-837b-2ebafe658239,Opportunities with Biofuel: Co-benefit of Air Quality Improvement,AQI.pdf,https://www.teriin.org/sites/default/files/2019-12/AQI.pdf,here,2019-12-05T09:05:52+00:00,2019-12,managed_path_month,True,2019-12-05 09:05:52,False,False,True
inbody:4ac97d8e192e5087c6a683a4a2b8fdfbe93ef1f6,inbody,policy_brief,eba490c3-e60b-4d12-820f-a0aa5318811b,Fleet Modernization: A solution to achieve better air quality,Policy-Brief.pdf,https://www.teriin.org/sites/default/files/2019-12/Policy-Brief.pdf,Click here,2019-12-10T10:09:07+00:00,2019-12,managed_path_month,True,2019-12-10 10:09:07,False,False,True
inbody:68c64a72375b540babe9af2b07a4827ccb11f59f,inbody,policy_brief,7356d9d8-da2a-4a2a-be1e-20ddb2ca441c,Gender and climate change: Assessing the evolution of gender mainstreaming tools,Gender%20and%20Climate%20Change%20Report.pdf,https://www.teriin.org/sites/default/files/2019-12/Gender%20and%20Climate%20Change%20Report.pdf,here,2019-12-27T05:07:53+00:00,2019-12,managed_path_month,True,2019-12-27 05:07:53,False,False,True
inbody:cd489da8d5e5706c9c1cb4d4eebef1d90f3c549f,inbody,policy_brief,f384dcb2-364d-40da-b8d2-65b56e1128af,Guiding Framework for India's Long-Term Strategy (LTS),Guiding-document-for-India.pdf,https://www.teriin.org/sites/default/files/2020-05/Guiding-document-for-India.pdf,report,2020-05-01T06:18:55+00:00,2020-05,managed_path_month,True,2020-05-01 06:18:55,False,False,True
inbody:158baed6d40a4d3f6099fdeb33ff59107e1d9ccf,inbody,policy_brief,fabd5822-cce1-4539-93db-bb3b49628008,Assessing the environmental benefits from switching auto-rickshaws in Chennai to electric,assessing-environmental-research.pdf,https://www.teriin.org/sites/default/files/2020-06/assessing-environmental-research.pdf,here,2020-06-18T06:51:08+00:00,2020-06,managed_path_month,True,2020-06-18 06:51:08,False,False,True
inbody:8a0cce8bc52e12a395698a406da42a6f7b390c60,inbody,policy_brief,baeb0102-f0f3-4733-95a8-3cd86ad58c2c,Guidelines for Evaluation of Nano-based Agri-input and Food Products in India,TERI-Deakin-Nanobiotechnology-Centre_Guidelines.pdf,https://www.teriin.org/sites/default/files/2020-08/TERI-Deakin-Nanobiotechnology-Centre_Guidelines.pdf,here,2020-08-06T04:58:26+00:00,2020-08,managed_path_month,True,2020-08-06 04:58:26,False,False,True
inbody:80e14b1bccb2b2df9445fef520db155e98d5e881,inbody,policy_brief,ff973fa6-4927-4881-81c6-913e6a6b045d,Unlocking the co-benefits of decarbonising India's power sector,COBENEFITS-India_Policy-Report.pdf,https://www.teriin.org/sites/default/files/2020-09/COBENEFITS-India_Policy-Report.pdf,Download,2020-09-18T11:25:27+00:00,2020-09,managed_path_month,True,2020-09-18 11:25:27,False,False,True
inbody:030f54acfaebaee652ab15b1fb71fd451f19e4ee,inbody,policy_brief,c4c4a3f4-6865-47bc-87ee-428f4f46757e,Build Back Better: Revitalizing Clean Urbanization to Drive India's Post-Covid Economic Growth,climate-transparency_transport-paper.pdf,https://www.teriin.org/sites/default/files/2020-09/climate-transparency_transport-paper.pdf,Download,2020-09-22T09:09:35+00:00,2020-09,managed_path_month,True,2020-09-22 09:09:35,False,False,True
inbody:2fdd93ac3bab116dae23bd5b886d6f733704bf27,inbody,policy_brief,5306b437-af33-4387-8b66-c601eba5acb0,Toward a Comprehensive Approach to Youth Empowerment for Climate Action,climate-action-pf.pdf,https://www.teriin.org/sites/default/files/2020-09/climate-action-pf.pdf,Download,2020-09-23T09:10:03+00:00,2020-09,managed_path_month,True,2020-09-23 09:10:03,False,False,True
inbody:4dd5400a085ba10e1255cbba8b4979d38c11dfe4,inbody,policy_brief,b52e17a7-8312-4cf0-bf95-0883a4cb7df8,Could the National Capital Region serve as a control region for effective air quality management in Delhi?,capc-pf.pdf,https://www.teriin.org/sites/default/files/2020-11/capc-pf.pdf,Download,2020-11-04T05:40:29+00:00,2020-11,managed_path_month,True,2020-11-04 05:40:29,False,False,True
inbody:44892364ee7d2363a0a0f0cbe450dc2d8f35742b,inbody,policy_brief,2bf20921-67ac-4d8c-9fcf-42bfe27feef2,Discounting the Climate Future: Social Discount Rate for India's Climate Policy,policy-brief_discounting-climate-future_options.pdf,https://www.teriin.org/sites/default/files/2020-11/policy-brief_discounting-climate-future_options.pdf,Download,2020-11-27T07:03:02+00:00,2020-11,managed_path_month,True,2020-11-27 07:03:02,False,False,True
inbody:e01d28e113d48b7c9153e539dd1947438bb99bd6,inbody,policy_brief,b3350db2-2d6a-4c4b-bbb0-c6a395ee8bf9,Plastic Waste Management: Turning Challenges into Opportunities,plastic-management_0.pdf,https://www.teriin.org/sites/default/files/2020-12/plastic-management_0.pdf,Download,2020-12-02T11:59:15+00:00,2020-12,managed_path_month,True,2020-12-02 11:59:15,False,False,True
inbody:845b15a70ea5e760612887cbd463885097fd331b,inbody,policy_brief,724f841b-1b5e-4d9c-b47b-dc6c5dd804c9,Monitoring of community wastewater for early signalling the spread of COVID-19 in Chennai City,policy-bulletin.pdf,https://www.teriin.org/sites/default/files/2020-12/policy-bulletin.pdf,Download Policy Bulletin,2020-12-14T09:37:35+00:00,2020-12,managed_path_month,True,2020-12-14 09:37:35,False,False,True
inbody:5532eef80d7b0d6404d26953d4e5c7d9eb35dc67,inbody,policy_brief,b2d81ef0-6b3a-4808-af8a-a0c331bcffe1,"Mobile Air Conditioning (MAC): A technology landscape, challenges and opportunities for sustainable cooling",MAC-pb.pdf,https://www.teriin.org/sites/default/files/2020-12/MAC-pb.pdf,Download,2020-12-22T05:22:04+00:00,2020-12,managed_path_month,True,2020-12-22 05:22:04,False,False,True
inbody:3d9029063b27b26c192fd55e75fcbd07a6734105,inbody,policy_brief,b0d7069c-1a23-486b-bc56-3c9fac279bd5,"Estimation of the current emission and sequestration, as well as future potential of sequestration/emission reduction to achieve land degradation neutrality in India",estimation-current-emission.pdf,https://www.teriin.org/sites/default/files/2021-02/estimation-current-emission.pdf,Download,2021-02-11T05:28:48+00:00,2021-02,managed_path_month,True,2021-02-11 05:28:48,False,False,True
inbody:9b258c4245d7755720c14bd4104e81c8c6676ec6,inbody,policy_brief,fdb5eb91-11fe-4fb1-a2b3-9aade43881f9,Baseline and quantification of sequestration of 2.5–3 billion tonne of CO2e by 2030,baseline-quantification.pdf,https://www.teriin.org/sites/default/files/2021-02/baseline-quantification.pdf,Download,2021-02-11T05:59:36+00:00,2021-02,managed_path_month,True,2021-02-11 05:59:36,False,False,True
inbody:923d0431c52a031aac6206b7df0ecc50409c0974,inbody,policy_brief,c527c441-0fa8-4d4d-9153-644328f1b122,Designing the methodology to establish minimum support prices of trees grown outside forests,agroforestery-species.pdf,https://www.teriin.org/sites/default/files/2021-02/agroforestery-species.pdf,Download,2021-02-11T06:05:40+00:00,2021-02,managed_path_month,True,2021-02-11 06:05:40,False,False,True
inbody:df72a185406f24c4acead7381e9c025ac77e0092,inbody,policy_brief,ae241ab8-ccf1-46f2-abff-6596a30535a1,Scope and potential of coastal ecosystem towards mitigating climate change,blue-carbon-climate-change.pdf,https://www.teriin.org/sites/default/files/2021-02/blue-carbon-climate-change.pdf,Download,2021-02-11T06:25:48+00:00,2021-02,managed_path_month,True,2021-02-11 06:25:48,False,False,True
inbody:98a39f5aee02858a868ebbaedf7daf3dbaa456b3,inbody,policy_brief,78562bb3-36ea-4466-aa85-ddff7f268b26,Innovative financial mechanisms to achieve additional 2.5–3.0 billion tonne of CO2e through additional forest and tree cover in India by 2030,innovative-financial-mechanisms.pdf,https://www.teriin.org/sites/default/files/2021-02/innovative-financial-mechanisms.pdf,Download,2021-02-11T06:31:20+00:00,2021-02,managed_path_month,True,2021-02-11 06:31:20,False,False,True
inbody:9ae9d81eeafa8682c53f30328c64d6fbbca27cbf,inbody,policy_brief,8b4b7850-6d48-4b14-ae5d-260ab931f329,Will India attain its forestry NDC target of achieving 2.5–3 billion tonnes of CO2 equivalent through additional forest and tree cover by 2030?,will-india-attain-forestry.pdf,https://www.teriin.org/sites/default/files/2021-02/will-india-attain-forestry.pdf,Download,2021-02-11T06:45:34+00:00,2021-02,managed_path_month,True,2021-02-11 06:45:34,False,False,True
inbody:109c30f6ac93117aa7cb771942802a385a96bade,inbody,policy_brief,82a89679-c409-4894-af1e-3b5afe157efd,A Model-Based Assessment of Variable Renewable Grid Integration Costs in India,A_Modal-Based_Assessment_Report_1.pdf,https://www.teriin.org/sites/default/files/2021-02/A_Modal-Based_Assessment_Report_1.pdf,Download Report,2021-02-23T11:27:11+00:00,2021-02,managed_path_month,True,2021-02-23 11:27:11,False,False,True
inbody:799734431b4590634e72b833d484e0e090df3bf9,inbody,policy_brief,b6d36b1c-280b-4c46-8944-a8d1a9bb59b9,Working Paper on 'Assessing vulnerability from coal dependence and need for a Just Transition',Coal-Dependence-Need-Just-Transition_WP1.pdf,https://www.teriin.org/sites/default/files/2021-06/Coal-Dependence-Need-Just-Transition_WP1.pdf,Download,2021-06-24T05:52:46+00:00,2021-06,managed_path_month,True,2021-06-24 05:52:46,False,False,True
inbody:3d66db5c70062465066762d497e3685861f447dc,inbody,policy_brief,2c919d64-d630-4a82-824a-c9c8030e6631,Working Paper on 'Harnessing opportunities for a Just Transition in India',Harnessing-opportunities-Just-Transition_WP2.pdf,https://www.teriin.org/sites/default/files/2021-06/Harnessing-opportunities-Just-Transition_WP2.pdf,Download,2021-06-24T06:14:54+00:00,2021-06,managed_path_month,True,2021-06-24 06:14:54,False,False,True
inbody:928e5580459425d31c0585d48086a079c0ce296d,inbody,policy_brief,254fa43b-c3ae-4ef7-8c79-83e224ca09c0,Food and Land Resources: Incorporating Watershed-Based Approaches for Better Sustainability-Productivity Balance,food-land-resources.pdf,https://www.teriin.org/sites/default/files/2021-08/food-land-resources.pdf,Download,2021-08-04T06:34:59+00:00,2021-08,managed_path_month,True,2021-08-04 06:34:59,False,False,True
inbody:253d1c014caff3dd7fa89b65d0375829faa8386d,inbody,policy_brief,d3b9b552-d9ce-4669-94de-b8d32ede9e57,Resolving the Crisis in Power Distribution in India,power-distribution-India-dp.pdf,https://www.teriin.org/sites/default/files/2021-08/power-distribution-India-dp.pdf,Download,2021-08-05T11:52:28+00:00,2021-08,managed_path_month,True,2021-08-05 11:52:28,False,False,True
inbody:0e1ffd60fea30c56485a04c5be397d4092a3f1c4,inbody,policy_brief,a5ec3678-75c6-4c39-a88c-143368e2f329,Co-innovation of low-carbon technologies for SMES: A framework for strengthening technology cooperation between Japan and India,co-innovation_SME.pdf,https://www.teriin.org/sites/default/files/2021-08/co-innovation_SME.pdf,Download,2021-08-11T05:35:10+00:00,2021-08,managed_path_month,True,2021-08-11 05:35:10,False,False,True
inbody:c8d2ad4af35f636265079f4b5b9871d15fd5ea0a,inbody,policy_brief,38a27de0-f7c3-4197-83df-a4c96eb6ab4f,Emerging Role of Blue Finance in the Asia-Pacific Region,Emerging_Role_of_Blue-Finance.pdf,https://www.teriin.org/sites/default/files/files/Emerging_Role_of_Blue-Finance.pdf,Download,2021-10-29T09:42:07+00:00,,unmanaged_no_file_entity,True,2021-10-29 09:42:07,False,False,True
inbody:1e4bc9f7c7906714e4bc03cb97c66de580a6f476,inbody,policy_brief,bc648088-3d96-4d97-a558-9aa9d5363e54,Carbon Offsetting and Reduction Scheme for International Aviation (CORSIA) and Indian Aviation Industry,Carbon-Offsetting-and-Reduction-Scheme.pdf,https://teriin.org/sites/default/files/files/Carbon-Offsetting-and-Reduction-Scheme.pdf,Download,2021-11-02T04:46:12+00:00,,unmanaged_no_file_entity,True,2021-11-02 04:46:12,False,False,True
,inbody,policy_brief,4fd4f177-b408-42ed-937e-bd07800110ee,Contamination of Heavy Metals in India,heavy-metals-report.pdf,/sites/default/files/2021-11/heavy-metals-report.pdf,Download,2021-11-25T09:21:44+00:00,2021-11,managed_path_month,False,,False,False,True
inbody:6169c11060c4c143e0236ab695a032dc4e3b56f5,inbody,policy_brief,872c6846-1990-4faa-b296-f30d75baa6ab,Developing Rail Freight Terminals: Energizing Private Partnerships,pvt-partnerships-freight-terminals.pdf,https://www.teriin.org/sites/default/files/2022-02/pvt-partnerships-freight-terminals.pdf,Download,2022-02-15T10:23:01+00:00,2022-02,managed_path_month,True,2022-02-15 10:23:01,False,False,True
inbody:7ca203542452d5c5241b65a269d57efcabbba099,inbody,policy_brief,106821d5-5993-485c-9bbe-3d644a4195d0,Moving towards Aggregation: Freight Forwarder Scheme of Railways,freight-forwarder-scheme.pdf,https://www.teriin.org/sites/default/files/2022-02/freight-forwarder-scheme.pdf,Download,2022-02-15T10:53:21+00:00,2022-02,managed_path_month,True,2022-02-15 10:53:21,False,False,True
inbody:70c4a750ae581424efc32a96bc2422a21ef100db,inbody,policy_brief,8568a684-765d-4a71-992a-3ca6d99eab9d,Transitioning to a Low Carbon Technology for the Road Transport in India,transitioning-to-low carbon.pdf,https://www.teriin.org/sites/default/files/2022-03/transitioning-to-low carbon.pdf,Download,2022-03-14T10:19:35+00:00,2022-03,managed_path_month,True,2022-03-14 10:19:35,False,False,True
inbody:84dcef90c8feb017d20ae7231d869d745e6498eb,inbody,policy_brief,09cb4256-812f-4f10-96c4-9b9d9b43da13,Joint Crediting Mechanism and Article 6 of the Paris Agreement: Strengthening Japan-India Technology Collaboration,joint-Crediting-Mechanism-and-Article.pdf,https://www.teriin.org/sites/default/files/2022-03/joint-Crediting-Mechanism-and-Article.pdf,Download,2022-07-01T04:27:18+00:00,2022-03,managed_path_month,True,2022-07-01 04:27:18,False,False,True
inbody:2e872a6bdef02bd848548bfdc6ed0ddc64b323a1,inbody,policy_brief,2f7ed5ea-7e4d-434d-b555-9bb43c2667a4,Battery Electric Technology In The Heavy-Duty Vehicle Segment,Booklet_Final_high_resolution.pdf,https://www.teriin.org/sites/default/files/files/Booklet_Final_high_resolution.pdf,Download,2022-07-08T06:27:06+00:00,,unmanaged_no_file_entity,True,2022-07-08 06:27:06,False,False,True
,inbody,policy_brief,bb757f23-a5a1-4ba1-8d8f-13a7b0d8c9a7,Road to Sharm El-Sheikh: Towards Equity and Climate Justice,Road_to_Sharm_el-Sheikh_Policy_Brief_2022.pdf,https://www.teriin.org/sites/default/files/files/Road_to_Sharm_el-Sheikh_Policy_Brief_2022.pdf,Download,2022-11-07T08:53:34+00:00,,unmanaged_no_file_entity,False,,True,False,True
inbody:da4c67a0602336857ab3b05a4df32c27684bd794,inbody,policy_brief,cee29919-7405-43ce-bc22-cbe576317e0e,Internationalizing Lifestyles For Environment: Messages For G20,Act4Earth_PolicyBrief_Sustainable_consumption_Lifestyles.pdf,https://www.teriin.org/sites/default/files/files/Act4Earth_PolicyBrief_Sustainable_consumption_Lifestyles.pdf,Download,2023-01-03T04:37:41+00:00,,unmanaged_no_file_entity,True,2023-01-03 04:37:41,False,False,True
inbody:b2f47a656347ec247963bbc8b96d92e1b1e6106e,inbody,policy_brief,351c94fd-f317-4aab-a424-9075c9483723,Oceans-Climate Interface: Implications For Global Commons Based Climate Action,Act4Earth_PolicyBrief_Ocean_Climate_Interface.pdf,https://www.teriin.org/sites/default/files/files/Act4Earth_PolicyBrief_Ocean_Climate_Interface.pdf,Download,2023-01-03T05:33:02+00:00,,unmanaged_no_file_entity,True,2023-01-03 05:33:02,False,False,True
inbody:144bcef70abd1045b453a42c0c37e63a51ce3240,inbody,policy_brief,137c30f0-fcaa-43c6-ab24-a057037af584,Inclusive Energy Transitions: Messages For The G20 Forum,WSDS_SDG_7_Policy_Brief_2022_Inclusive_energy_transitions.pdf,https://www.teriin.org/sites/default/files/files/WSDS_SDG_7_Policy_Brief_2022_Inclusive_energy_transitions.pdf,Download,2023-01-03T06:48:47+00:00,,unmanaged_no_file_entity,True,2023-01-03 06:48:47,True,False,True
inbody:d1ec2590c67e6be9da5a2191cde2c12f72a0bba2,inbody,policy_brief,92fefa84-03d4-411f-b86b-1c6149a97c95,"An Assessment of Avoided CO2 Emissions during Construction, Maintenance and Operation of National Highways",NH_Emission_Avoided_report_for_printing-2.pdf,https://www.teriin.org/sites/default/files/files/NH_Emission_Avoided_report_for_printing-2.pdf,Download,2023-02-22T05:42:54+00:00,,unmanaged_no_file_entity,True,2023-02-22 05:42:54,False,False,True
inbody:f594f7cd8d65e31dc01c0c93be80cd6665201f99,inbody,policy_brief,47604580-bc75-4317-bf4d-81f09a119e94,‘Air to Water’ technology - offering potential to achieve Water for All,Discussion_Paper_Air_to_Water.pdf,https://www.teriin.org/sites/default/files/files/Discussion_Paper_Air_to_Water.pdf,Download,2023-03-28T07:16:58+00:00,,unmanaged_no_file_entity,True,2023-03-28 07:16:58,False,False,True
inbody:b737be6f68e626dc19bd44fa33a2d23eeefe76fd,inbody,policy_brief,4b069eb5-094e-4a3b-a7bc-d50f284c3c38,Harnessing the Potential of Bio-Resources to Produce Low Carbon Bio-Hydrogen,Technical_paper_on_Biohydrogen.pdf,https://www.teriin.org/sites/default/files/files/Technical_paper_on_Biohydrogen.pdf,Download,2023-06-08T10:32:22+00:00,,unmanaged_no_file_entity,True,2023-06-08 10:32:22,False,False,True
inbody:508edc8ebc7de81e980a441c24447d4eaa3e5500,inbody,policy_brief,3d632bf3-735d-46a8-b40d-73b03750bc29,Road to Dubai and the Global Goal on Adaptation,1700736599COP28-GGA%20Policy%20Brief_ISBN-web.pdf,https://www.teriin.org/sites/default/files/2023-11/1700736599COP28-GGA%20Policy%20Brief_ISBN-web.pdf,Download,2023-11-24T04:43:17+00:00,2023-11,managed_path_month,True,2023-11-24 04:43:17,False,False,True
inbody:feea2a347a8a663aec1e54a5e2344a7fd00bc942,inbody,policy_brief,798ff5e6-044a-4894-b8ae-9a1793d31fde,"Just Energy Transition Partnerships, Climate Action, and Minilateralism ",JETP_Policy%20Brief-web.pdf,https://www.teriin.org/sites/default/files/2023-11/JETP_Policy%20Brief-web.pdf,Download,2023-11-24T05:06:39+00:00,2023-11,managed_path_month,True,2023-11-24 05:06:39,False,False,True
inbody:b65baa7fbccaabe382431b372206896f403419d5,inbody,policy_brief,1f762670-2786-4bca-8ac3-51bd8e7b0b1f,Enhancing India’s Biofuels Program: Examining the Role of Oxyfuels in India’s Clean Fuel Transition,ACFA_Report_2023.pdf,https://teriin.org/sites/default/files/files/ACFA_Report_2023.pdf,Download,2023-11-28T11:08:57+00:00,,unmanaged_no_file_entity,True,2023-11-28 11:08:57,True,False,True
,inbody,policy_brief,d9cb337b-6580-419d-854a-8e5a8c6d2010,Discussion paper on Operationalization of the Loss and Damage Fund: Challenges and Opportunities,Loss%20and%20Damage%20Discussion%20Paper%20-%20updated.pdf,https://teriin.org/sites/default/files/2023-11/Loss%20and%20Damage%20Discussion%20Paper%20-%20updated.pdf,Download,2023-11-29T08:15:20+00:00,2023-11,managed_path_month,False,,False,False,True
,inbody,policy_brief,96c74dfe-14ad-42b0-974b-989ce588225f,Internationalizing Lifestyles For Sustainable Development,LiFE-SDG_Charter_web.pdf,https://teriin.org/sites/default/files/2023-12/LiFE-SDG_Charter_web.pdf,Download,2023-12-02T15:08:50+00:00,2023-12,managed_path_month,False,,False,False,True
,inbody,policy_brief,b96e44ff-0c32-45d6-b495-621a1d9db5d0,Advancing Environmental and Climate Goals Through a Multidimensional Model of Green Budgeting,GB-SDG-Charter_web.pdf,https://teriin.org/sites/default/files/2023-12/GB-SDG-Charter_web.pdf,Download,2023-12-04T05:27:51+00:00,2023-12,managed_path_month,False,,False,False,True
inbody:c5c4e9efb1c7281318eb258678f4d32acfeef7b4,inbody,policy_brief,f4a94fc8-8ea4-4087-b3a2-e9e0aab2317a,Benchmarking Industrial Water Use Efficiency in India: Opportunities for Water-Intensive Industries,Benchmarking_Industrial_Water_Use_Efficiency_in_India.pdf,https://teriin.org/sites/default/files/files/Benchmarking_Industrial_Water_Use_Efficiency_in_India.pdf,Download,2024-02-08T12:09:13+00:00,,unmanaged_no_file_entity,True,2024-02-08 12:09:13,False,False,True
inbody:d58552d1a8127b63b5c25832a97cf23963723845,inbody,policy_brief,04fa5b91-c8d1-4226-8eb7-35a16bb6a9ac,Integration of TADOX® technology to achieve net zero in textile wastewater treatment: Policy recommendations based on pilot study in a CETP,Policy_Brief_on_Net_Zero_in_Textile_Wastewater_Treatment.pdf,https://teriin.org/sites/default/files/files/Policy_Brief_on_Net_Zero_in_Textile_Wastewater_Treatment.pdf,Download,2024-02-08T13:06:00+00:00,,unmanaged_no_file_entity,True,2024-02-08 13:06:00,False,False,True
,inbody,policy_brief,55328ce3-82a2-4b40-89bc-a6fc1dae3369,Assessment of Bio-CNG as a Vehicular Fuel in India,Assessment_of_Bio_CNG_as_a_Vehicular_Fuel_in_India.pdf,https://teriin.org/sites/default/files/2024-02/Assessment_of_Bio_CNG_as_a_Vehicular_Fuel_in_India.pdf,Download,2024-02-13T06:35:35+00:00,2024-02,managed_path_month,False,,False,False,True
,inbody,policy_brief,7baccf12-187c-400e-b2fa-4fa9ea04e549,Climate Resilience in Water Resource Management in India: A Conceptual Framework for Action,Discussion_Paper_Climate_Resilience_in_Water_Resource_Management_in_India.pdf,https://teriin.org/sites/default/files/2024-09/Discussion_Paper_Climate_Resilience_in_Water_Resource_Management_in_India.pdf,Download,2024-09-18T08:58:55+00:00,2024-09,managed_path_month,False,,False,False,True
,inbody,policy_brief,e2ed918e-4c84-492a-9890-bfa8fc040f78,"Sustainable Organic Waste Management : A Playbook for Lucknow, India",RMI_WasteMAP_Lucknow_Playbook.pdf,https://teriin.org/sites/default/files/2024-09/RMI_WasteMAP_Lucknow_Playbook.pdf,Download,2024-09-23T08:04:55+00:00,2024-09,managed_path_month,False,,False,False,True
inbody:1c0e744379bfd64e4bdaf628b0a2180b47ccd6a2,inbody,policy_brief,8a03ac91-d8de-4d66-8320-87a9a6762783,Internationalizing Sustainable Lifestyles for Climate Justice,LiFE_COP29_Compass_ISBN.pdf,https://www.teriin.org/sites/default/files/2024-09/LiFE_COP29_Compass_ISBN.pdf,Download,2024-09-27T08:50:00+00:00,2024-09,managed_path_month,True,2024-09-27 08:50:00,False,False,True
,inbody,policy_brief,ad074197-e7d9-415e-b74d-01616c598ee2,Synergies between Climate Action and SDGs: Implications for Multilateralism,SDG_Climate_synergies_ISBN.pdf,https://teriin.org/sites/default/files/2024-10/SDG_Climate_synergies_ISBN.pdf,Download,2024-10-03T11:22:01+00:00,2024-10,managed_path_month,False,,False,False,True
,inbody,policy_brief,435e7517-f469-405d-9f26-a669d48a4101,Road to Baku: The New Collective Quantified Goal on Climate Finance,COP29_NCQG_with%20ISBN.pdf,https://teriin.org/sites/default/files/2024-10/COP29_NCQG_with%20ISBN.pdf,Download,2024-10-15T04:59:59+00:00,2024-10,managed_path_month,False,,False,False,True
,inbody,policy_brief,2f610ad2-6aca-4560-8c71-f42d42584435,Green Hydrogen - Path to Decarbonization,Hydrogen%20Policy%20Brief_Final.pdf,https://teriin.org/sites/default/files/2024-11/Hydrogen%20Policy%20Brief_Final.pdf,Download,2024-11-07T09:48:17+00:00,2024-11,managed_path_month,False,,False,False,True
inbody:80ee6ba4d6e35aa3151110d3f776e897bab45e14,inbody,policy_brief,f5d7666d-64e9-4192-ad56-71b6ecd68edc,"A Transformative Global Goal on Adaptation: Scope, Science and Policy",A_Transformative_Global_Goal_New_File.pdf,https://teriin.org/files/A_Transformative_Global_Goal_New_File.pdf,Download,2024-11-12T06:25:02+00:00,,unmanaged_no_file_entity,True,,False,False,True
inbody:3f9beb6adf160b494a720cb854a401515971e003,inbody,policy_brief,c51754d3-5445-4424-92e3-609f28f6ab40,Emissions and Consumption: An Approach to Climate Justice,Paper_Consumption.pdf,https://teriin.org/files/Paper_Consumption.pdf,Download,2024-11-12T11:34:11+00:00,,unmanaged_no_file_entity,True,2024-11-12 11:34:11,False,False,True
inbody:05dc94168469db474fa77b0e9ba34c413e5105b8,inbody,policy_brief,1a21d5f0-f0c9-4f34-8aa0-ed99343033c0,Biodiversity and Land Restoration in India: A Narrative of India's Sustainability Efforts Vis-à-vis the World,Paper_BLR.pdf,https://teriin.org/files/Paper_BLR.pdf,Download,2024-11-12T11:58:54+00:00,,unmanaged_no_file_entity,True,2024-11-12 11:58:54,False,False,True
inbody:eb73888bd806622c9ea50e91f0bc027e1ec1b7d5,inbody,policy_brief,8b12029d-f422-4308-9ec5-8762ee38531c,Financing Just Transition: Synergies between NCQG and JTWP,Financing_Just_Transition_Synergizing_NCQG_and_JTWP.pdf,https://teriin.org/files/Financing_Just_Transition_Synergizing_NCQG_and_JTWP.pdf,Download,2024-11-18T06:56:52+00:00,,unmanaged_no_file_entity,True,2024-11-18 06:56:52,False,False,True
inbody:bb1f2c2b6b6f1117ceefde9cc459c8121f959e17,inbody,policy_brief,37470328-f7fa-4425-9ec3-fed3f5b3e6a2,Pathways for the Indian Steel Sector: Realizing low carbon industrial clusters in eastern India through a place-based approach,Pathways-for-Indian-steel-sector.pdf,https://teriin.org/files/Pathways-for-Indian-steel-sector.pdf,Download,2025-04-17T08:44:13+00:00,,unmanaged_no_file_entity,True,2025-04-17 08:44:13,False,False,True
inbody:400aaa3650ec9feca9c56008e95ae6b1bba8bce4,inbody,policy_brief,2d436e70-e4f2-4de3-9158-0de70c8e737f,Shifting Gears Towards Cleaner Air: Modernizing Urban Fleets for a Greener Future in India’s Million-Plus Cities,Shifting_Gears_Towards_Cleaner_Air.pdf,https://teriin.org/files/Shifting_Gears_Towards_Cleaner_Air.pdf,Download,2025-04-23T09:27:31+00:00,,unmanaged_no_file_entity,True,2025-04-23 09:27:31,False,False,True
inbody:4dac8374cddb24b5bd791068e8ad8152ca3dd13b,inbody,policy_brief,e9c3e400-66c7-41fb-b935-e5d0382a7a32,Knowledge Paper On Powering Progress: Unlocking the Energy Potential of Eastern and North-Eastern India,Knowledge-Paper-Energy-Transition.pdf,https://teriin.org/files/Knowledge-Paper-Energy-Transition.pdf,Download,2025-05-22T11:03:38+00:00,,unmanaged_no_file_entity,True,2025-05-22 11:03:38,False,False,True
inbody:1644595259db3d1e70ac4e418edd0f1195ab4ef8,inbody,policy_brief,6c9f4544-ddec-4fa6-8c71-80f14b5b4f88,Towards A Greener Tomorrow: White Paper on Indo-Dutch Opportunities for the Biotransition,Towards-A-Greener-Tomorrow.pdf,https://teriin.org/files/Towards-A-Greener-Tomorrow.pdf,Download,2025-05-27T05:29:24+00:00,,unmanaged_no_file_entity,True,2025-05-27 05:29:24,False,False,True
inbody:c17b3aaed6b7c41e9f43f5135237b68936b16d0d,inbody,policy_brief,1e81dd8d-c905-4d70-b719-26851a46b520," Assessing the Economic Viability and Environmental Benefits of Treating Market Waste Using Anaerobic Digestion: A Case Study of Koyambedu Market in Chennai, India",Koyambedu-TEA-Final.pdf,https://teriin.org/sites/default/files/files/Koyambedu-TEA-Final.pdf,Download,2025-06-27T06:35:19+00:00,,unmanaged_no_file_entity,True,2025-06-27 06:35:19,False,False,True
inbody:7245b7967808ab9ab5269521fd6372a13535605d,inbody,policy_brief,a997a29a-00af-4406-86d6-2c1f2bea0f78,ENHANCING THE EFFECTIVENESS OF BLENDED FINANCE FOR CLIMATE ACTION IN INDIA,Discussion-paper-Blended-Finance-for-Climate-Action-in-India.pdf,https://teriin.org/sites/default/files/files/Discussion-paper-Blended-Finance-for-Climate-Action-in-India.pdf,Download,2025-06-30T10:09:29+00:00,,unmanaged_no_file_entity,True,2025-06-30 10:09:29,False,False,True
inbody:1befeee74b95619603c7f55ab129056a96a7b31d,inbody,policy_brief,c4da5d5f-666a-4068-9290-8a3b6a7f5e6f,Reassessment of Solar Potential in India: A Macro-level Study,Solar_Potential_V1.pdf,https://teriin.org/sites/default/files/files/Solar_Potential_V1.pdf,Download,2025-07-15T11:36:44+00:00,,unmanaged_no_file_entity,True,2025-07-15 11:36:44,False,False,True
inbody:9f3bbfd792623672502494d5f3a119b1d1993962,inbody,policy_brief,e28747fc-2a95-4105-86a9-42e184c70cc9,Energy Efficiency Options in Electric Arc Furnaces- Best Practices and Technologies,Energy-Efficiency-options-in-Electric-Arc-Furnaces-Best-Practices-and-Technologies.pdf,https://teriin.org/files/Energy-Efficiency-options-in-Electric-Arc-Furnaces-Best-Practices-and-Technologies.pdf,Download,2025-07-18T06:08:56+00:00,,unmanaged_no_file_entity,True,2025-07-18 06:08:56,False,False,True
inbody:caa35897011b62cbe140fbd10ec295d6b5d9a811,inbody,policy_brief,3a5c838c-f623-48ee-8a9a-95e768024664,Decarbonization of Iron Ore Pellet Manufacturing Industry,Technical-Report-on-Decarbonization-of-Iron-Ore-Pellet-Manufacturing-Industry.pdf,https://teriin.org/files/Technical-Report-on-Decarbonization-of-Iron-Ore-Pellet-Manufacturing-Industry.pdf,Download,2025-07-18T06:13:39+00:00,,unmanaged_no_file_entity,True,2025-07-18 06:13:39,False,False,True
inbody:ed5e7453239547032df1d42e3fcc293fef38abbb,inbody,policy_brief,3ad31a33-c3dd-40fb-bb35-1299c8406315,Technology Ready Reckoner for Low Emission Ironmaking- Suitability to India,Technology-Ready-Reckoner-for-Low-Emission-Ironmaking-Suitability-to-India.pdf,https://teriin.org/files/Technology-Ready-Reckoner-for-Low-Emission-Ironmaking-Suitability-to-India.pdf,Download,2025-07-18T06:20:18+00:00,,unmanaged_no_file_entity,True,2025-07-18 06:20:18,False,False,True
inbody:9bcab454a36d35f9c909d367545fe7eabad95491,inbody,policy_brief,6b370d7c-dd39-46db-bd1a-1145bca58f0e,EV Charging in India: Ecosystem Perspectives and Skilling Opportunities,EV-Charging-in-India-Ecosystem-Perspectives-and-Skilling-Opportunities.pdf,https://teriin.org/files/EV-Charging-in-India-Ecosystem-Perspectives-and-Skilling-Opportunities.pdf,Download,2025-09-03T08:59:42+00:00,,unmanaged_no_file_entity,True,2025-09-03 08:59:42,False,False,True
inbody:46ca997018ace303348978b940e10f974a2dd126,inbody,policy_brief,80bd4f12-3c7b-4aef-a1d0-49564f318a67,Let’s Electrify- Accelerating Electric Vehicle Adoption and Awareness in India,Lets_Electrify_Full_paper.pdf,https://teriin.org/files/Lets_Electrify_Full_paper.pdf,Download,2025-09-09T05:00:50+00:00,,unmanaged_no_file_entity,True,2025-09-09 05:00:50,False,False,True
inbody:75d2fcf629e8c0ef74710639c89eb24bd4e9b977,inbody,policy_brief,a1ca094a-591b-40d5-928f-fbe5c105c119,Solar With Storage Is Cheaper Than New Thermal,Solar_Plus_Storage_Cost_Analysis_Paper.pdf,https://teriin.org/files/Solar_Plus_Storage_Cost_Analysis_Paper.pdf,Read More,2025-10-15T10:51:16+00:00,,unmanaged_no_file_entity,True,2025-10-15 10:51:16,False,False,True
inbody:3b520d83620b3c086084d9f4ee615380c3d4efe9,inbody,policy_brief,a1ca094a-591b-40d5-928f-fbe5c105c119,Solar With Storage Is Cheaper Than New Thermal,Solar_Plus_Storage.pdf,https://teriin.org/sites/default/files/2025-10/Solar_Plus_Storage.pdf,Presentation,2025-10-15T10:51:16+00:00,2025-10,managed_path_month,True,2025-10-15 10:51:16,False,False,True
inbody:30f2695acb43d33145723137c633c22452ba45b2,inbody,policy_brief,36961dd6-cf65-4dfa-aca6-cef71c843526,Re-anchoring CBDR-RC in Human Development and SDGs for Climate Justice,SDG-Charter-2025-updated.pdf,https://teriin.org/files/SDG-Charter-2025-updated.pdf,Download,2025-11-07T05:25:06+00:00,,unmanaged_no_file_entity,True,2025-11-07 05:25:06,True,False,True
inbody:ee1a1bd9e90733c81af908e45ded6c61781c235f,inbody,policy_brief,ed44ddc9-474a-43c4-8bb6-f2705ffb8053,BIPV in Action: Global Climate Case Study Compendium,Global-Case-Study-Booklet-2025-Global-South.pdf,https://teriin.org/sites/default/files/files/Global-Case-Study-Booklet-2025-Global-South.pdf,Download,2025-11-20T10:50:24+00:00,,unmanaged_no_file_entity,True,2025-11-20 10:50:24,True,False,True
inbody:6398fff2ddb118a32c61febc4990712c35d37e1a,inbody,policy_brief,b3535bd3-a394-4641-beb0-71e21427a71e,Skilling for an EV-Ready India A Roadmap for 2047,Skilling-for-an-EV-ready.pdf,https://teriin.org/sites/default/files/files/Skilling-for-an-EV-ready.pdf,Download,2026-01-05T04:58:07+00:00,,unmanaged_no_file_entity,True,2026-01-05 04:58:07,False,False,True
inbody:86b0ee309f9f8a3e56f7700f1fe7ab528b18a83c,inbody,policy_brief,f0f9e576-bf3c-4a6c-93c2-6f8e88f0022b,Policy Brief: Roadmap for Zero Emission Truck (ZET) Skilling in India,ZET-Skilling-in-India-TERI.pdf,https://teriin.org/sites/default/files/files/ZET-Skilling-in-India-TERI.pdf,Download,2026-01-05T05:06:39+00:00,,unmanaged_no_file_entity,True,2026-01-05 05:06:39,False,False,True
inbody:248619ed40f964982fbfe6dc133cab5bbcd35c42,inbody,policy_brief,3f91dbed-2709-469e-9ae8-5e26c82b2d81,From Fuel Economy to Clean Air: Strengthening Corporate Average Fuel Efficiency (CAFE) Norms for Passenger Vehicles in India,Strengthening-CAFE-Norms-for-Passenger-Vehicles-in-India.pdf,https://teriin.org/sites/default/files/files/Strengthening-CAFE-Norms-for-Passenger-Vehicles-in-India.pdf,Download,2026-01-27T11:20:06+00:00,,unmanaged_no_file_entity,True,2026-01-27 11:20:06,False,False,True
inbody:1e8c2359271469759f0d17d9e5813772c759891e,inbody,policy_brief,802bfd46-9a26-43a4-bcc7-647c623abcd4,Clean Freight Program: Baseline Study (Phase-II),TERI_Clean_Freight_Program_Report.pdf,https://teriin.org/sites/default/files/files/TERI_Clean_Freight_Program_Report.pdf,Download,2026-02-10T04:21:35+00:00,,unmanaged_no_file_entity,True,2026-02-10 04:21:35,False,False,True
inbody:f3424af37de667812a5db3e656519af2f4b7216a,inbody,policy_brief,1169d1af-2e07-47da-994f-6f71fcdc0c02,Energy Efficiency in Steel Sector: A Comprehensive Review of Best Available Technologies.,Energy-Efficiency-in-Steel-Sector.pdf,https://teriin.org/sites/default/files/files/Energy-Efficiency-in-Steel-Sector.pdf,Download,2026-03-03T08:42:34+00:00,,unmanaged_no_file_entity,True,2026-03-03 08:42:34,False,False,True
inbody:9056fd6664d62a5f891d838a07c9ee7796051363,inbody,policy_brief,39360ecc-576c-4b80-8e91-97dc7ac4dbaa,FRAMEWORK FOR AGRIPV DPR DEVELOPMENT,AgriPV_DPR_Framework.pdf,https://teriin.org/sites/default/files/files/AgriPV_DPR_Framework.pdf,Download,2026-03-31T06:31:28+00:00,,unmanaged_no_file_entity,True,2026-03-31 06:31:28,False,False,True
inbody:9f7d749fb6d50bcba1f9fff8ff473a1654614992,inbody,policy_brief,97a6f920-779e-4f8b-86cd-ece45c7cac15,"RESPONSIBLE AGRI PV: BASELINE ASSESSMENT REPORT Renkube Plant, Telangana",RA-PV-Baseline-Assessment-Report-Telangana-1.pdf,https://teriin.org/sites/default/files/files/RA-PV-Baseline-Assessment-Report-Telangana-1.pdf,Download,2026-04-06T04:37:11+00:00,,unmanaged_no_file_entity,True,2026-04-06 04:37:11,False,False,True
inbody:bb888449d6e827c3143c3f0bff3ec69079b44528,inbody,policy_brief,6a3506e2-8f39-4a3e-a0de-32230cdc8de7,Valuation of Ecosystem Services (Wealth Accounting) and Assessment of Payment for Ecosystem Services,Bangladesh-ESV-Final_Report.pdf,https://teriin.org/sites/default/files/files/Bangladesh-ESV-Final_Report.pdf,Download,2026-04-20T05:16:21+00:00,,unmanaged_no_file_entity,True,2026-04-20 05:16:21,False,False,True
inbody:a6a15c84f5001547fb786d0fe4dd9cfc74dc2d58,inbody,policy_brief,280770ce-8e18-4ae7-b29e-78eb7111273d,Critical Mineral Security: The Circular Pathway,Critical-Mineral-Security-The-Circular-Pathway.pdf,https://teriin.org/sites/default/files/files/Critical-Mineral-Security-The-Circular-Pathway.pdf,Download,2026-04-29T09:43:19+00:00,,unmanaged_no_file_entity,True,2026-04-29 09:43:19,False,False,True
inbody:012683ed628fb1bc8a71a2f6020c9dc7c0d6c630,inbody,policy_brief,727e791c-f6a5-47be-aa90-ce7828ba49b5,Study on Implementation of Compensatory Afforestation in India,Report_Study_on_Compensatory_Afforestation.pdf,https://teriin.org/sites/default/files/files/Report_Study_on_Compensatory_Afforestation.pdf,Download,2026-05-12T07:00:55+00:00,,unmanaged_no_file_entity,True,2026-05-12 07:00:55,False,False,True
inbody:7adb9a7f075cb692ff28c16413cf54a272679c0c,inbody,policy_brief,08294b89-a641-4acd-b2ba-289064dcb7a0,Advanced Green Fuels for Maritime Application-Road Map for India,Advanced-Green-fuels-for-Maritime.pdf,https://teriin.org/sites/default/files/files/Advanced-Green-fuels-for-Maritime.pdf,Download,2026-05-13T07:15:14+00:00,,unmanaged_no_file_entity,True,2026-05-13 07:15:14,False,False,True
inbody:2116ad960c440554bc26d76799d17860e9dc12ef,inbody,policy_brief,0e10eb01-7070-45d2-b9f0-59764216794a,Research Study on Retailer Behaviour and Psychology towards Returning Rigid Plastic Containers for Reuse,WeCARE_Report.pdf,https://teriin.org/sites/default/files/files/WeCARE_Report.pdf,Download,2026-05-13T07:22:46+00:00,,unmanaged_no_file_entity,True,2026-05-13 07:22:46,False,False,True
inbody:9d69505963c19333fa39ae3b7f5a08c85cee2ac9,inbody,policy_brief,ea40133f-b34c-4ac7-b02b-0da92afb00ab,"Green Port Performance Index (GPPI) Measuring Progress, Powering Green Transformation",Green_Ports_Performance_Index__GPPI__2025.pdf,https://teriin.org/sites/default/files/files/Green_Ports_Performance_Index__GPPI__2025.pdf,Download,2026-05-14T05:39:18+00:00,,unmanaged_no_file_entity,True,2026-05-14 05:39:18,True,False,True
inbody:6d550090b2b20c9cc88d98856e97a3565b7f1f2c,inbody,policy_brief,b7d6a816-1e52-4b3b-b42c-7a73eeef47fd,India's Maritime Green Shift: Pioneering Energy Transition and Pollution Control,Navic_Cell_Report_Final_file_with_cover.pdf,https://teriin.org/sites/default/files/files/Navic_Cell_Report_Final_file_with_cover.pdf,Download,2026-05-14T05:45:08+00:00,,unmanaged_no_file_entity,True,2026-05-14 05:45:08,False,False,True
inbody:f4acb958feed4778f8ed1cdc691aa2fd388547e2,inbody,policy_brief,0a893e43-c90a-4a2a-9617-599a92d204ed,Advanced Green Fuels for Maritime Application-Road Map for India (Part A),Advanced-Green-fuels-for-Maritime-Part-A-Book.pdf,https://teriin.org/sites/default/files/files/Advanced-Green-fuels-for-Maritime-Part-A-Book.pdf,Download,2026-05-14T06:21:21+00:00,,unmanaged_no_file_entity,True,2026-05-14 06:21:21,False,False,True
inbody:fd0e3a6555b5812bac45c5d59fd55a72c10b0a8f,inbody,policy_brief,349ea25d-30d9-4315-94d9-dab2082d6592,Modeling for Climate Finance,Modelling_for_Finance_TERI.pdf,https://teriin.org/sites/default/files/files/Modelling_for_Finance_TERI.pdf,Download,2026-05-14T11:05:40+00:00,,unmanaged_no_file_entity,True,2026-05-14 11:05:40,False,False,True
inbody:7df7067485dd743d7f59e4311d5d5d563efb0756,inbody,policy_brief,15f12579-c3d9-4453-be40-dc78a7370856,Advanced Green Fuels for Maritime Application- Roadmap for India (Part A),Advanced-Green-fuels-for-Maritime-Executive-Summary.pdf,https://teriin.org/sites/default/files/files/Advanced-Green-fuels-for-Maritime-Executive-Summary.pdf,Download,2026-05-21T04:06:48+00:00,,unmanaged_no_file_entity,True,2026-05-21 04:06:48,False,False,True
inbody:7345e601195ad459299e4919af68b0581032ea63,inbody,policy_brief,8d90ecfc-2213-4c62-929b-b0c45dfd7683,Feasibility Study of Energy Access for Enterprise Promotion,Feasibilty-Study.pdf,https://teriin.org/sites/default/files/files/Feasibilty-Study.pdf,Download,2026-05-21T07:18:50+00:00,,unmanaged_no_file_entity,True,2026-05-21 07:18:50,False,False,True
inbody:5fefe08a05bdbd98655d350931fd38bb065c730c,inbody,policy_brief,3c76bd30-d43c-4f37-b101-8ba5e8137362,Indian Armed Forces and Environmental Sustainability: A Comprehensive Assessment of Simulators in ‘Green Training’,Zen_Report.pdf,https://teriin.org/sites/default/files/files/Zen_Report.pdf,Download,2026-05-27T07:07:54+00:00,,unmanaged_no_file_entity,True,2026-05-27 07:07:54,False,False,True
inbody:570c514234531a447160b944f7c29a2e5b64c29f,inbody,policy_brief,e5b1f46e-0a1b-43a5-a300-02e9f3bfe286, A Five Pillar Framework for Bankability: Recalibrating India’s Commercial Finance for Climate Action,Discussion_Paper_on_Bankability.pdf,https://teriin.org/sites/default/files/files/Discussion_Paper_on_Bankability.pdf,Download,2026-05-29T06:33:36+00:00,,unmanaged_no_file_entity,True,2026-05-29 06:33:36,False,False,True
inbody:2909494a218ce2020bad3dc42326f82e1884076c,inbody,policy_brief,5a11ac34-44cc-4094-9868-ef9e159681fc,Decarbonizing Transport: Supply-side Policies & Opportunities for Uttar Pradesh,TERI_Decarbonizing_Transport.pdf,https://teriin.org/sites/default/files/files/TERI_Decarbonizing_Transport.pdf,Download,2026-06-04T09:39:56+00:00,,unmanaged_no_file_entity,True,2026-06-04 09:39:56,False,False,True
inbody:06da4dd3c16f35222ac2ae4e1d19cf3ebac5f2e3,inbody,policy_brief,eeb196ea-84eb-416c-91af-cd05fae6fd9a,Towards Cleaner Freight in Delhi,TOWARDS-CLEANER-FREIGHT-IN-DELHI-Report.pdf,https://teriin.org/sites/default/files/files/TOWARDS-CLEANER-FREIGHT-IN-DELHI-Report.pdf,Download,2026-06-29T12:13:45+00:00,,unmanaged_no_file_entity,True,2026-06-29 12:13:45,False,False,True
inbody:313ebc3bc9a9e4fd99bc85c58770a790c2c8f81b,inbody,policy_brief,bf0abbc6-3a78-4005-8b5f-ae74a92ffb77,Unlocking Solar at Scale: How Agrivoltaics Overcome Land Constraints in India’s Energy Transition,ETC-AgriPV-Standalone.pdf,https://teriin.org/sites/default/files/files/ETC-AgriPV-Standalone.pdf,Download,2026-07-06T05:29:19+00:00,,unmanaged_no_file_entity,True,2026-07-06 05:29:19,False,False,True
inbody:886095a4046dbf892af1d231218757887287c0f1,inbody,policy_brief,485727f8-66d5-428d-be6e-858c1f7a6a39,Fly Ash Utilization and Transportation- Increasing Rail Share in Fly Ash Transportation,Fly_Ash_Utilization_and_Transportation_Report_Final.pdf,https://teriin.org/sites/default/files/files/Fly_Ash_Utilization_and_Transportation_Report_Final.pdf,Download,2026-07-21T05:13:09+00:00,,unmanaged_no_file_entity,True,2026-07-21 05:13:09,False,False,True
,inbody,policy_brief,8a92ed23-54ed-466e-ae97-de06bb0d5293,Tenure Dynamics in Land Procurement in Rajasthan’s Utility-Scale Solar Energy Transition,Tenure_Dynamics_in_Land_Procurement_in_Rajasthan&apos;s_Solar_Transition_Final_Report.pdf,https://teriin.org/sites/default/files/files/Tenure_Dynamics_in_Land_Procurement_in_Rajasthan&apos;s_Solar_Transition_Final_Report.pdf,Download,2026-07-31T08:44:31+00:00,,unmanaged_no_file_entity,False,,False,False,True
inbody:7ba31424f6fa3647fb156b30cbc1fb91eec265c1,inbody,policy_brief,c837a254-0acb-4aa0-9acc-843d76fcf404,Discussion Brief: Sustainable Land Futures for Utility Scale RE Expansion in States: Case Study of Rajasthan,Sustainable_Land_Futures_for_Utility_Scale_RE_Expansion_in_Rajasthan_Discussion_Brief.pdf,https://teriin.org/sites/default/files/files/Sustainable_Land_Futures_for_Utility_Scale_RE_Expansion_in_Rajasthan_Discussion_Brief.pdf,Download,2026-07-31T08:48:15+00:00,,unmanaged_no_file_entity,True,2026-07-31 08:48:15,False,False,True
inbody:7a9ad523796b43e501f1a638fdebdf7bfa5cb491,inbody,policy_brief,b10ea3d2-1f77-4031-bd9c-14f247fc7721,SOLAR THERMAL ENERGY FOR INDUSTRIAL DECARBONIZATION,Solar-Thermal-Energy-for-Industrial-Decarbonization.pdf,https://teriin.org/sites/default/files/files/Solar-Thermal-Energy-for-Industrial-Decarbonization.pdf,Download,2026-08-05T11:08:02+00:00,,unmanaged_no_file_entity,True,2026-08-05 11:08:02,False,False,True
inbody:e8ac482515014f638ff1d47373a2f0ed204d78fd,inbody,videos,6436506d-3425-4389-9389-101ad6e9ae17,Seventeenth Darbari Seth Memorial Lecture: 'India moving to the centre stage of global energy scenario',DSML2018-presentation.pdf,http://www.teriin.org/sites/default/files/files/DSML2018-presentation.pdf,here,2018-08-30T12:22:01+00:00,,unmanaged_no_file_entity,True,2018-08-30 12:22:01,True,False,True
inbody:0740d56f6609da44a95b44ade4c0ad326b6ce233,inbody,videos,52406091-f5a8-4552-9835-a4c5c741195f,TAKE 3: National Green Hydrogen Mission,Report_on_The_Potential_Role_of_%20Hydrogen_in_India.pdf,https://www.teriin.org/sites/default/files/2021-07/Report_on_The_Potential_Role_of_%20Hydrogen_in_India.pdf,https://www.teriin.org/sites/default/files/2021-07/Report_on_The_Potential_Role_of_%20Hydrogen_in_India.pdf,2023-04-03T09:15:42+00:00,2021-07,managed_path_month,True,2023-04-03 09:15:42,False,True,True
,inbody,infographics,5caabd3d-aea7-4a72-b34f-0eb843603c9d,Understanding the health impacts of heat stress in India,guidelines-heat-wave.pdf,https://ndma.gov.in/images/guidelines/guidelines-heat-wave.pdf,https://ndma.gov.in/images/guidelines/guidelines-heat-wave.pdf,2018-06-29T07:03:51+00:00,,external_host,False,,False,False,False
,inbody,infographics,5caabd3d-aea7-4a72-b34f-0eb843603c9d,Understanding the health impacts of heat stress in India,AR5_SYR_FINAL_SPM.pdf,https://www.ipcc.ch/pdf/assessment-report/ar5/syr/AR5_SYR_FINAL_SPM.pdf,https://www.ipcc.ch/pdf/assessment-report/ar5/syr/AR5_SYR_FINAL_SPM.pdf,2018-06-29T07:03:51+00:00,,external_host,False,,False,False,False
,inbody,infographics,5caabd3d-aea7-4a72-b34f-0eb843603c9d,Understanding the health impacts of heat stress in India,ahmedabad-heat-action-plan-2017.pdf,https://www.nrdc.org/sites/default/files/ahmedabad-heat-action-plan-2017.pdf,https://www.nrdc.org/sites/default/files/ahmedabad-heat-action-plan-2017.pdf,2018-06-29T07:03:51+00:00,,external_host,False,,True,True,False
,inbody,infographics,5caabd3d-aea7-4a72-b34f-0eb843603c9d,Understanding the health impacts of heat stress in India,heat-wave-action-plan.pdf,http://www.osdma.org/Download/heat-wave-action-plan.pdf,http://www.osdma.org/Download/heat-wave-action-plan.pdf,2018-06-29T07:03:51+00:00,,external_host,False,,False,False,False
,inbody,infographics,5caabd3d-aea7-4a72-b34f-0eb843603c9d,Understanding the health impacts of heat stress in India,TELANGANAHeatActionPlan.pdf,http://www.imdhyderabad.gov.in/tssite/TELANGANAHeatActionPlan.pdf,http://www.imdhyderabad.gov.in/tssite/TELANGANAHeatActionPlan.pdf,2018-06-29T07:03:51+00:00,,external_host,False,,False,False,False
,inbody,infographics,c68e5918-0ed3-43b0-b1ee-6405c83c582c,Energy intensity and India,Energy.pdf,1http://planningcommission.gov.in/hackathon/Energy.pdf,http://planningcommission.gov.in/hackathon/Energy.pdf,2018-07-02T06:37:38+00:00,,external_host,False,,False,False,False
,inbody,infographics,c68e5918-0ed3-43b0-b1ee-6405c83c582c,Energy intensity and India,Energy.pdf,http://planningcommission.gov.in/hackathon/Energy.pdf,,2018-07-02T06:37:38+00:00,,external_host,False,,False,False,False
inbody:9c5f4d6e82c181a64f7d0b4574144f7672c99748,inbody,infographics,bea2a5fc-5ff1-40f2-90b8-6fabec35a4b1,Take me home,check-your-water-quality.pdf,http://www.teriin.org/sites/default/files/files/check-your-water-quality.pdf,Click here to download,2018-10-18T09:03:22+00:00,,unmanaged_no_file_entity,True,2018-10-18 09:03:22,False,False,True
inbody:0cd69070765bdc5fe10d6ff801f47d8619570db6,inbody,infographics,bea2a5fc-5ff1-40f2-90b8-6fabec35a4b1,Take me home,time-table-poster.pdf,http://www.teriin.org/sites/default/files/files/time-table-poster.pdf,Click here to download,2018-10-18T09:03:22+00:00,,unmanaged_no_file_entity,True,2018-10-18 09:03:22,False,False,True
inbody:5c78383e3a7b34a47813f3a8bc8c9b078103503c,inbody,infographics,ced997af-3679-4a29-9bda-cf35d2381fb4,5 reasons and solutions for air pollution in India,Air%20Pollution%20India_Ten%20Solution.pdf,http://www.teriin.org/sites/default/files/2018-03/Air%20Pollution%20India_Ten%20Solution.pdf,document available here,2018-12-28T09:25:38+00:00,2018-03,managed_path_month,True,2018-12-28 09:25:38,False,False,True
,inbody,infographics,4445ac1a-7742-4f1a-b653-4962fdc4df22,Estimating vehicular emissions from auto rickshaws plying in Bengaluru,Estimating-vehicular-emissions-from-auto-rickshaws-plying-in-Bengaluru.pdf,https://www.ijser.org/researchpaper/Estimating-vehicular-emissions-from-auto-rickshaws-plying-in-Bengaluru.pdf,click here,2019-09-13T10:00:41+00:00,,external_host,False,,False,False,False
inbody:ebaf75ae795e62dba5572e5e7e44d130d0f0ae2a,inbody,infographics,0ba6ebe5-8a87-461c-9212-07ef12328d4b,Demand side management: A low carbon pathway to meet rising electricity demand,DSM-brochure.pdf,https://www.teriin.org/sites/default/files/files/DSM-brochure.pdf,here,2020-05-22T10:32:26+00:00,,unmanaged_no_file_entity,True,2020-05-22 10:32:26,False,False,True
,inbody,infographics,52ed23ab-a543-48ec-a211-c8e6c42fe89b,Micro-Energy Enterprise Approach for Energy Access,LaBL-Energy-Acess-Infographics.pdf,http://labl.teriin.org/pdf/LaBL-Energy-Acess-Infographics.pdf,Click here to view full infographic,2020-10-14T04:57:50+00:00,,unmanaged_no_file_entity,False,,False,False,True
inbody:0bd1a7599648f2c82207c6c79df100cca528e4e7,inbody,report,5d19fc93-d4b0-40e6-add1-7db1b28d1ef2,Accelerating India's transition to renewables: Key findings from Energy Transitions Commission India,etc-key-messages-summary.pdf,http://www.teriin.org/sites/default/files/files/etc-key-messages-summary.pdf,Read more,2019-02-13T05:32:29+00:00,,unmanaged_no_file_entity,True,2019-02-13 05:32:29,False,False,True
,inbody,report,3b6e5890-29af-46a5-b89b-a9a47c13deb4,Interim report on wind and solar integration in India by 2030,73854.pdf,https://www.nrel.gov/docs/fy19osti/73854.pdf,here.,2019-08-09T08:26:10+00:00,,external_host,False,,False,False,False
