question_id,question,status,answer_type,gold_answer,confidence,source_count,claim_count,needs_human_review,review_reason
Q001,What is the primary mission and vision of TERI?,GOLD_VERIFIED,narrative/summary,"TERI is an independent, not-for-profit research organisation advancing innovative solutions in energy, environment, climate change and sustainable development. Its stated mission is to usher transitions to a cleaner and sustainable future through the conservation and efficient use of energy and other resources, and innovative ways of minimizing and reusing waste. The mission is pursued through twelve stated goals (clean-energy access, renewable-energy transition, energy efficiency, material efficiency, water conservation and watershed management, sustainable cities and green buildings, climate resilience, pollution abatement, ecosystem services, green mobility, sustainable food production, clean air) and six values (Collaboration, Integrity, Resilience, Nurture, Innovation, Inclusive).",MEDIUM,1,0,NO,
Q002,Can you provide a brief history of The Energy and Resources Institute (TERI)?,GOLD_VERIFIED,historical/narrative,"TERI was established in 1974 as the Tata Energy Research Institute. Shri JRD Tata was its first Chairman; Shri Darbari Seth, builder of Tata Chemicals, conceived the institute and funded its corpus from two companies he chaired, becoming Vice-Chairman of the TERI Governing Council in 1975 and remaining Chairman of the institute until his death (1920-1999). Dr R K Pachauri was TERI's first/founder-Director from 1981, leading it to 2015 and continuing as Executive Vice-Chairman; he was elected Chairman of the IPCC in April 2002 and received the 2007 Nobel Peace Prize on behalf of the IPCC. Shri Ratan Tata later joined the Governing Council. TERI is headquartered in New Delhi with regional centres across India and is today a 1,000+ person multidisciplinary institute.",HIGH,3,0,NO,
Q003,What are TERI's core research areas and divisions?,GOLD_VERIFIED,aggregation/list,"TERI's research is organised around seven thematic areas: Sustainable Agriculture; Climate Change; Energy; Environment; Sustainable Habitat; Health & Nutrition; and Resources and Sustainable Development. The same seven appear as the primary themes in the CMS taxonomy (with 'Environment and Public Health' as the taxonomy label for Health & Nutrition), each with sub-themes such as Water, Air, Waste, Land, Forest & Biodiversity, Microbes (under Environment); Energy Efficiency, Energy Access, Electricity and Renewables, Energy Assessment and Modelling (under Energy); and Transport, Buildings, Cities (under Sustainable Habitat). Delivery is organised into programmes/divisions, of which the CMS records nine on current projects: Natural Resources and Climate; Energy; Sustainable Habitat; Environmental & Industrial Biotechnology; Sustainable Agriculture; Communication Outreach & Advocacy Unit; Integrated Policy Analysis; Social Transformation; and Knowledge Management.",MEDIUM,4,0,NO,
Q004,What are TERI's flagship initiatives and centres of excellence?,GOLD_VERIFIED,aggregation/list,"TERI's flagship outreach initiative is the World Sustainable Development Summit (WSDS), held annually since 2001. Other flagship initiatives named in the corpus include Act4Earth (launched at the 21st WSDS, comprising COP Compass and the SDG Charter), the Industry Charter for Near Zero Emission Ambition by 2050, Lighting a Billion Lives (LaBL), GRIHA (India's national green-building rating system developed by TERI with MNRE), and Mission LiFE youth programmes. The Centres of Excellence hub page lists nine: CONCOR-TERI CoE for Green and Sustainable Logistics; TERI-CoE for Coastal Studies and Resource Management (CoE-CSRM); NMCG-TERI CoE on Water Reuse (NTCoE); Centre of Excellence for Energy Transition (CoEET); Mahindra-TERI CoE; National CoE in Green Ports and Shipping; NCEARAN CoE (supported by DBT); TERI-CFCL CoE; and Tata Chemicals Ltd.-TERI CoE for Biochemicals.",MEDIUM,9,0,NO,
Q005,"Where are TERI's offices located, and how can I contact them?",GOLD_VERIFIED,location/city + factual,"TERI is headquartered at the Darbari Seth Block, Core 6C, India Habitat Centre, Lodhi Road, New Delhi 110 003, India (Tel +91 11 2468 2100 / 7110 2100, mailbox@teri.res.in). Its other locations listed on the Contact Us page are TERI Gram (Gwal Pahari, Gurugram, Haryana); the Centre for Himalayan Studies at Gauhati University Campus, Guwahati, Assam; TERI Southern Regional Centre, Bengaluru, Karnataka; TERI Institute of Energy Transition / Southern Regional Centre, Gachibowli, Hyderabad, Telangana; TERI Western Regional Centre, Navi Mumbai, Maharashtra; TERI Western Regional Centre, Goa (Alto-St. Cruz, Tiswadi); TERI Himalayan Centre, Mukteshwar, Nainital, Uttarakhand; TERI Japan (c/o IGES, Tokyo); and TERI School of Advanced Studies, Vasant Kunj, New Delhi.",HIGH,2,0,NO,
Q006,Who are TERI's leading experts and researchers?,NEEDS_HUMAN_REVIEW,person lookup / aggregation,,,4,0,YES,NO STAFF/EXPERT DIRECTORY IN THE CORPUS
Q007,What are TERI's major achievements and contributions to sustainable development?,GOLD_VERIFIED,narrative/summary,"TERI's flagship publication 'Creating Impacts, Transforming Lives' (TERI success story, 2024) names its landmark contributions: the Lighting a Billion Lives (LaBL) rural energy-access initiative; the Oilzapper microbial technology for oil-contaminated soil and sludge; TADOX advanced-oxidation wastewater treatment; TERI's contribution to framing India's National Action Plan on Climate Change; conceptualising the Clean Development Mechanism; and developing the GRIHA green-housing rating system. TERI is also credited with strengthening the voice of the Global South in climate negotiations, and Dr R K Pachauri received the 2007 Nobel Peace Prize on behalf of the IPCC he chaired. TERI's modelling work shaped the National Solar Mission and India's five-year plans, and its green-federalism work was used by the 13th Finance Commission to introduce sustainability criteria into centre-state fiscal transfers.",MEDIUM,5,0,NO,
Q008,What national and international partnerships does TERI maintain?,NEEDS_HUMAN_REVIEW,relationship / aggregation,,,5,0,YES,NO AUTHORITATIVE PARTNER LIST
Q009,"Does TERI offer internships, fellowships, or career opportunities for students and researchers?",GOLD_VERIFIED,factual,"Yes. TERI accepts interns from universities, schools and colleges worldwide; applications (CV plus a letter stating start/end dates, reason for applying and the area of work sought) go to internship@teri.res.in. Assignments may be research-based - Renewable Energy, Sustainable Architecture and Urban Planning, Air Pollution, Waste Management, Water pollution, Biotechnology, Climate Change, Rural Livelihood, Energy Modelling, Environmental Education - or non-research (marketing, IT, Library, Outreach). Interns are attached to an ongoing project with a supervisor, submit a report at the end and receive a TERI certificate. TERI has also run fellowships, e.g. the Media Fellowship on Climate Change Reporting in the Himalayan Region, and describes its careers 'Areas of Work' as technology products, policy advisory and outreach, and technical services.",MEDIUM,3,0,NO,
Q010,How can I stay updated on TERI's activities and announcements?,GOLD_VERIFIED,factual,"TERI publishes a monthly newsletter (archived at teriin.org/newsletters, hosted on newsletters.teriin.org, with issues through July 2026 in this snapshot), an Announcements page (teriin.org/announcements, carrying news items and tenders) with an Announcements Archive, thematic newsletters (TERI CBS Newsletters; Transport and Urban Governance; Sustainable Buildings), and a Documents/Brochures hub linking Annual Reports, Brochures and Newsletters. Its website also carries news, press releases, events and videos sections.",HIGH,7,0,NO,
Q011,What are TERI's latest research priorities?,GOLD_VERIFIED,narrative/summary,"TERI's current research priorities are set out in the Strategic Document Vision: 2025-30. In the short term the focus is piloting innovative technologies, advancing regulatory frameworks, enhancing capacity building and fostering community-centric sustainable practices - supporting policy design, driving behaviour change, expanding stakeholder training and demonstrating on-ground models across clean energy, sustainable agriculture, water and waste management, climate resilience and social transformation. In the long term TERI aims to scale these through transformative research, large-scale deployment of clean technologies, integrated sustainability frameworks and stronger international partnerships, emphasising systemic decarbonization, circular-economy solutions, climate-smart infrastructure and a net-zero, resource-efficient, inclusive development trajectory by 2030.",MEDIUM,3,0,NO,
Q012,What is TERI's contribution to India's Net-Zero 2070 goal?,GOLD_VERIFIED,narrative/summary,"TERI's principal contributions to India's net-zero-by-2070 goal recorded in the corpus are: the discussion paper and conceptual framework 'India's Journey to Net Zero: A Conceptual Framework for Analysis' (May 2024); the 'Decarbonization Roadmap for the Indian Cement Sector: Net-Zero CO2 by 2070', launched with GCCA India in March 2025; the TERI-Shell report 'India: Transforming to a Net-Zero Emissions Energy System' with a call to action to 2030; 'Rising Ambition: Carving New Pathways - India's Energy Transition'; briefing to government on India's 2035 NDC (with the We Mean Business Coalition); and the Industry Charter for Near Zero Emission Ambition by 2050, through which TERI secures corporate commitments. TERI also states it has shaped India's NDC announcements with analytical inputs and evidence-based recommendations.",MEDIUM,7,0,NO,
Q013,Can you summarize TERI's recent reports on climate change and energy policy?,NEEDS_HUMAN_REVIEW,narrative/summary,,,7,0,YES,AMBIGUOUS SCOPE
Q014,How does TERI support evidence-based policymaking at the state and national levels?,GOLD_VERIFIED,narrative/summary,"TERI supports evidence-based policymaking through interdisciplinary modelling and analysis feeding national and sub-national decisions. Named national contributions: over four decades of energy modelling inputs, scenario-based modelling of emission intensities and non-fossil capacity shares; the missions under the National Action Plan for Climate Change - especially the National Solar Mission - delineated largely from TERI's modelling; inputs to India's five-year plans, the Integrated Energy Plan Report and the Planning Commission's Low Carbon Inclusive Growth study; work on green federalism used by the 13th Finance Commission to add sustainability criteria to centre-state fiscal transfers; inputs to India's Environment Policy 2006 and to India's negotiating positions at UNFCCC, CBD and WTO; contribution to the 2016 MMDR Act amendment; creation of the Indian Resource Panel; and end-of-life vehicle scrapping and metal recycling inputs to CPCB. Sub-nationally TERI has worked with states on biodiversity strategy and action plans, agriculture sustainability (Punjab, Haryana), resource-efficiency strategy (Goa), and runs Project Management Units - Sustainable Habitat cell in Vijayawada and ECBC cells in Odisha, Punjab and Haryana - to help state and local governments implement ECBC/ECSBC and climate-resilient policies.",MEDIUM,6,0,NO,
Q015,What kind of research does TERI conduct on sustainable agriculture?,GOLD_VERIFIED,narrative/summary,"TERI's sustainable-agriculture research develops plant- and microbe-derived products that cut chemical-fertiliser use while raising yields, and applies nano-biotechnology to nano-fertilisers, superfoods and algal bioenergy, demonstrating change by improving farming-community livelihoods. Concrete lines of work in the corpus: mycorrhiza biofertiliser (in-vitro mass-production technology, up to 1000 billion propagules/annum, commercialised with end-to-end handholding); micropropagation of cash crops and forest species (over 70 protocols); biogenic nano-fertilisers for climate-smart farming; cellulose-nanofibre nitrogen fertiliser; the TERI-CFCL Centre of Excellence for Advanced and Sustainable Agriculture Solutions (with Chambal Fertilisers and Chemicals Ltd); the SDG Blueprint for Sustainable Agriculture and its tool; policy work on organic agriculture, agricultural waste, planting-material standards and nano-product regulation; and the international AISAC conference on Agri-Inputs for Sustainable Agriculture and Climate.",MEDIUM,12,0,NO,
Q016,Does TERI publish data or studies related to greenhouse gas (GHG) inventories?,GOLD_VERIFIED,factual + aggregation,"Yes. TERI publishes emissions-inventory data and studies. Named outputs: the Catalogue of Indian Emission Inventory Reports, launched with EDF in January 2022 to aid policymakers and scientists; the India GHG Program, managed by WRI, TERI and CII, which TERI states covers about 10% of the country's industrial emissions; the article 'Best Practices on National GHG Inventory Management System: Case studies from South Africa, Ghana...'; and a large body of city/region emission-inventory and source-apportionment studies (Faridabad, Rishikesh, Kashipur, Kolkata-Howrah, Kanhia open-cast coal mine, Delhi-NCR). TERI's climate-change risk-assessment service explicitly includes GHG inventorization and mitigation analysis.",MEDIUM,10,0,NO,
Q017,What policy recommendations has TERI recently developed?,NEEDS_HUMAN_REVIEW,aggregation/list,,,9,0,YES,"'Recently' is undefined, and 'policy recommendations' has no structured marker: recommendations live inside policy briefs, discussion papers, press releases and project pages with no field distinguishing a recommendation from a finding"
Q018,What research is TERI conducting on climate finance?,GOLD_VERIFIED,narrative/summary,"TERI's climate-finance research in the current snapshot centres on: 'A Five Pillar Framework for Bankability: Recalibrating India's Commercial Finance for Climate Action' (May 2026), announced as a five-pillar framework to bridge India's climate-finance and bankability gap; the 'Modeling for Climate Finance' policy brief (May 2026) and TERI's climate-finance modelling contribution to the ICEF report in collaboration with Schmidt Sciences; work on blended finance for climate action; the 'Road to Baku: The New Collective Quantified Goal on Climate Finance' paper under COP29 Compass; and national dialogues on climate finance and risk preparedness with NBSC and NABARD (Jan 2026) and a TERI-RBI workshop on climate-induced physical and transition risks for the banking sector.",MEDIUM,8,0,NO,
Q019,What are TERI's latest studies on air quality and pollution management?,GOLD_VERIFIED,narrative/summary,"TERI's current air-quality work spans research, monitoring and management planning. Its Air Quality Research service provides end-to-end solutions through a NABL-accredited laboratory covering monitoring, emissions assessment, source apportionment, forecasting, impact evaluation and air quality management planning at urban, regional and national scales, plus policy and decision-support systems, environmental-compensation assessment, third-party audits, sustainable residue management, pilot demonstrations of emission-reduction technologies and capacity building. Current studies include Clean Air Zones pilots in Andhra Pradesh (Vijayawada and Visakhapatnam); development of an Integrated Air Quality Index (AQI) and Liveability Framework; emission-inventory, source-apportionment and atmospheric carrying-capacity studies for Indian cities; a State Air Quality Health Adaptation Plan for Maternal and Child Health (AQHAP, 2025); and a study on forest-fire management and air quality in the Himalaya/Bhutan with ICIMOD, NTNC and UK International Development. Its explainer page argues for evidence-based actions to achieve breathable air in Indian cities.",MEDIUM,8,0,NO,
Q020,What research is TERI undertaking on industrial decarbonization?,GOLD_VERIFIED,narrative/summary,"TERI's industrial-decarbonisation research is anchored in the programme 'Accelerating Industrial Decarbonisation in India', whose stated aim is to build an evidence base and agree a roadmap for industrial decarbonisation in key sectors by 2024 - iron & steel, cement and related MSMEs - through policies, low-carbon technologies, finance and corporate commitment, with three main activities: developing targets and sectoral roadmaps, diffusion and demonstration of low-carbon technologies, and securing corporate commitment for near-zero-carbon operations. Related outputs: 'Industry decarbonisation pathways - iron & steel and cement value chains'; the report 'Practices and Solutions: Accelerating Indian Industry Decarbonisation'; the GCCA India-TERI Decarbonisation Roadmap for the Indian Cement Sector (Net-Zero CO2 by 2070); the policy brief 'Solar Thermal Energy for Industrial Decarbonization' (Aug 2026); work on electrifying Indian MSMEs; green market instruments for steel; low-carbon hydrogen's role; and the Industry Charter for Near Zero Emission Ambition by 2050.",MEDIUM,9,0,NO,
Q021,How does TERI contribute to national missions and international climate commitments?,GOLD_VERIFIED,narrative/summary,"TERI contributes to national missions and international climate commitments through modelling, negotiation support and convening. National: the missions under the National Action Plan for Climate Change - especially the National Solar Mission - were delineated to a large extent from TERI's modelling; TERI provided inputs to the National Mission on Sustainable Habitat, to India's Environment Policy 2006, to five-year plans and the Integrated Energy Plan Report; and it has briefed government on India's 2030 and 2035 NDCs. International: TERI provided inputs for India's negotiating positions at UNFCCC, CBD and WTO; it maintains dedicated engagement pages for COP26-COP30 and India's G20 Presidency; it hosted an official UNFCCC press conference at COP30; and it runs Act4Earth (COP Compass and SDG Charter) to feed multilateral processes.",MEDIUM,8,0,NO,
Q022,What are TERI's most impactful research contributions in the last five years?,NEEDS_HUMAN_REVIEW,comparison / aggregation,,,2,0,YES,UNANSWERABLE AS ASKED
Q023,What evidence-based policy tools has TERI developed?,GOLD_VERIFIED,aggregation/list,"Evidence-based policy tools TERI has developed, as named in the corpus: the GRIHA rating system (with MNRE, 2007) and the GRIHA Infrastructure Rating for logistics parks and warehouses (2026); the Green Budgeting Toolkit 2.0 (Sept 2025); the SDG Blueprint Tool for Sustainable Agriculture; the Freight Greenhouse Gas Calculator; the Green Port Performance Index (GPPI); the Integrated Air Quality Index (AQI) and Liveability Framework; the Vulnerability Index Tool for health vulnerability assessment; the MTCoE Daylight Plugin Tool; GHG calculators covering Scope 1, 2 and 3 emissions; the Transport Demand Management toolkit; the Catalogue of Indian Emission Inventory Reports; and the UrjaSanchay energy-storage data dashboard.",MEDIUM,12,0,NO,
Q024,How is TERI supporting the implementation of Sustainable Development Goals (SDGs)?,GOLD_VERIFIED,narrative/summary,"TERI supports SDG implementation through a TERI-wide SDG and Policy Coordination (SPC) initiative that facilitates integrated, multi-disciplinary research on resources, energy and environment-related SDGs and coordinates a continuing series of Think Pieces, Policy Briefs and Discussion Papers. It publishes SDG-interface material for each of the 17 goals, runs the SDG Charter strand of Act4Earth (identifying gaps and recommending measures to mainstream sustainable development in policy agendas), and produces work on SDG-climate synergies and multilateralism. TERI states its mission is to be a knowledge-based agent of change for a shared vision of global sustainable development, and that it brings its Millennium Development Goals experience to SDG implementation.",MEDIUM,6,0,NO,
Q025,What are TERI's ongoing projects?,GOLD_VERIFIED,aggregation/count,"As of the corpus snapshot the CMS records 594 project nodes classified as ongoing (source_type='website', bundle='ongoing_projects'). They are distributed across themes led by Environment (64), Climate Change (46), Energy (44), Sustainable Agriculture (41), Air (31), Energy Efficiency (30), Water (27), Waste (25), Forest & Biodiversity (23), Transport (20), Microbes (19) and Buildings (19), with 98 carrying no theme; and across programmes led by Natural Resources and Climate (175), Energy (117) and Sustainable Habitat (45). A correct answer must be scoped and representative rather than exhaustive.",MEDIUM,3,0,NO,
Q026,Which renewable energy projects is TERI currently implementing?,NEEDS_HUMAN_REVIEW,aggregation/list,,,5,0,YES,NO CLOSED SET DERIVABLE
Q027,What climate change projects are currently underway?,GOLD_VERIFIED,aggregation/count,"The CMS classifies 46 ongoing project nodes under the theme 'Climate Change' as of the snapshot. Representative current examples include SHEETAL (Alliance for Sustainable Habitat, Energy Efficiency and Thermal Comfort for All), Just Transition, Mapping Policies and Stakeholders on Climate Adaptation for Crop-Based Systems in the Global South, Preparedness towards implementing the Enhanced Transparency Framework and tracking NDCs, and Strengthen National Climate Policy Implementation.",MEDIUM,3,0,NO,
Q028,What projects support sustainable agriculture and rural livelihoods?,NEEDS_HUMAN_REVIEW,aggregation/list,,,6,0,YES,"TWO-PART QUESTION, ONE FACET"
Q029,What initiatives is TERI running for clean energy access in rural areas?,GOLD_VERIFIED,aggregation/list,TERI's clean-energy-access work for rural areas is carried out under the CMS theme 'Energy Access' (10 ongoing project nodes at snapshot) and the Lighting a Billion Lives (LaBL) initiative. Current and recent examples: enhancing women's empowerment as employees and entrepreneurs in decentralised renewable energy; Enhancing Energy Access through Women Entrepreneurs in Bihar - Clean Cookstove Programme; Sustainable energy in Micro-enterprises for Income and Livelihood Enhancement (SMILE); Supporting clean energy adoption in Rural India; PPP models for deploying DRE and energy-efficiency systems in MSME clusters; estimating carbon benefits from shifting rural households to improved cookstoves; and LaBL 2.0 as an accelerator for India's SDG 7 journey. TERI also offers a CSR service replacing kerosene lanterns with solar lighting devices.,MEDIUM,9,0,NO,
Q030,What projects focus on sustainable urban development?,NEEDS_HUMAN_REVIEW,aggregation/list,,,4,0,YES,AMBIGUOUS THEME MAPPING
Q031,Which TERI projects contribute to SDG 7 (Affordable and Clean Energy)?,NEEDS_HUMAN_REVIEW,aggregation/list,,,5,0,YES,NO SDG-TO-PROJECT MAPPING EXISTS IN ANY STORE
Q032,Which TERI projects contribute to SDG 13 (Climate Action)?,NEEDS_HUMAN_REVIEW,aggregation/list,,,3,0,YES,"Same structural gap as Q031: no SDG-to-project mapping in MySQL, Neo4j or Qdrant payloads"
Q033,What are TERI's current international collaborative projects?,NEEDS_HUMAN_REVIEW,aggregation/list,,,6,0,YES,GEOGRAPHY FIELD IS 82% EMPTY
Q034,Who are the partners associated with TERI's major projects?,NEEDS_HUMAN_REVIEW,relationship / aggregation,,,2,3,YES,'MAJOR' IS UNDEFINED AND THE PARTNER RELATION IS ESSENTIALLY ABSENT
Q035,What innovations and technologies are being demonstrated under ongoing projects?,GOLD_VERIFIED,aggregation/list,"The technologies TERI showcases as demonstrated and deployed are, per its Technologies page: mycorrhizae-based biofertilizers (In Vitro Mass Production Technology, marketed as tablets, granules and powder); high-quality planting material via micropropagation (70+ protocols); biogenic nanotechnology nano-fertilizers for climate-smart farming; TERI biomass gasifiers (throat-less patented downdraft design, multi-fuel, for heat and power in rural, commercial and industrial applications); smokeless clean-combustion cookstoves (2 kWth, 15-20% more effective than conventional stoves); Oilzapper (microbial cocktail; over 1.3 million tonnes of contaminated soil treated globally as of March 2025); TEAM (TERI's Enhanced Acidification and Methanation) for organic waste to biogas; fly-ash-based ceramic membrane filters in submerged membrane bioreactors for decentralised wastewater reuse; and TADOX, a patented advanced-oxidation wastewater treatment. Related service technologies include MEOR (microbial enhanced oil recovery) and PDB (paraffin-degrading bacteria), Xanthan gum production, and wasteland reclamation using mycorrhizal fungi.",MEDIUM,14,0,NO,
Q036,What are the expected outcomes and impacts of key TERI projects?,NEEDS_HUMAN_REVIEW,narrative/summary,,,3,0,YES,'KEY PROJECTS' IS UNDEFINED
Q037,Which states and regions are covered under TERI's current projects?,NEEDS_HUMAN_REVIEW,location/city + aggregation,,,1,0,YES,NO STRUCTURED SUB-NATIONAL GEOGRAPHY ANYWHERE
Q038,What policy briefs or reports have emerged from TERI projects?,NEEDS_HUMAN_REVIEW,relationship / aggregation,,,3,0,YES,NO PROJECT-TO-PUBLICATION LINKAGE IN THE DATA MODEL
Q039,How can organizations collaborate with TERI on ongoing projects?,NEEDS_HUMAN_REVIEW,factual / procedural,,,4,0,YES,NO COLLABORATION/PARTNERSHIP PROCESS PAGE
Q040,What is green hydrogen and how is TERI working in this field?,GOLD_VERIFIED,factual + narrative,"Green hydrogen is hydrogen produced using renewable electricity; TERI positions it as a critical new-age technological solution for net-zero and energy security and treats it as one of its prime areas of work. TERI's documented work: the policy brief 'Green Hydrogen - Path to Decarbonization' (Nov 2024), which called for pilot-project subsidies and SPVs; 'Strategy for Downstream Use of Green Hydrogen' (Dec 2024, Energetica India); the primer 'A primer on green hydrogen'; the research paper 'Hydrogen Rotary Kilns for Ironmaking in India' (Nov 2025); the policy brief 'Harnessing the Potential of Bio-Resources to Produce Low Carbon Bio-Hydrogen'; commentary that green hydrogen is the missing link in India's net-zero transition and that $1/kg green hydrogen is achievable in India; and engagement with the National Green Hydrogen Mission.",MEDIUM,6,0,NO,
Q041,What research is TERI conducting on battery energy storage systems?,GOLD_VERIFIED,narrative/summary,"TERI's battery-energy-storage research runs through the Indo-German technical cooperation project 'Energy Storage for Renewable Energy Integration in India' (StoREin), commissioned by Germany's BMUKN under the International Climate Initiative and jointly implemented by MNRE and GIZ, with Fraunhofer IEE, IIT Bombay and TERI as implementing partners. Its public output is UrjaSanchay (urjasanchay.in), a knowledge platform combining the Urja Sangraha interactive data dashboard with a dialogue platform and structured learning modules. Other documented work: the policy brief 'Battery Assembly and Container Testing: Safety, Global Best Practices and Way Forward' (Aug 2026); the GIZ-TERI-GUVNL collaboration to accelerate renewable-energy integration through energy storage (Aug 2025); a Capacity Building Program on BESS (2026); a rare BESS tender awarded to BHEL under a TERI consortium project (2020); and a national dialogue on strengthening India's renewable energy and storage ecosystem (Nov 2025).",MEDIUM,8,0,NO,
Q042,How is TERI supporting India's energy transition?,GOLD_VERIFIED,narrative/summary,"TERI supports India's energy transition through dedicated institutions, analysis and convening: the TERI Institute of Energy Transition (Gachibowli, Hyderabad); the Centre of Excellence on Energy Transition (CoEET); the Energy Transition Hub for Eastern and North-Eastern States (ETHENS); the Electricity Transition and Industry Transition workstreams; a Just Transition programme; the 'Rising Ambition: Carving New Pathways - India's Energy Transition' report; MoUs with state utilities and agencies (Rajasthan Renewable Energy Corporation, BSES Rajdhani and BSES Yamuna, REMCL, POSOCO); and analysis such as 'Solar With Storage Is Cheaper Than New Thermal'. TERI states its energy work is founded on Industrial Energy Efficiency, Renewable Energy Technologies, Electricity and Fuels, and Energy Assessment & Modelling, with green hydrogen and biofuels as prime areas.",MEDIUM,11,0,NO,
Q043,What is TERI's work on solar energy technologies?,GOLD_VERIFIED,narrative/summary,"TERI's solar work spans resource assessment, economics, manufacturing, land use and applications. Documented outputs: 'Reassessing India's Solar Potential', which pegged total estimated capacity at 10,830 GW (June 2025); 'Solar With Storage Is Cheaper Than New Thermal' (Oct 2025); the policy brief 'Solar Thermal Energy for Industrial Decarbonization' (Aug 2026) and a call to accelerate solar thermal adoption in industry; work on Concentrated Solar Power and Thermal Energy Storage; a report on India's PV manufacturing (Bharat Climate Forum 2026); agrivoltaics/AgriPV work including 'Unlocking Solar at Scale: How Agrivoltaics Overcome Land Constraints', responsible AgriPV baseline assessments at the Renkube (Telangana) and Khare Energy (Madhya Pradesh) plants and an AgriPV DPR framework; land-tenure research on utility-scale solar in Rajasthan and 'Sustainable Land Futures for Utility-Scale RE Expansion'; a national stakeholder consultation on Building-Integrated Photovoltaics with the GRIHA Council; and solar applications projects (grid-tied solar PV for a water treatment plant, terracotta cluster solarisation in Gorakhpur, smart solar-powered irrigation in Karnataka).",MEDIUM,17,0,NO,
Q044,What is TERI's work on bioenergy and biofuels?,GOLD_VERIFIED,narrative/summary,"TERI's bioenergy and biofuels work is anchored in the DBT-TERI Centre of Excellence in Advanced Biofuels and Bio-commodities and the Tata Chemicals Ltd.-TERI Centre of Excellence for Biochemicals, supported by biomass-gasifier technology for heat and power. Documented lines: biodiesel - 'Accelerating Biodiesel Blending in India' policy brief and 'Impact of Biodiesel Blending on Indian Oil Market by 2030'; ethanol/2G - process development of 2G ethanol under the Indo-UK Agri-Jet collaboration, algal bioethanol pathways under the Gujarat Biotech Mission, marine algal bioethanol, rice-straw second-generation biorefineries; oxyfuels - 'Enhancing India's Biofuels Program: Examining the Role of Oxyfuels'; aviation and maritime - the EU-India roadmap and workshop on sustainable biofuels for aviation and maritime transport and a comprehensive LCA of sugarcane-based SAF; algal biofuels - photobioreactor design and harvest technology, microalgal species work; and biomass potential assessment for biofuel plants in North-East India.",MEDIUM,16,0,NO,
Q045,What research is being conducted on energy storage technologies?,GOLD_VERIFIED,narrative/summary,"TERI's energy-storage research covers electrochemical and thermal storage. Battery/electrochemical: the StoREin Indo-German project and the UrjaSanchay knowledge platform and data dashboard; the policy brief 'Battery Assembly and Container Testing: Safety, Global Best Practices and Way Forward' (2026); the GIZ-TERI-GUVNL work on renewable-energy integration through storage; a Capacity Building Program on BESS. Thermal: pathways for Concentrated Solar Power with Thermal Energy Storage; a solar-biomass hybrid dryer with thermal energy storage. Systems/economics: 'Solar With Storage Is Cheaper Than New Thermal'; analysis that battery-storage costs must fall 15% to avoid new coal capacity; and commentary on pumped-storage plants as a way ahead for India.",MEDIUM,8,0,NO,
Q046,What innovations is TERI developing for energy access?,GOLD_VERIFIED,narrative/summary,"TERI's energy-access innovations centre on the Lighting a Billion Lives (LaBL) initiative - solar lighting and charging-station models, now described as LaBL 2.0 accelerating India's SDG 7 journey - together with product and business-model innovation: the smokeless clean-combustion cookstove (2 kWth, 15-20% more effective than conventional stoves, distributed for community cooking under TERI's social-transformation programme); biomass gasifiers for rural heat and power; IDES technology deployed in flood-affected areas; a micro-energy-enterprise approach to energy access; the SMILE model for sustainable energy in micro-enterprises; women-entrepreneur delivery models in Bihar and Rajasthan; and the policy-level 'Feasibility Study of Energy Access for Enterprise Promotion' (2026). TERI's CSR service replaces kerosene lanterns with solar lighting devices.",MEDIUM,11,0,NO,
Q047,"What research is TERI undertaking on carbon capture, utilization and storage?",NEEDS_HUMAN_REVIEW,narrative/summary,,,4,0,YES,PRESENT-TENSE CLAIM NOT SUPPORTABLE
Q048,What is TERI's contribution to industrial decarbonization?,GOLD_VERIFIED,narrative/summary,"TERI's contribution to industrial decarbonization: it runs the 'Accelerating Industrial Decarbonisation in India' programme (evidence base and roadmap for iron & steel, cement and related MSMEs, through policy, low-carbon technologies, finance and corporate commitment); produced the GCCA India-TERI 'Decarbonization Roadmap for the Indian Cement Sector: Net-Zero CO2 by 2070'; published 'Practices and Solutions: Accelerating Indian Industry Decarbonisation' and the policy brief 'Solar Thermal Energy for Industrial Decarbonization'; analysed the potential for electrifying Indian MSMEs and green market instruments for steel; and convenes the Industry Charter for Near Zero Emission Ambition by 2050 plus a Chief Sustainability Officers' Forum, through which industry leaders commit to near-zero operations.",MEDIUM,7,0,NO,
Q049,What are TERI's initiatives in electric mobility and EV ecosystems?,GOLD_VERIFIED,narrative/summary,"TERI's electric-mobility work combines skilling, policy and city-level implementation. Skilling: the 'Future-In-Charge' programme for India's EV charging workforce, expanded to Pune, Bengaluru and Kolkata (Dec 2025) with Phase 2 launched in Bengaluru (July 2026), and a policy-brief roadmap for Zero Emission Truck (ZET) skilling in India (Jan 2026). Policy and awareness: the policy brief 'Let's Electrify - Accelerating Electric Vehicle Adoption and Awareness in India' (Sept 2025); a comparative LCA between ICE-vehicle and EV powertrain components; a Digital Knowledge Library on electric mobility and low-emission transport in India; and a readiness and capacity-needs assessment for EV adoption in Indian cities. Implementation: backing an EV deployment by the Naroda GIDC industries association (2026) and a multi-stakeholder roundtable on inclusive EV transition in Coimbatore (2026).",MEDIUM,11,0,NO,
Q050,How does TERI support decentralized renewable energy systems?,GOLD_VERIFIED,narrative/summary,"TERI supports decentralised renewable energy (DRE) through technology, delivery models and policy. It states its work spans decentralized energy solutions for rural livelihoods. Current work: a TERI-MNRE partnership to scale decentralized energy with a shared vision for green growth (2026); projects enhancing women's empowerment as employees and entrepreneurs in DRE and empowering women-led DRE enterprises in Rajasthan; support for PPP models deploying DRE and energy-efficiency systems in MSME clusters; and the ceramic-membrane and gasifier technologies for decentralised service delivery. Its research base includes mini-grid studies (solar PV mini-grids vs large-scale embedded PV in Uttar Pradesh; a coevolutionary perspective on a solar mini-grid; mini-grid-based off-grid electrification to enhance access in developing countries; consumers' willingness to pay for solar-microgrid electricity attributes) and mini-grid workshops including Green Mini-grid Development in South Asia.",MEDIUM,10,0,NO,
Q051,What developments is TERI pursuing in clean cooking energy?,GOLD_VERIFIED,narrative/summary,"TERI's clean-cooking developments centre on its own smokeless clean-combustion cookstove (2 kWth, 15-20% more effective than conventional stoves, wood pieces and briquettes as fuel, customisable for rural needs, distributed for community cooking under TERI's social-transformation programme) and on a biomass gasifier demonstrated in April 2026 for clean, affordable community cooking. Delivery and policy work: the Bihar Clean Cookstove Programme building energy access through women entrepreneurs; TERI and GIZ enabling Assam communities to adopt clean cooking and save forests (2019); projects estimating the carbon benefit of shifting rural households to improved cookstoves; the policy brief 'Clean fuel for cooking: Solution to achieve better air quality'; and a body of research on induction stoves, methanol cookstoves, cookstove adoption barriers, gender and cooking-energy transitions, and cookstove performance testing (including a Wireless Cookstove Sensing System).",MEDIUM,10,0,NO,
Q052,How does TERI approach climate adaptation and resilience?,GOLD_VERIFIED,narrative/summary,"TERI's approach to climate adaptation and resilience: in India its climate work focuses on climate modelling to understand climate variability at regional scales and on studying the risks and vulnerabilities of key sectors - water, health, agriculture and industry - with the climate science inextricably linked to policy research and recommendations for the Indian government's domestic policies and its position in global negotiations, extended to other emerging economies. Operationally, its climate-change-risk-assessment service generates climate projections at global and regional scales and impacts, vulnerability and adaptation assessments in key sectors using established models and an in-house super-computing facility. Applied adaptation work includes health vulnerability assessments (Madhya Pradesh; a national assessment with a monitoring and evaluation framework), the State Air Quality Health Adaptation Plan for Maternal and Child Health, water security and climate adaptation in rural India, building climate resilience in smallholder fish farming, and the REWARD watershed programme. On the multilateral side TERI produced 'A Transformative Global Goal on Adaptation: Scope, Science and Policy' and 'Road to Dubai and the Global Goal on Adaptation', and contributed to the National Adaptation Plan stakeholder consultation.",MEDIUM,10,0,NO,
Q053,What climate risk assessment methodologies does TERI use?,GOLD_VERIFIED,narrative/summary,"The methods TERI states it uses for climate risk assessment: generating climate projections at global and regional scales using established models plus an in-house super-computing facility; conducting impacts, vulnerability and adaptation assessments in key sectors; and GHG inventorization and mitigation analysis. Specific methodological instruments in the corpus: a Vulnerability Index Tool for health vulnerability assessment; statistical analysis of future short-duration rainfall using bias-corrected GCM ensembles; GIS and machine-learning approaches to assess forest and biodiversity vulnerability under climate stress (case study Assam); a vulnerability matrix concept for tracking agricultural productivity loss from slow-onset events; sectoral climate-risk screening (the ORCHID DFID-India Climate Risk Screening Process; climate risks to India's oil and gas sector); and physical versus transition risk framing developed with the Reserve Bank of India for the banking sector.",MEDIUM,8,0,NO,
Q054,What are carbon markets and carbon credits?,NEEDS_HUMAN_REVIEW,factual / definitional,,,6,0,YES,DEFINITION NOT IN THE CORPUS
Q055,How does TERI support organizations in achieving net-zero goals?,GOLD_VERIFIED,narrative/summary,"TERI supports organisations towards net zero mainly through the TERI Council for Business Sustainability (TERI CBS) and the Industry Charter for Near Zero Emission Ambition by 2050. TERI CBS is the interface between TERI's research and the corporate world; member services include sustainability strategy and roadmap development, performance benchmarking and improvement, participation in policy advocacy, and training and capacity building, with tailor-made advisory (strategy development, performance assessment and improvement, capacity building/MDPs) and complimentary consulting person-days plus discounted paid consulting for members; Gold members also get a complimentary sustainability-report assessment. The Industry Charter's focus areas are energy efficiency, renewable energy, circular economy, low-carbon solutions across the supply chain, carbon sequestration, technology demonstration and the business-policy interface. TERI also runs a Chief Sustainability Officers' Forum, published a Chief Sustainability Officers' Competency Framework, and launched a Corporate Sustainability Leadership Programme 2026 focused on ESG, AI and carbon.",MEDIUM,6,0,NO,
Q056,How does TERI address air pollution in Indian cities?,GOLD_VERIFIED,narrative/summary,"TERI addresses urban air pollution through evidence generation, city planning support and public advocacy. Its explainer 'How evidence-based actions can help achieve breathable air in Indian cities' sets out the argument; its Air Quality Research service delivers monitoring, emissions assessment, source apportionment, forecasting, impact evaluation and air-quality management planning at urban, regional and national scales through a NABL-accredited laboratory, plus third-party audits and pilot demonstrations of emission-reduction technologies. City-level instruments include Clean Air Zones pilots (Vijayawada, Visakhapatnam and other cities in Andhra Pradesh), emission-inventory/source-apportionment/atmospheric-carrying-capacity studies (Delhi-NCR, Kolkata and Howrah, Rishikesh, Kashipur, Faridabad), local air-quality management plans (e.g. Gorakhpur), an Integrated AQI and Liveability Framework, and capacity building for pollution control boards and urban officials. Public-facing outputs include TERI's 10-point action plan for cleaning India's air and infographics on Delhi-NCR air quality.",MEDIUM,10,0,NO,
Q057,What research is TERI doing on climate finance and ESG?,GOLD_VERIFIED,narrative/summary,"On climate finance TERI's current work includes the Five Pillar Framework for Bankability, the 'Modeling for Climate Finance' policy brief and the ICEF climate-finance modelling contribution with Schmidt Sciences, blended-finance analysis, the 'Road to Baku' New Collective Quantified Goal paper, and national dialogues with NBSC/NABARD and the RBI. On ESG its work includes the ongoing project 'Green Port Index and ESG-based Reporting for Indian Major Ports' and the Green Port Performance Index; a three-month ESG certification programme run in partnership with NDTV; the Corporate Sustainability Leadership Programme 2026 focused on ESG, AI and carbon; a partnership with Vedanta to accelerate its ESG goals; TERI CBS events on strategic ESG for business sustainability; and legal analysis that competition laws must adapt to support the ESG mandate.",MEDIUM,10,0,NO,
Q058,How does TERI help organizations reduce their environmental footprint?,GOLD_VERIFIED,narrative/summary,"TERI helps organisations reduce their environmental footprint through its services catalogue: detailed energy, water and resource-efficiency audits with techno-economic recommendations backed by simulations and monitoring; plant-level energy audits and energy-performance benchmarking, and technology assessments for industrial sectors; resource-conservation studies for buildings and complexes (TERI reports energy audits of around 200 buildings across hotels, offices, hospitals, schools, universities, malls and theatres, using an instrument pool and offering techno-economic proposals); green design consultancy integrating energy efficiency, renewable energy and resource management, including emission inventories and life-cycle assessments; water audits and quality testing with rainwater-harvesting and reuse recommendations; carbon-sink and biodiversity assessment of company plantations; GHG calculators covering Scope 1, 2 and 3; and NABL-accredited water, soil and sludge testing. Corporate members can additionally access TERI CBS performance benchmarking and improvement services.",MEDIUM,10,0,NO,
Q059,What are TERI's latest climate resilience projects?,GOLD_VERIFIED,aggregation/list,"TERI's most recently published climate-resilience projects and initiatives in this snapshot: 'Building Climate Resilience in Smallholder Fish Farming' (ongoing, July 2026); process monitoring under REWARD - Rejuvenating Watersheds for Agricultural Resilience through Innovative Development (ongoing, May 2026); the Aravalli Green Wall Initiative, India's landscape ecological restoration programme for climate resilience (May 2026); a WSDS 2026 roundtable on unlocking climate-resilience finance; 'Water Resource Management through Spring and Catchment Rejuvenation in Uttarakhand'; 'Environment, Climate and Water Security: Water Security and Climate Adaptation in Rural India'; national and state health-vulnerability assessments building health-sector resilience; and the conceptual framework 'Climate Resilience in Water Resource Management in India'.",MEDIUM,9,0,NO,
Q060,What sustainability frameworks has TERI developed?,GOLD_VERIFIED,aggregation/list,"Sustainability frameworks TERI has developed, as named in the corpus: 'India's Journey to Net Zero: A Conceptual Framework for Analysis' (2024); 'A Five Pillar Framework for Bankability' for recalibrating India's commercial finance for climate action (2026); 'Climate Resilience in Water Resource Management in India: A Conceptual Framework for Action' (2024); the Chief Sustainability Officers' Competency Framework (2025); the Green Port Performance Index (GPPI); an Integrated Air Quality Index (AQI) and Liveability Framework; a framework for AgriPV DPR development; the GRIHA rating system and GRIHA Infrastructure Rating; the SDG Blueprint for Sustainable Agriculture; the Green Budgeting Toolkit 2.0; and a compendium and enforcement framework for energy-efficiency regulations.",MEDIUM,12,0,NO,
Q061,How does TERI support sustainable consumption and lifestyles?,GOLD_VERIFIED,narrative/summary,"TERI's work on sustainable consumption and lifestyles is largely built around India's Mission LiFE and the G20/multilateral agenda. Outputs: 'Internationalizing Lifestyles For Environment: Messages For G20' (2023); 'Internationalizing Lifestyles For Sustainable Development' (2023); 'Internationalizing Sustainable Lifestyles for Climate Justice' (2024); 'Promoting Sustainable Lifestyles: Metrics, Instruments, and Proposals for G20' (2023); 'From Linear to Circular: Pathways for Sustainable Lifestyles' (2023); 'Internationalising Lifestyle for the Environment' (2025); and the policy brief 'Green Public Procurement for Advancing Sustainable Development in India: Policy Nudges for Promoting Sustainable Consumption and Production' (2024). Programmes and convenings include the Mission LiFE Youth Ambassador Programme, 'Generation Green: Promoting Sustainable Lifestyles for Youth, by Youth', the COP29 Compass Dialogue on Sustainable Lifestyles, the Youth Climate Conclave, and the SDG Charter Dialogue on green budgeting and sustainable lifestyles.",MEDIUM,11,0,NO,
Q062,What water conservation initiatives is TERI undertaking?,GOLD_VERIFIED,narrative/summary,"TERI's water-conservation work spans catchment rejuvenation, audits, certification and youth mobilisation. Current/recent: 'Water Resource Management through Spring and Catchment Rejuvenation in Uttarakhand'; 'Air to Water as solution for rural water security'; 'Environment, Climate and Water Security: Water Security and Climate Adaptation in Rural India'; and a State Specific Action Plan for the water sector for Manipur. Service lines: water audits and quality testing including estimation of building water use, water-saving fixtures, landscape water demand, rainwater-harvesting potential and treated-wastewater reuse; and GRIHA Water Positive Certification consulting, audit and certification. Earlier work includes pond rejuvenation with participatory community engagement, MY WATER (Mobilizing Youth for WATER conservation) Phases I and II, facility water audits for corporates such as Dabur India, and rainwater-harvesting design and feasibility studies. TERI has also publicly called for rainwater harvesting to be made mandatory across India and identified agriculture, forest and river conservation and domestic water-use efficiency as keys to India's water security. Mission and Goals lists enhancing conservation, utilisation of and access to water, including watershed management, as a core goal.",MEDIUM,14,0,NO,
Q063,What innovative water management solutions is TERI researching?,GOLD_VERIFIED,narrative/summary,"TERI's innovative water-management solutions: TADOX (TERI Advanced Oxidation Technology), a patented end-to-end treatment for industrial wastewater, mixed streams with untreated sewage and municipal wastewater with high colour and COD - commercialised through a licence agreement with Dew Projects and Chemicals (2023) and a partnership with Ion Exchange India (2024), with a policy brief on integrating TADOX to achieve net zero in textile wastewater treatment; fly-ash-based ceramic membrane filters in submerged membrane bioreactors, cheaper than commercial membranes and enabling decentralised on-site industrial-wastewater reuse; the NMCG-TERI Centre of Excellence on Water Reuse (NTCoE), the first of its kind, launched in December 2021; a hydropower forecasting system framework with a pilot; an Integrated River Pollution Management Framework for the Yamuna and Musi river basins; and 'Air to Water' for rural water security. TERI also runs the Water Sustainability Awards and a TERI-Bisleri collaboration on water credits and water stewardship.",MEDIUM,13,0,NO,
Q064,What services and research does TERI offer on wastewater treatment and reuse?,GOLD_VERIFIED,narrative/summary,"TERI offers both research and services on wastewater treatment and reuse. Technologies: TADOX (patented advanced oxidation, commercialised via Dew Projects and Chemicals and Ion Exchange India) and fly-ash ceramic membrane filters in submerged membrane bioreactors for decentralised reuse. Institutional platform: the NMCG-TERI Centre of Excellence on Water Reuse (NTCoE). Projects and research: 'Unlocking wastewater treatment, water re-use and resource recovery opportunities for urban and industrial sectors'; acceptability of reclaimed municipal wastewater in cities (India's National Capital Region); microplastics in wastewater treatment plants; photocatalytic treatment of textile and dyeing wastewater at pilot scale; a Policy Brief on Net Zero in Textile Wastewater Treatment; and monitoring of community wastewater for early signalling of COVID-19 spread. Capacity building: an Online Training and Capacity Building (OTCB) Certificate Programme on developing treated wastewater reuse, plus events on wastewater treatment and reuse challenges and solutions in India and an annual international conference on advancing circular economy and water reuse. Service line: water audits and quality testing with recommendations on reuse and recycling of treated wastewater.",MEDIUM,13,0,NO,
Q065,How does TERI support climate-smart agriculture?,GOLD_VERIFIED,narrative/summary,"TERI supports climate-smart agriculture by promoting climate-smart practices, applying biofertilizers and nano-fertilizers, enhancing soil and water productivity, and using biotechnological interventions to build resilient farming systems. Concrete work: nanofertilizers developed by TERI's Sustainable Agriculture Programme explicitly for climate-smart agriculture, and biogenic nanotechnology innovations in climate-smart and sustainable farming; the project 'Inclusion of Climate Smart Agriculture Approaches in existing Agricultural Practices and Capacity Building'; research on 'Financing Climate-Smart Agriculture for Sustainable Agri-Food Systems'; integrated climate-smart agricultural practices with the Government of Maharashtra; mycorrhizal biofertiliser platforms advancing soil health; the TERI-CFCL Centre of Excellence for Advanced and Sustainable Agriculture Solutions; smart solar-powered irrigation and pesticide management in Karnataka; and TRISHA/Seeds of Hope work in Supi (Uttarakhand) that shifted farmers to low-water herb and aromatic crops and revived millets and pulses (reported 38% increase in millet production and 45% in pulses from an 82-landrace live seed bank).",MEDIUM,11,0,NO,
Q066,What research is TERI conducting on food systems sustainability?,GOLD_VERIFIED,narrative/summary,"TERI's food-systems work links nutrition security, agri-food sustainability and bioresources. Documented lines: the FOLU (Food and Land Use Coalition) India engagement with farmers to improve nutrition; project SAHeLEE on growing resilience in India's food systems; the Global Center for Food Systems Innovation; research on 'Financing Climate-Smart Agriculture for Sustainable Agri-Food Systems'; malnutrition and alternate-livelihood interventions for Scheduled Tribe communities (including Mokhada and Palghar, Maharashtra) and Nutri-gardens with Kisan Seva Kendras; a digital library dedicated to nutrition security (2018); algae-based solutions for poultry, aquafeeds and cattle nutrition; and nanotechnology-for-sustainable-agriculture conferences (NANOFORAGRI). TERI's Western Regional Centre states a dedicated nutrition-security programme, including the 'Canteen for Teen' urban campaign and over a decade of work in Palghar district. TERI's stated goal set includes enabling sustainable food production and nutritional security through quality planting material, bio-based agricultural inputs and crop diversification.",MEDIUM,13,0,NO,
Q067,How does TERI work with local communities on forest conservation?,GOLD_VERIFIED,narrative/summary,"TERI works with local communities on forest conservation through participatory forest management, forest-based livelihoods and benefit-sharing at community level - the stated scope of its 'Capacity building for management of natural resources' service. Concrete work: the Assam Project on Forest and Biodiversity Conservation (APFBCS); a cluster of agroforestry-plus-carbon-finance projects that route benefits to farmers and Farmer Producer Organisations (Saharanpur voluntary carbon market project with FPOs, Kanpur Forest Circle, Gorakhpur, Aligarh, Gujarat/SHBVM); a GEF Small Grants Programme India OP7 publication on community-led action launched on Biological Diversity Day 2026; policy work on the Minimum Support Price for Minor Forest Produce and its sustainable harvesting, noting over 300 million people depend on forests for livelihoods and citing PESA 1996 and the Forest Rights Act 2006; a study on the implementation of compensatory afforestation in India; valuation of forest ecosystem services in Chhattisgarh; and forest-fire management and air quality work in the Himalaya with ICIMOD and NTNC. TERI states it strives for policy mainstreaming of community-led environmental management and conservation efforts.",MEDIUM,12,0,NO,
Q068,What is TERI's role in watershed management projects?,GOLD_VERIFIED,narrative/summary,"TERI's role in watershed management combines implementation support, monitoring/evaluation and capacity building. Its stated goal set includes enhancing conservation, utilisation of and access to water including watershed management. Current work: process monitoring under REWARD (Rejuvenating Watersheds for Agricultural Resilience through Innovative Development), including hosting the 3rd Annual REWARD Stakeholder Workshop in Karnataka on strengthening watershed governance; MEL&D (monitoring, evaluation, learning and documentation) services for the CEPMIZ Watershed Development Programme; and DRO/TSP support for implementation of a Watershed Development Project. Capacity building: training on Climate Resilient Integrated Watershed Management delivered with the State Level Nodal Agency (2025) and earlier workshops on the Integrated Watershed Management Programme. Analysis: the policy brief 'Food and Land Resources: Incorporating Watershed-Based Approaches for Better Sustainability' and reporting that Karnataka adopted a new approach to enhance the impact of its watershed programme.",MEDIUM,12,0,NO,
Q069,What biodiversity conservation programmes does TERI implement?,GOLD_VERIFIED,narrative/summary,"TERI's biodiversity-conservation programmes: the Assam Project on Forest and Biodiversity Conservation (APFBCS); People's Biodiversity Register work, including a PBR and City Biodiversity Index for Panaji and PBR preparation for Zilla and Taluk Panchayats; strengthening the linkage of Biodiversity Management Committees with community-participation institutions; preparing state biodiversity strategy and action plans and work on access and benefit sharing in biodiversity (stated on the Policy page); a GEF Small Grants Programme India OP7 publication on community-led conservation (2026); carbon-stock and biodiversity assessment of corporate plantations (a service line, plus a Chemfab Alkalis case study); coastal and marine biodiversity work through the TERI-Centre of Excellence for Coastal Studies and Resource Management, the Coastal Ecology and Marine Resources Center and a G20 marine-biodiversity policy brief; and GIS/machine-learning assessment of forest and biodiversity vulnerability under climate stress. Enhancing ecosystem services, especially in forestry and biodiversity, is one of TERI's stated goals.",MEDIUM,14,0,NO,
Q070,What nature-based solutions is TERI promoting?,GOLD_VERIFIED,narrative/summary,"TERI promotes nature-based solutions (NbS) chiefly for rural livelihoods, restoration and biological inputs. Evidence in the corpus: the article 'Nature-based solutions (NbS) for Rural Livelihoods'; the COP26 Charter of Actions virtual stakeholder roundtable on Nature-based Solutions; a press statement on the need to assess the potential of nature-based solutions and green technologies to facilitate green growth; 'Impact of Nature-based Innovative Biofertilizers on Agriculture'; and landscape restoration work presented as an NbS-type intervention (the Aravalli Green Wall Initiative, mangrove-ecosystem work in Goa, and the assessment of wetland restoration potential for climate-change mitigation). TERI's microbe-based technologies (mycorrhizal biofertilisers, Oilzapper, wasteland reclamation with mycorrhizal fungi) are its longest-running nature-based interventions.",LOW,10,0,NO,
Q071,What ecosystem restoration and land restoration initiatives are underway?,GOLD_VERIFIED,aggregation/list,"Ecosystem- and land-restoration initiatives underway or recent: the Aravalli Green Wall Initiative, described as India's landscape ecological restoration programme for climate resilience (2026), with a WSDS 2026 track on Action for the Aravallis; an Ecological Restoration Project MoU signed with Hindustan Zinc Limited (June 2026); rejuvenation of HYPREP-remediated soil in Nkeleoken, Eleme LGA (Nigeria) using Oilzapper and Bio-NPK; RECAP4NDC work on financing Forest Landscape Restoration (including Gujarat and a forestry carbon-credit roadmap for Uttarakhand); the policy brief 'Biodiversity and Land Restoration in India'; a study on the implementation of compensatory afforestation in India; third-party evaluation of Haryana CAMPA works; and the wasteland-reclamation service using mycorrhizal fungi (successfully applied to fly-ash overburdens, alkali chlor-laden sites, distillery effluent discharge sites, phosphogypsum ponds, coal mines, red mud, saline and arid sites). TERI has also published recommendations to reverse land degradation in India and worked on the economics of desertification, land degradation and drought.",MEDIUM,13,0,NO,
Q072,What is the circular economy and why is it important?,GOLD_VERIFIED,factual / definitional,"As described in TERI's material, a circular economy is a closed-loop system in which materials constantly flow without leaking into the environment, keeping their value in the economy - covering every stage of a product's lifetime from production through use to end-of-life - and is framed around the 3Rs (reduce, reuse, recycle). TERI's own framing of why it matters: unsustainable consumption of resources is at the heart of environmental degradation, so TERI works on understanding future resource demand and promoting pathways for resource efficiency, waste management and circular economy in order to decouple economic growth from environmental impacts; and it works towards solutions that reduce waste generation and promote reuse and recycling to build a circular economy. TERI's Critical Mineral Security work adds resource security as a driver.",LOW,4,0,NO,
Q073,What circular economy projects is TERI implementing?,GOLD_VERIFIED,aggregation/list,"TERI's circular-economy projects and outputs include: 'Study on Circular Economy of End-of-Life Vehicles and Other Sectors' (2026); 'Critical Mineral Security: The Circular Pathway' (2026); 'Advancing Circular Economy of Waste Electronic and Electrical Equipment'; 'Maximising Resource Efficiency and Circularity in the Electrical and Electronic Equipment Value Chain'; the European Union Resource Efficiency Initiative Phase II; the 'Strategy for fostering Resource Efficiency and Circular Economy in Goa', which made Goa India's first state with a resource-efficiency strategy; the WCEF2026 accelerator session on Circular Public Procurement and Ecolabels; the 6th WasteTech Forum on electronic-waste recycling enabling India's circular economy; work on carton recycling; and circular-bioeconomy research (woody biomass in carbon capture and biomanufacturing; rare-earth recovery from coal and coal ash via urban mining). TERI is also involved in a Materials/product circularity indicator approach in packaging LCA work.",MEDIUM,12,0,NO,
Q074,What research exists on waste-to-resource technologies?,GOLD_VERIFIED,narrative/summary,"TERI's waste-to-resource research and technology: TEAM (TERI's Enhanced Acidification and Methanation), which converts organic waste to biogas with a shorter processing time than other biogas plants and is customisable for different climates, deployed for example as a 200 kg/day bio-methanation plant at NTPC-Farakka; pilot-scale process development for pyrolysis oil from multi-feedstock (biomass, tyre and other wastes); Refuse Derived Fuel from municipal solid waste and its co-processing; waste-derived nanomaterials (industrial wastes to nano-commodities; BIO2NANO bioresources to nanomaterials); silk-industry waste protein (sericin) hybrid nanoflowers for antibiotic remediation; rice-straw cellulose and cellulose-nanofibre coatings; recovery of rare-earth elements from coal and coal ash by urban mining; and anaerobic digestion work on minimising environmental burden. TERI's thematic framing is to reduce waste generation and promote reuse and recycling to build a circular economy; its stated goals include upscaling resource-efficient and waste-management solutions.",MEDIUM,13,0,NO,
Q075,How does TERI support plastic waste management?,GOLD_VERIFIED,narrative/summary,"TERI supports plastic-waste management chiefly through its Western Regional Centre in Mumbai, which states it has undertaken projects on managing plastic waste in the Mumbai Metropolitan Region through technology interventions, capacity building and awareness programmes, framed by the need to assess the types and quantities of plastic waste entering water bodies and the consumer behaviour behind it. Research and analysis: 'Plastics in the Indian economy: a comprehensive material flow analysis'; 'Towards a Circular Plastics Economy: India's Actions to #BeatPlasticPollution'; microplastics studies in wastewater treatment plants and in the Brahmani river-mangrove system, Bhitarkanika. Innovation support: 'Support to Start-ups and Innovators on Alternate Packaging Materials'. Outreach: the infographic 'Single-use plastic: Problems and alternatives'. TERI has also assessed beverage-packaging options through a comparative LCA and management of post-consumer Tetra Pak cartons.",MEDIUM,8,0,NO,
Q076,What are TERI's solutions for urban waste management and sanitation?,GOLD_VERIFIED,narrative/summary,"TERI's urban waste and sanitation solutions cover characterisation, planning, technology, audit and capacity building. Technology: TEAM bio-methanation for organic waste (deployed at NTPC-Farakka) and RDF preparation and co-processing from municipal solid waste. Characterisation and planning: sampling, characterisation and BMP assessment of municipal solid waste from Rajkot and Ahmedabad; GIZ-TERI support to Panjim to reduce GHG emissions through municipal waste management. Audit and assurance: third-party quality-assurance audit for the Solid Waste Management in Delhi project; municipal solid waste management audits in East Delhi and Varanasi wards, with published argument that independent audits can guide urban local bodies to reduce, reuse and recycle. Capacity building: Solid Waste Management exposure workshops for officials of Urban Local Bodies and elected representatives under the Swachh Bharat Mission (Urban), and a training programme for municipal staff for a cleaner and greener Lucknow. Sanitation and policy: the discussion paper 'Aligning India's Sanitation Policies with the SDGs', WASH school programmes with corporate partners, a Training of Trainers programme for the rural sanitation sector, and research on achieving SDGs in water and sanitation in India. TERI's stated goals include enabling the planning and governance of environmentally sustainable cities through management of solid waste, sewage and sanitation.",MEDIUM,15,0,NO,
Q077,How can industries improve resource efficiency through circular practices?,GOLD_VERIFIED,narrative/summary,"TERI's answer to how industries can improve resource efficiency through circular practices, as documented: sector roadmaps and studies (the Resource Efficiency Initiative detailed study of India's automobile sector; 'Maximising Resource Efficiency and Circularity in the Electrical and Electronic Equipment Value Chain'; the study on circular economy of end-of-life vehicles); policy instruments (an integrated resource-efficiency policy for India developed with public input, the roadmap TERI prepared to foster resource-efficiency policy, and inputs to end-of-life vehicle scrapping and metal-recycling policies for CPCB); state strategy (the Goa resource efficiency and circular-economy strategy, India's first); standards and business models (webinars on standards for fostering resource efficiency and circular economy in India and on business models for recycling and material-recovery infrastructure); and firm-level services (detailed energy, water and resource-efficiency audits with techno-economic recommendations, energy-performance benchmarking, technical consultancy for energy conservation and resource efficiency at plant level). TERI's research also led to the creation of the Indian Resource Panel.",MEDIUM,14,0,NO,
Q078,How does TERI support sustainable materials management?,NEEDS_HUMAN_REVIEW,narrative/summary,,,5,0,YES,TERM NOT USED BY TERI
Q079,What technologies are available for waste valorization?,GOLD_VERIFIED,aggregation/list,"Waste-valorisation technologies documented in the corpus: TEAM (TERI's Enhanced Acidification and Methanation) for organic waste to biogas; pilot-scale pyrolysis-oil generation from multi-feedstock (biomass, tyre and other waste), and an earlier pilot-scale pyrolysis test unit for liquid biofuels and value-added products; Refuse Derived Fuel from municipal solid waste with co-processing; Oilzapper and Oilivorous-S microbial formulations that convert oil-contaminated soil and oily sludge into harmless products; waste-derived nanomaterials (industrial wastes to nano-commodities; bioresources to nanomaterials); sericin hybrid nanoflowers from silk-industry waste protein; rice-straw-derived cellulose and cellulose-nanofibre coating materials; recovery of rare-earth elements from coal and coal ash via urban mining; algal and biomass conversion routes to bio-crude, bio-oil and carotenoids via hydrothermal liquefaction; and second-generation ethanol from rice straw.",MEDIUM,13,0,NO,
Q080,"What green building rating services does TERI provide,",GOLD_VERIFIED,factual,"TERI's Ratings & Certification service assists projects in achieving national and international green-building certifications, including GRIHA, with performance assessments and documentation support across all project stages. GRIHA - Green Rating for Integrated Habitat Assessment - was jointly developed by the Ministry of New and Renewable Energy (MNRE), Government of India and TERI in 2007, is administered and promoted by the GRIHA Council, and holistically evaluates a building's environmental performance over its entire life cycle against qualitative and quantitative criteria. TERI also offers GRIHA Water Positive Certification (consulting, audit and certification, with water audits of existing buildings and complexes), and a GRIHA Infrastructure Rating for logistics parks and warehouses was launched in 2026. Historically TERI's environmental-design group has also provided LEED facilitation.",HIGH,6,0,NO,
Q081,What is the difference between LEED and GRIHA ratings?,NEEDS_HUMAN_REVIEW,comparison,,,5,0,YES,NO COMPARISON EXISTS IN THE CORPUS
Q082,How can my company consult with TERI for carbon footprinting and ESG reporting?,GOLD_VERIFIED,factual / procedural,"For corporate engagement on carbon footprinting and ESG reporting, TERI's designated interface is the TERI Council for Business Sustainability (TERI CBS), which connects TERI's research to the corporate world; member services include sustainability strategy and roadmap development, performance benchmarking and improvement, and tailor-made advisory (strategy development, performance assessment and improvement, capacity building/MDPs), with complimentary consulting person-days and discounted paid consulting, and - for Gold members - a complimentary assessment of the sustainability report. On the technical side TERI has developed GHG calculators covering Scope 1, 2 and 3 emissions and conducts carbon-footprint assessments (e.g. of a dairy value chain, of Pune city, of urban public transport, of national highways) and ESG-based reporting work (Green Port Index and ESG-based Reporting for Indian Major Ports). It also runs capacity building on carbon footprint assessment and management and an ESG certification programme with NDTV. General contact is mailbox@teri.res.in (+91 11 2468 2100 / 7110 2100).",MEDIUM,11,0,NO,
Q083,Does TERI provide Life Cycle Assessment (LCA) services?,GOLD_VERIFIED,factual,"Yes. TERI's Environmental Design & Technical Advisory service explicitly lists life cycle assessments among its expertise (alongside emission inventories, logistics decarbonisation and sustainable mobility). Documented LCA work includes: the comparative LCA study 'Sustainable Beverage Packaging Options in India' (with a finding that aluminium beverage cans have superior environmental performance) under the project 'Rethinking Packaging: Aluminium as Sustainable Packaging Solutions in India'; a Comprehensive Life Cycle Assessment of Sugar-based Sustainable Aviation Fuel for India (2025-26, with a roundtable in July 2026); a comparative LCA between powertrain components of ICE vehicles and EVs; and an LCA of hot-mix and cold-mix technologies for road construction and maintenance. TERI has also applied LCA methodology to estimate the carbon footprint of India's national-highway network, and uses a material circularity indicator alongside LCA in packaging work.",MEDIUM,10,0,NO,
Q084,Can TERI assist in conducting an energy audit for my industrial facility?,GOLD_VERIFIED,factual,"Yes. TERI conducts detailed energy, water and resource-efficiency audits across sectors, offering techno-economic recommendations backed by simulations and monitoring. For industry specifically it assists plants in reducing energy consumption through plant-level audits and undertakes technology assessments of energy and environmental performance for different industrial sectors. Its resource conservation / energy audit service reports audits of around 200 buildings across hotels, commercial offices, hospitals, schools, universities, shopping malls and theatres, with detailed analysis of lighting, HVAC, water heating, electrical steam boilers and steam distribution to find energy waste; validation of energy performance by computer simulation and modelling; water-demand estimation and conservation measures; energy-management programmes for service industries; an instrument pool (digital lux meters, temperature indicators, flue-gas analyzer, anemometer, ultrasonic flow meter, hygrometer, power analyzer); and techno-economic proposals for identified conservation measures from different vendors. TERI also runs MSME energy-efficiency capacity work with BEE.",HIGH,6,0,NO,
Q085,What sustainability advisory services does TERI offer?,GOLD_VERIFIED,aggregation/list,"TERI's website publishes 30 service nodes. They group into: policy and advisory (Policy, Strategic Planning & Advocacy; Policy intervention and analysis; Multidisciplinary research and policy advice; Policy research on the role of resources in national and global sustainable development); audits, validation and programme management (Audits, Validation & PMU Support; Project Monitoring Unit; Energy performance benchmarking; Resource conservation study / energy audit / energy management programme); climate and environment assessment (Climate change risk assessment; Air Quality Research; Carbon sequestration potential and biodiversity assessment; Impact evaluation of CSR initiatives); design and built environment (Environmental Design & Technical Advisory; Environmental design consultancy and advisory services; Research & development; Research, Innovation & Impact Assessment); ratings and certification (Ratings & Certification; Water Positive Certification); testing (Water, soil and sludge testing); water and natural resources (Multidisciplinary research on natural resource conservation; Multidisciplinary research on natural resource conservation; Capacity building for management of natural resources; Technology for reclaiming wastelands); technology and products (Enhanced oil recovery from mature oil reserves; Next generation technology to produce high-quality mycorrhiza; Energy efficient and environment-friendly solutions; CSR engagements to provide clean energy solutions); and capacity building and knowledge (Training & Capacity Building; Capacity Building & Knowledge Dissemination; Publication of academic and reference material; World Digital Library on Sustainable Development).",HIGH,32,0,NO,
Q086,What benefits can organizations gain from TERI's environmental design consultancy?,GOLD_VERIFIED,narrative/summary,"TERI's environmental-design consultancy offers complete green design consultancy: site-planning inputs, full building performance analysis, evaluation of energy systems, renewable-energy integration, water and waste management strategies, and achieving indoor air-quality standards, with designs reviewed to incorporate energy efficiency into the building envelope and systems design. It uses a wide range of computation and simulation tools - DOE2, TRNSYS, ECOTECT, RADIANCE, FLOVENT, AGI32, LUMEN DESIGNER, BLAST, Phoenics, RETScreen - to assess the environmental and cost impact of design decisions. Its Environmental Design & Technical Advisory line adds emission inventories, life cycle assessments, logistics decarbonisation and sustainable mobility, and co-creates climate-responsive, inclusive and resilient infrastructure strategies with governments, public agencies and communities. So the benefits an organisation can expect are: quantified environmental AND cost impact of design choices, energy- and water-efficient buildings, renewable integration, indoor air-quality compliance, and support towards GRIHA/green certification.",HIGH,4,0,NO,
Q087,Does TERI provide support for environmental impact assessments?,NEEDS_HUMAN_REVIEW,factual,,,3,0,YES,NO EIA SERVICE DOCUMENTED
Q088,How can TERI help organizations achieve resource efficiency?,GOLD_VERIFIED,narrative/summary,"TERI helps organisations achieve resource efficiency at three levels. Firm level: detailed energy, water and resource-efficiency audits with techno-economic recommendations backed by simulations and monitoring; plant-level energy audits and technology assessments; resource-conservation studies for buildings and complexes; water audits and quality testing with recommendations on water-saving fixtures, rainwater-harvesting potential and reuse of treated wastewater; and development and promotion of energy-efficient, environment-friendly technologies that let supply chains cut fuel use and improve environmental performance. Sector/value-chain level: resource-efficiency studies for the automobile sector and the electrical and electronic equipment value chain, and end-of-life-vehicle circularity work. System level: the integrated resource-efficiency policy roadmap for India, the Goa resource-efficiency and circular-economy strategy, the Indian Resource Panel, standards webinars, and business models for recycling and material-recovery infrastructure. Project Monitoring Units support state and local governments implementing ECBC/ECSBC.",MEDIUM,10,0,NO,
Q089,What sustainability assessment tools are offered by TERI?,GOLD_VERIFIED,aggregation/list,"Sustainability assessment tools TERI offers or has developed: the GRIHA rating system (life-cycle environmental-performance evaluation of buildings, developed with MNRE in 2007) and the GRIHA Infrastructure Rating for logistics parks and warehouses; GRIHA Water Positive Certification with water audits; GHG calculators covering Scope 1, 2 and 3 emissions; the Freight Greenhouse Gas Calculator; the Green Port Performance Index (GPPI); the Green Budgeting Toolkit 2.0; the SDG Blueprint Tool for Sustainable Agriculture; the Vulnerability Index Tool for health vulnerability assessment; the Integrated Air Quality Index (AQI) and Liveability Framework; the MTCoE Daylight Plugin Tool; and a Transport Demand Management toolkit for city officials. TERI's climate-change risk assessment additionally provides climate projections, vulnerability and adaptation assessments and GHG inventorization using established models and an in-house super-computing facility.",MEDIUM,13,0,NO,
Q090,What services does TERI's NABL-accredited laboratory provide?,GOLD_VERIFIED,factual,"TERI operates more than one NABL-accredited testing capability. Its 'Water, soil and sludge testing' service states: 'Accredited by the National Accreditation Board for Testing and Calibration Laboratories (NABL) we provide services to test water (ground, surface, and drinking water), soil, and sludge.' Its Air Quality Research service states it provides end-to-end air-quality and atmospheric-environment solutions through a NABL-accredited laboratory covering monitoring, emissions assessment, source apportionment, forecasting, impact evaluation and air-quality management planning. The Mahindra-TERI Centre of Excellence states its material-performance testing facility is NABL-accredited and uses ISO and ASTM standards to measure thermal properties (e.g. thermal conductivity per ISO 22007-2). TERI annual reports additionally record an EIB Laboratory NABL-accredited for water testing and hydrocarbon analysis, and a laboratory accredited as a NABL testing lab for packaged drinking water (per IS:14543) for some chemical parameters.",MEDIUM,5,0,NO,
Q091,Can TERI conduct air quality testing and monitoring?,GOLD_VERIFIED,factual,"Yes. TERI's Air Quality Research provides end-to-end air-quality and atmospheric-environment solutions through its NABL-accredited laboratory, covering monitoring, emissions assessment, source apportionment, forecasting, impact evaluation and air-quality management planning at urban, regional and national scales, plus policy and decision-support systems, environmental-compensation assessment, third-party audits, sustainable residue management, pilot demonstrations of emission-reduction technologies and capacity building. In project work TERI has carried 24-hourly PM2.5 and PM10 monitoring across summer and winter seasons using its NABL-accredited laboratory, and has run city-scale emission-inventory, source-apportionment and carrying-capacity studies and pollution-hotspot identification through dispersion modelling.",HIGH,4,0,NO,
Q092,What water quality testing services are available?,GOLD_VERIFIED,factual,"Yes. TERI's NABL-accredited testing service covers water - ground, surface and drinking water - alongside soil and sludge. Separately, TERI conducts water audits and quality testing that typically include estimation of building water use, recommendations on water-saving fixtures, estimation of landscape water demand (soft areas, plant-species and climatic factors), estimation of rainwater-harvesting potential, and recommendations on reuse and recycling of treated wastewater and rainwater plus appropriate wastewater-management schemes and systems. Water audits are also part of GRIHA Water Positive Certification. TERI annual reports additionally record NABL accreditation for packaged drinking water testing (per IS:14543) for some chemical parameters, testing of water, food and beverages for chemical, microbial and elemental parameters, and an EIB Laboratory accredited for water testing and hydrocarbon analysis.",HIGH,6,0,NO,
Q093,Does TERI offer soil testing and environmental analysis?,GOLD_VERIFIED,factual,"Yes for soil. TERI's NABL-accredited testing service provides testing of soil (alongside water and sludge). Related environmental-analysis capability documented elsewhere: air-quality monitoring and analysis through a NABL-accredited laboratory; thermal and material-performance testing at the Mahindra-TERI Centre of Excellence to ISO and ASTM standards; water, food and beverage testing for chemical, microbial and elemental parameters; hydrocarbon analysis at the EIB Laboratory; and soil-health work under TERI's mycorrhizal biofertiliser and wasteland-reclamation programmes.",MEDIUM,6,0,NO,
Q094,How can organizations utilize TERI's laboratory facilities?,NEEDS_HUMAN_REVIEW,factual / procedural,,,5,0,YES,NO ACCESS PROCESS DOCUMENTED
Q095,What analytical capabilities are available through TERI's testing laboratories?,GOLD_VERIFIED,aggregation/list,"Analytical capabilities documented across TERI's testing facilities: water testing (ground, surface and drinking water), soil testing and sludge testing under NABL accreditation; packaged drinking water testing per IS:14543 for some chemical parameters, and testing of water, food and beverages for chemical, microbial and elemental parameters; hydrocarbon analysis and water testing at the NABL-accredited EIB Laboratory; air-quality monitoring and analysis including 24-hourly PM2.5 and PM10 measurement, emissions assessment, source apportionment and dispersion modelling through a NABL-accredited laboratory; and material-performance testing at the Mahindra-TERI Centre of Excellence, NABL-accredited and using ISO and ASTM standards to measure thermal properties under controlled laboratory conditions (including thermal conductivity per ISO 22007-2).",MEDIUM,6,0,NO,
Q096,What training programmes and workshops does TERI offer?,GOLD_VERIFIED,narrative/summary,"TERI runs training and capacity-building for professionals, officials and communities. Its Training & Capacity Building service targets architects, building developers and service engineers on topics including Green & Resource Efficient Developments, Construction Site Planning and Management - A GRIHA Approach, Resource Efficiency (Energy & water) in the Building Sector, Smart Cities/Urban Infrastructure, Green Construction, Disaster Management & Mitigation, Energy Conservation in Buildings, Construction & Demolition Waste Management, Zero Discharge Campus development, Solid Waste Management, Green Building Rating Systems in the Indian Context, Low Cooling Technologies, Net Zero Energy Buildings, ECBC compliance using whole-building performance method (eQUEST energy simulation), lighting and building automation with hands-on DIAlux training, HVAC and refrigeration, Green Cooling Technologies, O&M guidelines and Green Supply Chain; TERI states over 10,000 architects, developers and engineers have gone through these programmes, refresher courses, seminars and workshops. Its Capacity Building & Knowledge Dissemination service adds technical trainings, policy dialogues, e-courses, public engagements and academic partnerships. It also runs TERI-ITEC international courses, sectoral trainings (integrated watershed management, air-quality management for pollution control boards, biogas project risks, BESS, carbon-stock assessment, green shipping PtX), skilling programmes (Future-In-Charge for EV charging), and youth workshops (Innovate4Environment).",HIGH,10,0,NO,
Q097,Are there any upcoming TERI training programmes?,GOLD_VERIFIED,current-state / count,"As of the corpus snapshot (events indexed to 2026-08-18, today 2026-08-19) only three events have a start date on or after 19 August 2026, and none of them is a training programme: the Darbari Seth Memorial Lecture 2026 (21 August 2026 IST, Stein Auditorium, India Habitat Centre, New Delhi); the UNCCD COP17 Green Zone Finance Day panel on 'Digital MRV & Carbon Finance' (24 August 2026); and the WCEF2026 Accelerator Session on Circular Public Procurement and Ecolabels (18 September 2026). The correct answer is therefore that the corpus lists no upcoming training programme, only these three upcoming events, and that a user should check TERI's Announcements and Events pages for new listings.",MEDIUM,5,0,NO,
Q098,Does TERI offer online learning and certification programmes?,GOLD_VERIFIED,factual / aggregation,"Yes. Documented online and certification programmes: the e-Certificate Course on Mainstreaming Urban Climate Action, launched in September 2021 as the first international e-certificate course of its kind; the Online Training and Capacity Building (OTCB) Certificate Programme on Developing Treated Wastewater Reuse (2021); a Certificate Course in 'Sustain and Enhance Technical Knowledge in Solar Energy Systems' at Guwahati; and a three-month ESG certification programme launched with NDTV in August 2025 (also described as an ESG Certification Program by TERI-NDTV). TERI's Capacity Building & Knowledge Dissemination service states it promotes its topics through e-courses, public engagements and academic partnerships. A Corporate Sustainability Leadership Programme 2026 focused on ESG, AI and carbon was also unveiled.",MEDIUM,9,0,NO,
Q099,Are certificates awarded upon successful completion of TERI programmes?,GOLD_VERIFIED,factual,"Yes, in the cases the corpus documents. For internships, TERI 'awards a certificate at the end of the term' and the supervisor completes an evaluation form provided by the intern's institution, with the intern expected to submit a report and, if possible, make a presentation. TERI also runs explicitly certificate-bearing programmes - the e-Certificate Course on Mainstreaming Urban Climate Action, the Online Training and Capacity Building (OTCB) Certificate Programme on treated wastewater reuse, a Certificate Course on solar energy systems at Guwahati, and a three-month ESG certification programme with NDTV - whose names indicate certification on completion.",MEDIUM,5,0,NO,
Q100,Does TERI provide capacity-building programmes for government officials?,GOLD_VERIFIED,factual / aggregation,"Yes. Documented capacity building for government officials: a Training Programme for IAS officers on Regulation and reforms in Infrastructure sectors (2008); refresher courses for Indian Forest Service officers, including a 5-day refresher course on Environment Economics and Accounting, a one-week refresher course on Carbon-Based Forest Financing, and training on developing Project Design Documents for forestry Clean Development Mechanism projects; capacity-building training for officials of the West Bengal Pollution Control Board and a Capacity Building Program on Ambient Air Quality Management in Kolkata; Solid Waste Management exposure workshops for officials of Urban Local Bodies and elected representatives under the Swachh Bharat Mission (Urban); a training programme strengthening municipal staff for a cleaner and greener Lucknow; international training under a Capacity Building Program in the power sector for departmental officials; training on Climate Resilient Integrated Watershed Management with the State Level Nodal Agency; and a policy brief on 'Capacity Needs of Government Officials for Integration of Energy and Human Development'. TERI also manages Project Management Units embedded with state and local governments (Sustainable Habitat cell in Vijayawada; ECBC cells in Odisha, Punjab and Haryana).",HIGH,13,0,NO,
Q101,Does TERI conduct training programmes for NGOs and civil society organizations?,NEEDS_HUMAN_REVIEW,factual,,,4,0,YES,EVIDENCE TOO THIN
Q102,What international training programmes are conducted by TERI?,GOLD_VERIFIED,aggregation/list,"Yes. TERI's principal international training vehicle is the TERI-ITEC courses run under the Indian Technical and Economic Cooperation programme, spanning at least 2013-14 to 2017-18, with courses including Energy Access and Human Development; Decentralised energy solutions - planning and implementation; Climate change and sustainability; Trade and sustainable development - issues for developing countries; Resource security and governance issues; Renewable Energy and Energy Efficiency (also run as the TERI-ITEC International Training Programme on Renewable Energy and Energy Efficiency, REEE); Applications of Biotechnology and its Regulation; Mainstreaming Sustainable Development; and an Integrated approach towards sustainable development. Other international training: international training under a Capacity Building Program in the power sector for foreign departmental officials; short-term external training and experience-sharing study visits on biogas development for an Ethiopian delegation; the first international e-Certificate Course on Mainstreaming Urban Climate Action (2021); a TERI-DST training programme on Green Growth for Sustainable Development; and Innovate4Environment UK-India youth workshops with the British Council and the University of Warwick.",HIGH,12,0,NO,
Q103,What sustainability courses are available through TERI?,NEEDS_HUMAN_REVIEW,aggregation/list,,,5,0,YES,AMBIGUOUS AND NO CATALOGUE
Q104,Are there academic programmes offered by TERI School of Advanced Studies (TERI SAS)?,NEEDS_HUMAN_REVIEW,factual,,,5,0,YES,TERI SAS CONTENT IS NOT IN THE CORPUS
Q105,"What courses are available in environmental studies, sustainability, and climate change?",NEEDS_HUMAN_REVIEW,aggregation/list,,,4,0,YES,Same gap as Q103/Q104: no course catalogue for either TERI's professional programmes or TERI SAS degrees
Q106,How can students enroll in TERI SAS programmes?,NO_SUPPORTED_ANSWER,factual / procedural,The corpus contains no information on enrolling in TERI School of Advanced Studies programmes.,,3,0,NO,"Marked NO_SUPPORTED_ANSWER because the absence is establishable: TERI SAS runs on a separate domain (terisas.ac.in) with zero ingested URLs, and no admissions content exists anywhere in the 11,991 documents"
Q107,How can I search TERI's research publications?,GOLD_VERIFIED,factual / procedural,"TERI's publications can be searched and browsed through several routes documented in the corpus: the Articles & Publications page (teriin.org/articles-publications), which lists TERI authors' articles, op-eds, policy briefs and book chapters with dates and the publication they appeared in; the Documents/Brochures hub (teriin.org/documents), linking Annual Reports, Brochures, Newsletters and TERI's Solutions for Sustainable Development; the TERI Library / Knowledge Resource Centre catalogue at library.teri.res.in, with abstracting services, literature search, reference and referral, document delivery, inter-library loan, a Digital Library, an Institutional Repository and online journals, books and databases; and the World Digital Library on Sustainable Development. The website also carries dedicated policy-brief, research-paper, report, article and infographic sections.",MEDIUM,7,0,NO,
Q108,What are TERI's most recent publications on renewable energy?,NEEDS_HUMAN_REVIEW,aggregation/list + time-range,,,8,0,YES,'MOST RECENT' IS COMPUTABLE BUT 'PUBLICATIONS ON RENEWABLE ENERGY' IS NOT A DERIVABLE SET
Q109,Can you recommend reports on climate change adaptation?,GOLD_VERIFIED,aggregation/list,"TERI reports and papers on climate change adaptation that can be recommended from the corpus: 'A Transformative Global Goal on Adaptation: Scope, Science and Policy' (policy brief, Nov 2024); 'Road to Dubai and the Global Goal on Adaptation' (policy brief, Nov 2023, launched at a pre-COP28 dialogue); 'Climate Resilience in Water Resource Management in India: A Conceptual Framework for Action' (policy brief, Sept 2024); 'Who is adapting and how? Identifying actors and roles in climate change adaptation' and 'A global assessment of actors and their roles in climate change adaptation' (research papers, Oct 2023); and 'Mapping Policies and Stakeholders on Climate Adaptation for Crop-Based Systems in the Global South' (project). Related: TERI's knowledge documents on imperatives for the Global South on adaptation ahead of COP28, and its statement that India's LT-LEDS builds the case for adaptation and enhancing climate resilience.",MEDIUM,9,0,NO,
Q110,What policy briefs has TERI recently published?,GOLD_VERIFIED,aggregation/list + time-range,"The most recently published TERI policy briefs in the corpus snapshot, newest first: 'Battery Assembly and Container Testing: Safety, Global Best Practices and Way Forward' (11 Aug 2026); 'Solar Thermal Energy for Industrial Decarbonization' (5 Aug 2026); 'Discussion Brief: Sustainable Land Futures for Utility Scale RE Expansion in States' (31 Jul 2026); 'Tenure Dynamics in Land Procurement in Rajasthan's Utility-Scale Solar Energy Transition' (31 Jul 2026); 'Fly Ash Utilization and Transportation - Increasing Rail Share in Fly Ash Transportation' (21 Jul 2026); 'Unlocking Solar at Scale: How Agrivoltaics Overcome Land Constraints in India's Energy Transition' (6 Jul 2026); 'Towards Cleaner Freight in Delhi' (29 Jun 2026); 'Study on Circular Economy of End-of-Life Vehicles and Other Sectors' (16 Jun 2026); 'Decarbonizing Transport: Supply-side Policies & Opportunities for Uttar Pradesh' (4 Jun 2026); 'A Five Pillar Framework for Bankability' (29 May 2026); 'Indian Armed Forces and Environmental Sustainability' (27 May 2026); and 'Feasibility Study of Energy Access for Enterprise Promotion' (21 May 2026). The corpus holds 247 policy-brief nodes in total.",MEDIUM,14,0,NO,
Q111,Where can I download TERI's annual reports,GOLD_VERIFIED,factual,"TERI's annual reports are on the Annual Reports page at teriin.org/annual-reports, which links direct PDF downloads for Annual Report 2024-25 (teriin.org/files/TERI-Annual-Report-2024-25.pdf), 2023-24, 2022-23, 2021-22, 2020-21, 2019-20, 2018-19, 2017-18, 2016-17 and 2015-16. The page is also reachable from the Documents/Brochures hub at teriin.org/documents.",HIGH,2,0,NO,
Q112,What publications are available on Sustainable Development Goals?,GOLD_VERIFIED,aggregation/list,"TERI publications on the SDGs documented in the corpus include: 'India and Sustainable Development Goals (SDGs)' (policy brief); the Special Commentary 'Sustainable Development Goals: An India Perspective'; 'Aligning India's Water Resource Policies with the SDGs' and the discussion paper 'Aligning India's Sanitation Policies with the SDGs'; 'Achieving SDGs in water and sanitation sectors in India'; 'Synergies between Climate Action and SDGs: Implications for Multilateralism' (Oct 2024); 'Re-anchoring CBDR-RC in Human Development and SDGs for Climate Justice' (Nov 2025); 'Reconciling Value Trade-Offs in Advancing Sustainable Development Goals: Risks and Opportunities' (Nov 2024); the 'SDG Blueprint for Sustainable Agriculture' (Mar 2024) and the accompanying tool; documents on the SDG 7 and SDG 13 interfaces with sustainable agriculture; 'Artificial Intelligence in Climate Resilience: Evaluating Contributions to SDG 13' (2025); 'Achieving SDG 14 in India: Assessing Progress Towards Sustainable Oceans'; and the Act4Earth SDG Charter paper series. TERI also coordinates continuing SDG policy products - Think Pieces, Policy Briefs and Discussion Papers - through its SDG and Policy Coordination initiative.",MEDIUM,14,0,NO,
Q113,How can researchers obtain project reports and technical documents?,GOLD_VERIFIED,factual / procedural,"Researchers can obtain TERI project reports and technical documents through the TERI Library / Knowledge Resource Centre. Membership is open to researchers, staff of non-governmental organizations, government officials, employees of corporate bodies, students, teachers, consultants and policy-makers in energy, environment and sustainable development; application forms are available at the library help desk or downloadable from the website, and proof of identity is required. Relevant services include document delivery, inter-library loan, reprography (photocopying at a nominal fee), literature search, reference and referral, a Digital Library, an Institutional Repository, a Project Based Information Service (PBIS) and projects/publication updates from other institutes; the catalogue is at library.teri.res.in. Library resources are available for reference and inter-library loans are allowed, but borrowing of resources is not. Many TERI reports, policy briefs and brochures are also downloadable directly from teriin.org (Annual Reports, Brochures, Documents and the Articles & Publications page).",MEDIUM,7,0,NO,
Q114,Who are TERI experts working on climate change?,NEEDS_HUMAN_REVIEW,person lookup,,,1,0,YES,NO EXPERT DIRECTORY
Q115,Which TERI experts specialize in renewable energy?,NEEDS_HUMAN_REVIEW,person lookup,,,1,0,YES,Same structural gap as Q114
Q116,Who can I contact regarding green hydrogen research?,NEEDS_HUMAN_REVIEW,person lookup / factual,,,2,0,YES,NO TOPIC-LEVEL CONTACT ROUTING
Q117,Which experts work on sustainable agriculture and food systems?,NEEDS_HUMAN_REVIEW,person lookup,,,1,0,YES,Same structural gap as Q114/Q115
Q118,Who are TERI's specialists in ESG and sustainable finance?,NEEDS_HUMAN_REVIEW,person lookup,,,4,0,YES,WEAKEST OF THE EXPERT QUESTIONS
Q119,Which researchers work on AI and sustainability?,GOLD_VERIFIED,person lookup,"The TERI researchers the corpus associates with AI and sustainability are Dr Jitendra Vir Sharma and Mr Sayanta Ghosh, recorded as the authors of TERI's AI-for-land-restoration work - 'Artificial intelligence for restoring land: A review of land degradation mapping, climate change prediction and ecosystem service valuation' (2026) and 'AI for Restoring Degraded Lands: Mapping Degradation, Predicting Climate Risk and Valuing Ecosystem Services'. Mr Sayanta Ghosh is also the recorded author of 'GIS & Machine Learning Based Approaches to Assess Forest and Biodiversity Vulnerability Under Climate Stress: A Case Study from Assam, India' (2025). A further AI paper, 'Artificial Intelligence in Climate Resilience: Evaluating Contributions to SDG 13' (2025), has no usable author record. TERI has also run a Hybrid Seminar on Ethics in AI: Framework for Academic and Research Institutions in India and a Webinar on Leveraging AI Tools Across the Research Lifecycle, and its Corporate Sustainability Leadership Programme 2026 covers AI.",LOW,7,0,NO,
Q120,How can I collaborate with TERI researchers?,NEEDS_HUMAN_REVIEW,factual / procedural,,,4,0,YES,NO RESEARCH-COLLABORATION ROUTE DOCUMENTED
Q121,"How can organizations partner with TERI for research, innovation, policy advisory, or implementation projects?",GOLD_VERIFIED,factual / procedural,"For organisations, TERI's documented partnering routes are: (1) the TERI Council for Business Sustainability (TERI CBS), the interface connecting TERI's research to the corporate world, governed by an Executive Committee of member-company CEOs, with membership tiers (all members / Gold) and stated benefits and services - complimentary consulting person-days, discounted paid consulting, sustainability strategy and roadmap development, performance benchmarking and improvement, participation in policy advocacy, training and capacity building, tailor-made advisory, participation in pilots, working groups and policy dialogues, and forums for board members and Chief Sustainability Officers; (2) co-created Centres of Excellence with corporate and government partners (CONCOR, Mahindra, Tata Chemicals, Chambal Fertilisers/CFCL, NMCG, DBT); (3) consultancy and technical services described on the Areas of Work page (consultancy & advisory, strategy development for corporates, testing and certification, capacity building) and in the 30 service nodes; and (4) MoU-based bilateral partnerships (numerous examples with state utilities, ministries, industry associations and international agencies). The general enquiry route is mailbox@teri.res.in, (+91 11) 2468 2100 / 7110 2100, Darbari Seth Block, India Habitat Centre, Lodhi Road, New Delhi 110 003.",MEDIUM,12,0,NO,
