"filename", "language", "Python", "Markdown", "JSON", "comment", "blank", "total"
"d:\OneDrive - The Energy and Resources Institute\Desktop\My_Files\Projects\Agentic-RAG-Chatbot\app\__init__.py", "Python", 0, 0, 0, 0, -1, -1
"d:\OneDrive - The Energy and Resources Institute\Desktop\My_Files\Projects\Agentic-RAG-Chatbot\app\api\__init__.py", "Python", 0, 0, 0, 0, -1, -1
"d:\OneDrive - The Energy and Resources Institute\Desktop\My_Files\Projects\Agentic-RAG-Chatbot\app\api\auth.py", "Python", -68, 0, 0, -11, -23, -102
"d:\OneDrive - The Energy and Resources Institute\Desktop\My_Files\Projects\Agentic-RAG-Chatbot\app\api\chat.py", "Python", -48, 0, 0, -14, -14, -76
"d:\OneDrive - The Energy and Resources Institute\Desktop\My_Files\Projects\Agentic-RAG-Chatbot\app\api\health.py", "Python", -68, 0, 0, -4, -15, -87
"d:\OneDrive - The Energy and Resources Institute\Desktop\My_Files\Projects\Agentic-RAG-Chatbot\app\api\ingest.py", "Python", -112, 0, 0, -4, -29, -145
"d:\OneDrive - The Energy and Resources Institute\Desktop\My_Files\Projects\Agentic-RAG-Chatbot\app\api\search.py", "Python", -20, 0, 0, 0, -6, -26
"d:\OneDrive - The Energy and Resources Institute\Desktop\My_Files\Projects\Agentic-RAG-Chatbot\app\api\source.py", "Python", -24, 0, 0, -4, -6, -34
"d:\OneDrive - The Energy and Resources Institute\Desktop\My_Files\Projects\Agentic-RAG-Chatbot\app\app_factory.py", "Python", -36, 0, 0, -15, -11, -62
"d:\OneDrive - The Energy and Resources Institute\Desktop\My_Files\Projects\Agentic-RAG-Chatbot\app\cache\redis_cache.py", "Python", -100, 0, 0, -7, -34, -141
"d:\OneDrive - The Energy and Resources Institute\Desktop\My_Files\Projects\Agentic-RAG-Chatbot\app\cache\semantic_cache.py", "Python", -147, 0, 0, -13, -29, -189
"d:\OneDrive - The Energy and Resources Institute\Desktop\My_Files\Projects\Agentic-RAG-Chatbot\app\config.py", "Python", -106, 0, 0, -94, -7, -207
"d:\OneDrive - The Energy and Resources Institute\Desktop\My_Files\Projects\Agentic-RAG-Chatbot\app\core\__init__.py", "Python", 0, 0, 0, 0, -1, -1
"d:\OneDrive - The Energy and Resources Institute\Desktop\My_Files\Projects\Agentic-RAG-Chatbot\app\core\models.py", "Python", -53, 0, 0, 0, -12, -65
"d:\OneDrive - The Energy and Resources Institute\Desktop\My_Files\Projects\Agentic-RAG-Chatbot\app\deps.py", "Python", -204, 0, 0, -16, -46, -266
"d:\OneDrive - The Energy and Resources Institute\Desktop\My_Files\Projects\Agentic-RAG-Chatbot\app\generation\faithfulness.py", "Python", -57, 0, 0, 0, -20, -77
"d:\OneDrive - The Energy and Resources Institute\Desktop\My_Files\Projects\Agentic-RAG-Chatbot\app\generation\llm_client.py", "Python", -43, 0, 0, -4, -10, -57
"d:\OneDrive - The Energy and Resources Institute\Desktop\My_Files\Projects\Agentic-RAG-Chatbot\app\generation\prompts.py", "Python", -98, 0, 0, -7, -17, -122
"d:\OneDrive - The Energy and Resources Institute\Desktop\My_Files\Projects\Agentic-RAG-Chatbot\app\ingest_main.py", "Python", -19, 0, 0, -4, -10, -33
"d:\OneDrive - The Energy and Resources Institute\Desktop\My_Files\Projects\Agentic-RAG-Chatbot\app\ingestion\backfill.py", "Python", -85, 0, 0, -4, -20, -109
"d:\OneDrive - The Energy and Resources Institute\Desktop\My_Files\Projects\Agentic-RAG-Chatbot\app\ingestion\canonical.py", "Python", -129, 0, 0, -2, -23, -154
"d:\OneDrive - The Energy and Resources Institute\Desktop\My_Files\Projects\Agentic-RAG-Chatbot\app\ingestion\change_detection.py", "Python", -315, 0, 0, -23, -53, -391
"d:\OneDrive - The Energy and Resources Institute\Desktop\My_Files\Projects\Agentic-RAG-Chatbot\app\ingestion\chunker.py", "Python", -687, 0, 0, -29, -160, -876
"d:\OneDrive - The Energy and Resources Institute\Desktop\My_Files\Projects\Agentic-RAG-Chatbot\app\ingestion\embedder.py", "Python", -21, 0, 0, 0, -6, -27
"d:\OneDrive - The Energy and Resources Institute\Desktop\My_Files\Projects\Agentic-RAG-Chatbot\app\ingestion\extractors\camelot_tables.py", "Python", -73, 0, 0, -21, -17, -111
"d:\OneDrive - The Energy and Resources Institute\Desktop\My_Files\Projects\Agentic-RAG-Chatbot\app\ingestion\extractors\drupal_extractor.py", "Python", -536, 0, 0, -44, -85, -665
"d:\OneDrive - The Energy and Resources Institute\Desktop\My_Files\Projects\Agentic-RAG-Chatbot\app\ingestion\extractors\ocr.py", "Python", 0, 0, 0, 0, -1, -1
"d:\OneDrive - The Energy and Resources Institute\Desktop\My_Files\Projects\Agentic-RAG-Chatbot\app\ingestion\extractors\pdf_extractor.py", "Python", -375, 0, 0, -38, -101, -514
"d:\OneDrive - The Energy and Resources Institute\Desktop\My_Files\Projects\Agentic-RAG-Chatbot\app\ingestion\extractors\pymupdf_local.py", "Python", -143, 0, 0, -48, -34, -225
"d:\OneDrive - The Energy and Resources Institute\Desktop\My_Files\Projects\Agentic-RAG-Chatbot\app\ingestion\extractors\text_normalize.py", "Python", -202, 0, 0, -52, -49, -303
"d:\OneDrive - The Energy and Resources Institute\Desktop\My_Files\Projects\Agentic-RAG-Chatbot\app\ingestion\indexer.py", "Python", -103, 0, 0, 0, -39, -142
"d:\OneDrive - The Energy and Resources Institute\Desktop\My_Files\Projects\Agentic-RAG-Chatbot\app\ingestion\ingest_log.py", "Python", -105, 0, 0, -60, -19, -184
"d:\OneDrive - The Energy and Resources Institute\Desktop\My_Files\Projects\Agentic-RAG-Chatbot\app\ingestion\pipeline.py", "Python", -248, 0, 0, -19, -53, -320
"d:\OneDrive - The Energy and Resources Institute\Desktop\My_Files\Projects\Agentic-RAG-Chatbot\app\ingestion\state.py", "Python", -337, 0, 0, -38, -40, -415
"d:\OneDrive - The Energy and Resources Institute\Desktop\My_Files\Projects\Agentic-RAG-Chatbot\app\ingestion\upload.py", "Python", -94, 0, 0, 0, -23, -117
"d:\OneDrive - The Energy and Resources Institute\Desktop\My_Files\Projects\Agentic-RAG-Chatbot\app\local_tests\counting_test\README.md", "Markdown", 0, -22, 0, 0, -9, -31
"d:\OneDrive - The Energy and Resources Institute\Desktop\My_Files\Projects\Agentic-RAG-Chatbot\app\local_tests\counting_test\__init__.py", "Python", 0, 0, 0, 0, -1, -1
"d:\OneDrive - The Energy and Resources Institute\Desktop\My_Files\Projects\Agentic-RAG-Chatbot\app\local_tests\counting_test\run.py", "Python", -135, 0, 0, -20, -32, -187
"d:\OneDrive - The Energy and Resources Institute\Desktop\My_Files\Projects\Agentic-RAG-Chatbot\app\local_tests\drupal_extraction_test\README.md", "Markdown", 0, -45, 0, 0, -12, -57
"d:\OneDrive - The Energy and Resources Institute\Desktop\My_Files\Projects\Agentic-RAG-Chatbot\app\local_tests\drupal_extraction_test\__init__.py", "Python", 0, 0, 0, 0, -1, -1
"d:\OneDrive - The Energy and Resources Institute\Desktop\My_Files\Projects\Agentic-RAG-Chatbot\app\local_tests\drupal_extraction_test\run.py", "Python", -422, 0, 0, -56, -67, -545
"d:\OneDrive - The Energy and Resources Institute\Desktop\My_Files\Projects\Agentic-RAG-Chatbot\app\local_tests\pdf_extraction_test\README.md", "Markdown", 0, -34, 0, 0, -10, -44
"d:\OneDrive - The Energy and Resources Institute\Desktop\My_Files\Projects\Agentic-RAG-Chatbot\app\local_tests\pdf_extraction_test\__init__.py", "Python", 0, 0, 0, 0, -1, -1
"d:\OneDrive - The Energy and Resources Institute\Desktop\My_Files\Projects\Agentic-RAG-Chatbot\app\local_tests\pdf_extraction_test\results\_index.json", "JSON", 0, 0, -515, 0, 0, -515
"d:\OneDrive - The Energy and Resources Institute\Desktop\My_Files\Projects\Agentic-RAG-Chatbot\app\local_tests\pdf_extraction_test\results\_index.md", "Markdown", 0, -21, 0, 0, -3, -24
"d:\OneDrive - The Energy and Resources Institute\Desktop\My_Files\Projects\Agentic-RAG-Chatbot\app\local_tests\pdf_extraction_test\results\achieving_green_steel_roadmap\00_summary.json", "JSON", 0, 0, -39, 0, 0, -39
"d:\OneDrive - The Energy and Resources Institute\Desktop\My_Files\Projects\Agentic-RAG-Chatbot\app\local_tests\pdf_extraction_test\results\achieving_green_steel_roadmap\01_pages.md", "Markdown", 0, -1560, 0, 0, -157, -1717
"d:\OneDrive - The Energy and Resources Institute\Desktop\My_Files\Projects\Agentic-RAG-Chatbot\app\local_tests\pdf_extraction_test\results\achieving_green_steel_roadmap\02_tables.md", "Markdown", 0, -147, 0, 0, -16, -163
"d:\OneDrive - The Energy and Resources Institute\Desktop\My_Files\Projects\Agentic-RAG-Chatbot\app\local_tests\pdf_extraction_test\results\achieving_green_steel_roadmap\03_chunks.md", "Markdown", 0, -1290, 0, 0, -298, -1588
"d:\OneDrive - The Energy and Resources Institute\Desktop\My_Files\Projects\Agentic-RAG-Chatbot\app\local_tests\pdf_extraction_test\results\achieving_green_steel_roadmap\04_metadata.json", "JSON", 0, 0, -92, 0, 0, -92
"d:\OneDrive - The Energy and Resources Institute\Desktop\My_Files\Projects\Agentic-RAG-Chatbot\app\local_tests\pdf_extraction_test\results\achieving_green_steel_roadmap\04_metadata.md", "Markdown", 0, -22, 0, 0, -5, -27
"d:\OneDrive - The Energy and Resources Institute\Desktop\My_Files\Projects\Agentic-RAG-Chatbot\app\local_tests\pdf_extraction_test\results\achieving_green_steel_roadmap\05_qdrant_points.json", "JSON", 0, 0, -254647, 0, 0, -254647
"d:\OneDrive - The Energy and Resources Institute\Desktop\My_Files\Projects\Agentic-RAG-Chatbot\app\local_tests\pdf_extraction_test\results\achieving_green_steel_roadmap\05_qdrant_points.md", "Markdown", 0, -2656, 0, 0, -250, -2906
"d:\OneDrive - The Energy and Resources Institute\Desktop\My_Files\Projects\Agentic-RAG-Chatbot\app\local_tests\pdf_extraction_test\results\achieving_green_steel_roadmap\full_text.md", "Markdown", 0, -1495, 0, 0, -92, -1587
"d:\OneDrive - The Energy and Resources Institute\Desktop\My_Files\Projects\Agentic-RAG-Chatbot\app\local_tests\pdf_extraction_test\results\act4earth_policybrief_sustainable_consumption_lifestyles\00_summary.json", "JSON", 0, 0, -31, 0, 0, -31
"d:\OneDrive - The Energy and Resources Institute\Desktop\My_Files\Projects\Agentic-RAG-Chatbot\app\local_tests\pdf_extraction_test\results\act4earth_policybrief_sustainable_consumption_lifestyles\01_pages.md", "Markdown", 0, -848, 0, 0, -47, -895
"d:\OneDrive - The Energy and Resources Institute\Desktop\My_Files\Projects\Agentic-RAG-Chatbot\app\local_tests\pdf_extraction_test\results\act4earth_policybrief_sustainable_consumption_lifestyles\02_tables.md", "Markdown", 0, -236, 0, 0, -20, -256
"d:\OneDrive - The Energy and Resources Institute\Desktop\My_Files\Projects\Agentic-RAG-Chatbot\app\local_tests\pdf_extraction_test\results\act4earth_policybrief_sustainable_consumption_lifestyles\03_chunks.md", "Markdown", 0, -720, 0, 0, -122, -842
"d:\OneDrive - The Energy and Resources Institute\Desktop\My_Files\Projects\Agentic-RAG-Chatbot\app\local_tests\pdf_extraction_test\results\act4earth_policybrief_sustainable_consumption_lifestyles\04_metadata.json", "JSON", 0, 0, -52, 0, 0, -52
"d:\OneDrive - The Energy and Resources Institute\Desktop\My_Files\Projects\Agentic-RAG-Chatbot\app\local_tests\pdf_extraction_test\results\act4earth_policybrief_sustainable_consumption_lifestyles\04_metadata.md", "Markdown", 0, -22, 0, 0, -5, -27
"d:\OneDrive - The Energy and Resources Institute\Desktop\My_Files\Projects\Agentic-RAG-Chatbot\app\local_tests\pdf_extraction_test\results\act4earth_policybrief_sustainable_consumption_lifestyles\05_qdrant_points.json", "JSON", 0, 0, -108699, 0, 0, -108699
"d:\OneDrive - The Energy and Resources Institute\Desktop\My_Files\Projects\Agentic-RAG-Chatbot\app\local_tests\pdf_extraction_test\results\act4earth_policybrief_sustainable_consumption_lifestyles\05_qdrant_points.md", "Markdown", 0, -1139, 0, 0, -109, -1248
"d:\OneDrive - The Energy and Resources Institute\Desktop\My_Files\Projects\Agentic-RAG-Chatbot\app\local_tests\pdf_extraction_test\results\act4earth_policybrief_sustainable_consumption_lifestyles\full_text.md", "Markdown", 0, -827, 0, 0, -26, -853
"d:\OneDrive - The Energy and Resources Institute\Desktop\My_Files\Projects\Agentic-RAG-Chatbot\app\local_tests\pdf_extraction_test\results\advanced_green_fuels_for_maritime\00_summary.json", "JSON", 0, 0, -42, 0, 0, -42
"d:\OneDrive - The Energy and Resources Institute\Desktop\My_Files\Projects\Agentic-RAG-Chatbot\app\local_tests\pdf_extraction_test\results\advanced_green_fuels_for_maritime\01_pages.md", "Markdown", 0, -16057, 0, 0, -1244, -17301
"d:\OneDrive - The Energy and Resources Institute\Desktop\My_Files\Projects\Agentic-RAG-Chatbot\app\local_tests\pdf_extraction_test\results\advanced_green_fuels_for_maritime\02_tables.md", "Markdown", 0, -2028, 0, 0, -280, -2308
"d:\OneDrive - The Energy and Resources Institute\Desktop\My_Files\Projects\Agentic-RAG-Chatbot\app\local_tests\pdf_extraction_test\results\advanced_green_fuels_for_maritime\03_chunks.md", "Markdown", 0, -15670, 0, 0, -2439, -18109
"d:\OneDrive - The Energy and Resources Institute\Desktop\My_Files\Projects\Agentic-RAG-Chatbot\app\local_tests\pdf_extraction_test\results\advanced_green_fuels_for_maritime\04_metadata.json", "JSON", 0, 0, -356, 0, 0, -356
"d:\OneDrive - The Energy and Resources Institute\Desktop\My_Files\Projects\Agentic-RAG-Chatbot\app\local_tests\pdf_extraction_test\results\advanced_green_fuels_for_maritime\04_metadata.md", "Markdown", 0, -22, 0, 0, -5, -27
"d:\OneDrive - The Energy and Resources Institute\Desktop\My_Files\Projects\Agentic-RAG-Chatbot\app\local_tests\pdf_extraction_test\results\advanced_green_fuels_for_maritime\05_qdrant_points.json", "JSON", 0, 0, -2034037, 0, 0, -2034037
"d:\OneDrive - The Energy and Resources Institute\Desktop\My_Files\Projects\Agentic-RAG-Chatbot\app\local_tests\pdf_extraction_test\results\advanced_green_fuels_for_maritime\05_qdrant_points.md", "Markdown", 0, -21217, 0, 0, -1969, -23186
"d:\OneDrive - The Energy and Resources Institute\Desktop\My_Files\Projects\Agentic-RAG-Chatbot\app\local_tests\pdf_extraction_test\results\advanced_green_fuels_for_maritime\full_text.md", "Markdown", 0, -15722, 0, 0, -909, -16631
"d:\OneDrive - The Energy and Resources Institute\Desktop\My_Files\Projects\Agentic-RAG-Chatbot\app\local_tests\pdf_extraction_test\results\advanced_green_fuels_for_maritime_part_a_book\00_summary.json", "JSON", 0, 0, -42, 0, 0, -42
"d:\OneDrive - The Energy and Resources Institute\Desktop\My_Files\Projects\Agentic-RAG-Chatbot\app\local_tests\pdf_extraction_test\results\advanced_green_fuels_for_maritime_part_a_book\01_pages.md", "Markdown", 0, -16057, 0, 0, -1244, -17301
"d:\OneDrive - The Energy and Resources Institute\Desktop\My_Files\Projects\Agentic-RAG-Chatbot\app\local_tests\pdf_extraction_test\results\advanced_green_fuels_for_maritime_part_a_book\02_tables.md", "Markdown", 0, -2028, 0, 0, -280, -2308
"d:\OneDrive - The Energy and Resources Institute\Desktop\My_Files\Projects\Agentic-RAG-Chatbot\app\local_tests\pdf_extraction_test\results\advanced_green_fuels_for_maritime_part_a_book\03_chunks.md", "Markdown", 0, -15670, 0, 0, -2439, -18109
"d:\OneDrive - The Energy and Resources Institute\Desktop\My_Files\Projects\Agentic-RAG-Chatbot\app\local_tests\pdf_extraction_test\results\advanced_green_fuels_for_maritime_part_a_book\04_metadata.json", "JSON", 0, 0, -356, 0, 0, -356
"d:\OneDrive - The Energy and Resources Institute\Desktop\My_Files\Projects\Agentic-RAG-Chatbot\app\local_tests\pdf_extraction_test\results\advanced_green_fuels_for_maritime_part_a_book\04_metadata.md", "Markdown", 0, -22, 0, 0, -5, -27
"d:\OneDrive - The Energy and Resources Institute\Desktop\My_Files\Projects\Agentic-RAG-Chatbot\app\local_tests\pdf_extraction_test\results\advanced_green_fuels_for_maritime_part_a_book\05_qdrant_points.json", "JSON", 0, 0, -2034037, 0, 0, -2034037
"d:\OneDrive - The Energy and Resources Institute\Desktop\My_Files\Projects\Agentic-RAG-Chatbot\app\local_tests\pdf_extraction_test\results\advanced_green_fuels_for_maritime_part_a_book\05_qdrant_points.md", "Markdown", 0, -21217, 0, 0, -1969, -23186
"d:\OneDrive - The Energy and Resources Institute\Desktop\My_Files\Projects\Agentic-RAG-Chatbot\app\local_tests\pdf_extraction_test\results\advanced_green_fuels_for_maritime_part_a_book\full_text.md", "Markdown", 0, -15722, 0, 0, -909, -16631
"d:\OneDrive - The Energy and Resources Institute\Desktop\My_Files\Projects\Agentic-RAG-Chatbot\app\local_tests\pdf_extraction_test\results\annexure_a2_commitment_letters\00_summary.json", "JSON", 0, 0, -34, 0, 0, -34
"d:\OneDrive - The Energy and Resources Institute\Desktop\My_Files\Projects\Agentic-RAG-Chatbot\app\local_tests\pdf_extraction_test\results\annexure_a2_commitment_letters\01_pages.md", "Markdown", 0, -108, 0, 0, -13, -121
"d:\OneDrive - The Energy and Resources Institute\Desktop\My_Files\Projects\Agentic-RAG-Chatbot\app\local_tests\pdf_extraction_test\results\annexure_a2_commitment_letters\02_tables.md", "Markdown", 0, -3, 0, 0, -2, -5
"d:\OneDrive - The Energy and Resources Institute\Desktop\My_Files\Projects\Agentic-RAG-Chatbot\app\local_tests\pdf_extraction_test\results\annexure_a2_commitment_letters\03_chunks.md", "Markdown", 0, -97, 0, 0, -30, -127
"d:\OneDrive - The Energy and Resources Institute\Desktop\My_Files\Projects\Agentic-RAG-Chatbot\app\local_tests\pdf_extraction_test\results\annexure_a2_commitment_letters\04_metadata.json", "JSON", 0, 0, -37, 0, 0, -37
"d:\OneDrive - The Energy and Resources Institute\Desktop\My_Files\Projects\Agentic-RAG-Chatbot\app\local_tests\pdf_extraction_test\results\annexure_a2_commitment_letters\04_metadata.md", "Markdown", 0, -22, 0, 0, -5, -27
"d:\OneDrive - The Energy and Resources Institute\Desktop\My_Files\Projects\Agentic-RAG-Chatbot\app\local_tests\pdf_extraction_test\results\annexure_a2_commitment_letters\05_qdrant_points.json", "JSON", 0, 0, -21742, 0, 0, -21742
"d:\OneDrive - The Energy and Resources Institute\Desktop\My_Files\Projects\Agentic-RAG-Chatbot\app\local_tests\pdf_extraction_test\results\annexure_a2_commitment_letters\05_qdrant_points.md", "Markdown", 0, -226, 0, 0, -25, -251
"d:\OneDrive - The Energy and Resources Institute\Desktop\My_Files\Projects\Agentic-RAG-Chatbot\app\local_tests\pdf_extraction_test\results\annexure_a2_commitment_letters\full_text.md", "Markdown", 0, -102, 0, 0, -7, -109
"d:\OneDrive - The Energy and Resources Institute\Desktop\My_Files\Projects\Agentic-RAG-Chatbot\app\local_tests\pdf_extraction_test\results\annexure_j1_teri_wwd_2020_report\00_summary.json", "JSON", 0, 0, -41, 0, 0, -41
"d:\OneDrive - The Energy and Resources Institute\Desktop\My_Files\Projects\Agentic-RAG-Chatbot\app\local_tests\pdf_extraction_test\results\annexure_j1_teri_wwd_2020_report\01_pages.md", "Markdown", 0, -1028, 0, 0, -97, -1125
"d:\OneDrive - The Energy and Resources Institute\Desktop\My_Files\Projects\Agentic-RAG-Chatbot\app\local_tests\pdf_extraction_test\results\annexure_j1_teri_wwd_2020_report\02_tables.md", "Markdown", 0, -43, 0, 0, -6, -49
"d:\OneDrive - The Energy and Resources Institute\Desktop\My_Files\Projects\Agentic-RAG-Chatbot\app\local_tests\pdf_extraction_test\results\annexure_j1_teri_wwd_2020_report\03_chunks.md", "Markdown", 0, -950, 0, 0, -156, -1106
"d:\OneDrive - The Energy and Resources Institute\Desktop\My_Files\Projects\Agentic-RAG-Chatbot\app\local_tests\pdf_extraction_test\results\annexure_j1_teri_wwd_2020_report\04_metadata.json", "JSON", 0, 0, -79, 0, 0, -79
"d:\OneDrive - The Energy and Resources Institute\Desktop\My_Files\Projects\Agentic-RAG-Chatbot\app\local_tests\pdf_extraction_test\results\annexure_j1_teri_wwd_2020_report\04_metadata.md", "Markdown", 0, -22, 0, 0, -5, -27
"d:\OneDrive - The Energy and Resources Institute\Desktop\My_Files\Projects\Agentic-RAG-Chatbot\app\local_tests\pdf_extraction_test\results\annexure_j1_teri_wwd_2020_report\05_qdrant_points.json", "JSON", 0, 0, -136645, 0, 0, -136645
"d:\OneDrive - The Energy and Resources Institute\Desktop\My_Files\Projects\Agentic-RAG-Chatbot\app\local_tests\pdf_extraction_test\results\annexure_j1_teri_wwd_2020_report\05_qdrant_points.md", "Markdown", 0, -1428, 0, 0, -136, -1564
"d:\OneDrive - The Energy and Resources Institute\Desktop\My_Files\Projects\Agentic-RAG-Chatbot\app\local_tests\pdf_extraction_test\results\annexure_j1_teri_wwd_2020_report\full_text.md", "Markdown", 0, -981, 0, 0, -50, -1031
"d:\OneDrive - The Energy and Resources Institute\Desktop\My_Files\Projects\Agentic-RAG-Chatbot\app\local_tests\pdf_extraction_test\results\annexure_o_map_plastic_leakage_points\00_summary.json", "JSON", 0, 0, -29, 0, 0, -29
"d:\OneDrive - The Energy and Resources Institute\Desktop\My_Files\Projects\Agentic-RAG-Chatbot\app\local_tests\pdf_extraction_test\results\annexure_o_map_plastic_leakage_points\01_pages.md", "Markdown", 0, -18, 0, 0, -3, -21
"d:\OneDrive - The Energy and Resources Institute\Desktop\My_Files\Projects\Agentic-RAG-Chatbot\app\local_tests\pdf_extraction_test\results\annexure_o_map_plastic_leakage_points\02_tables.md", "Markdown", 0, -3, 0, 0, -2, -5
"d:\OneDrive - The Energy and Resources Institute\Desktop\My_Files\Projects\Agentic-RAG-Chatbot\app\local_tests\pdf_extraction_test\results\annexure_o_map_plastic_leakage_points\03_chunks.md", "Markdown", 0, -24, 0, 0, -8, -32
"d:\OneDrive - The Energy and Resources Institute\Desktop\My_Files\Projects\Agentic-RAG-Chatbot\app\local_tests\pdf_extraction_test\results\annexure_o_map_plastic_leakage_points\04_metadata.json", "JSON", 0, 0, -31, 0, 0, -31
"d:\OneDrive - The Energy and Resources Institute\Desktop\My_Files\Projects\Agentic-RAG-Chatbot\app\local_tests\pdf_extraction_test\results\annexure_o_map_plastic_leakage_points\04_metadata.md", "Markdown", 0, -22, 0, 0, -5, -27
"d:\OneDrive - The Energy and Resources Institute\Desktop\My_Files\Projects\Agentic-RAG-Chatbot\app\local_tests\pdf_extraction_test\results\annexure_o_map_plastic_leakage_points\05_qdrant_points.json", "JSON", 0, 0, -3114, 0, 0, -3114
"d:\OneDrive - The Energy and Resources Institute\Desktop\My_Files\Projects\Agentic-RAG-Chatbot\app\local_tests\pdf_extraction_test\results\annexure_o_map_plastic_leakage_points\05_qdrant_points.md", "Markdown", 0, -36, 0, 0, -7, -43
"d:\OneDrive - The Energy and Resources Institute\Desktop\My_Files\Projects\Agentic-RAG-Chatbot\app\local_tests\pdf_extraction_test\results\annexure_o_map_plastic_leakage_points\full_text.md", "Markdown", 0, -17, 0, 0, -2, -19
"d:\OneDrive - The Energy and Resources Institute\Desktop\My_Files\Projects\Agentic-RAG-Chatbot\app\local_tests\pdf_extraction_test\results\bengaluru_conference_report_2020\00_summary.json", "JSON", 0, 0, -72, 0, 0, -72
"d:\OneDrive - The Energy and Resources Institute\Desktop\My_Files\Projects\Agentic-RAG-Chatbot\app\local_tests\pdf_extraction_test\results\bengaluru_conference_report_2020\01_pages.md", "Markdown", 0, -924, 0, 0, -89, -1013
"d:\OneDrive - The Energy and Resources Institute\Desktop\My_Files\Projects\Agentic-RAG-Chatbot\app\local_tests\pdf_extraction_test\results\bengaluru_conference_report_2020\02_tables.md", "Markdown", 0, -3, 0, 0, -2, -5
"d:\OneDrive - The Energy and Resources Institute\Desktop\My_Files\Projects\Agentic-RAG-Chatbot\app\local_tests\pdf_extraction_test\results\bengaluru_conference_report_2020\03_chunks.md", "Markdown", 0, -819, 0, 0, -256, -1075
"d:\OneDrive - The Energy and Resources Institute\Desktop\My_Files\Projects\Agentic-RAG-Chatbot\app\local_tests\pdf_extraction_test\results\bengaluru_conference_report_2020\04_metadata.json", "JSON", 0, 0, -74, 0, 0, -74
"d:\OneDrive - The Energy and Resources Institute\Desktop\My_Files\Projects\Agentic-RAG-Chatbot\app\local_tests\pdf_extraction_test\results\bengaluru_conference_report_2020\04_metadata.md", "Markdown", 0, -22, 0, 0, -5, -27
"d:\OneDrive - The Energy and Resources Institute\Desktop\My_Files\Projects\Agentic-RAG-Chatbot\app\local_tests\pdf_extraction_test\results\bengaluru_conference_report_2020\05_qdrant_points.json", "JSON", 0, 0, -214283, 0, 0, -214283
"d:\OneDrive - The Energy and Resources Institute\Desktop\My_Files\Projects\Agentic-RAG-Chatbot\app\local_tests\pdf_extraction_test\results\bengaluru_conference_report_2020\05_qdrant_points.md", "Markdown", 0, -2241, 0, 0, -211, -2452
"d:\OneDrive - The Energy and Resources Institute\Desktop\My_Files\Projects\Agentic-RAG-Chatbot\app\local_tests\pdf_extraction_test\results\bengaluru_conference_report_2020\full_text.md", "Markdown", 0, -879, 0, 0, -44, -923
"d:\OneDrive - The Energy and Resources Institute\Desktop\My_Files\Projects\Agentic-RAG-Chatbot\app\local_tests\pdf_extraction_test\results\check_your_water_quality\00_summary.json", "JSON", 0, 0, -29, 0, 0, -29
"d:\OneDrive - The Energy and Resources Institute\Desktop\My_Files\Projects\Agentic-RAG-Chatbot\app\local_tests\pdf_extraction_test\results\check_your_water_quality\01_pages.md", "Markdown", 0, -89, 0, 0, -3, -92
"d:\OneDrive - The Energy and Resources Institute\Desktop\My_Files\Projects\Agentic-RAG-Chatbot\app\local_tests\pdf_extraction_test\results\check_your_water_quality\02_tables.md", "Markdown", 0, -3, 0, 0, -2, -5
"d:\OneDrive - The Energy and Resources Institute\Desktop\My_Files\Projects\Agentic-RAG-Chatbot\app\local_tests\pdf_extraction_test\results\check_your_water_quality\03_chunks.md", "Markdown", 0, -43, 0, 0, -9, -52
"d:\OneDrive - The Energy and Resources Institute\Desktop\My_Files\Projects\Agentic-RAG-Chatbot\app\local_tests\pdf_extraction_test\results\check_your_water_quality\04_metadata.json", "JSON", 0, 0, -31, 0, 0, -31
"d:\OneDrive - The Energy and Resources Institute\Desktop\My_Files\Projects\Agentic-RAG-Chatbot\app\local_tests\pdf_extraction_test\results\check_your_water_quality\04_metadata.md", "Markdown", 0, -22, 0, 0, -5, -27
"d:\OneDrive - The Energy and Resources Institute\Desktop\My_Files\Projects\Agentic-RAG-Chatbot\app\local_tests\pdf_extraction_test\results\check_your_water_quality\05_qdrant_points.json", "JSON", 0, 0, -3115, 0, 0, -3115
"d:\OneDrive - The Energy and Resources Institute\Desktop\My_Files\Projects\Agentic-RAG-Chatbot\app\local_tests\pdf_extraction_test\results\check_your_water_quality\05_qdrant_points.md", "Markdown", 0, -37, 0, 0, -7, -44
"d:\OneDrive - The Energy and Resources Institute\Desktop\My_Files\Projects\Agentic-RAG-Chatbot\app\local_tests\pdf_extraction_test\results\check_your_water_quality\full_text.md", "Markdown", 0, -88, 0, 0, -2, -90
"d:\OneDrive - The Energy and Resources Institute\Desktop\My_Files\Projects\Agentic-RAG-Chatbot\app\local_tests\pdf_extraction_test\results\es2012rs02\00_summary.json", "JSON", 0, 0, -35, 0, 0, -35
"d:\OneDrive - The Energy and Resources Institute\Desktop\My_Files\Projects\Agentic-RAG-Chatbot\app\local_tests\pdf_extraction_test\results\es2012rs02\01_pages.md", "Markdown", 0, -468, 0, 0, -107, -575
"d:\OneDrive - The Energy and Resources Institute\Desktop\My_Files\Projects\Agentic-RAG-Chatbot\app\local_tests\pdf_extraction_test\results\es2012rs02\02_tables.md", "Markdown", 0, -88, 0, 0, -18, -106
"d:\OneDrive - The Energy and Resources Institute\Desktop\My_Files\Projects\Agentic-RAG-Chatbot\app\local_tests\pdf_extraction_test\results\es2012rs02\03_chunks.md", "Markdown", 0, -423, 0, 0, -98, -521
"d:\OneDrive - The Energy and Resources Institute\Desktop\My_Files\Projects\Agentic-RAG-Chatbot\app\local_tests\pdf_extraction_test\results\es2012rs02\04_metadata.json", "JSON", 0, 0, -63, 0, 0, -63
"d:\OneDrive - The Energy and Resources Institute\Desktop\My_Files\Projects\Agentic-RAG-Chatbot\app\local_tests\pdf_extraction_test\results\es2012rs02\04_metadata.md", "Markdown", 0, -22, 0, 0, -5, -27
"d:\OneDrive - The Energy and Resources Institute\Desktop\My_Files\Projects\Agentic-RAG-Chatbot\app\local_tests\pdf_extraction_test\results\es2012rs02\05_qdrant_points.json", "JSON", 0, 0, -55903, 0, 0, -55903
"d:\OneDrive - The Energy and Resources Institute\Desktop\My_Files\Projects\Agentic-RAG-Chatbot\app\local_tests\pdf_extraction_test\results\es2012rs02\05_qdrant_points.md", "Markdown", 0, -584, 0, 0, -58, -642
"d:\OneDrive - The Energy and Resources Institute\Desktop\My_Files\Projects\Agentic-RAG-Chatbot\app\local_tests\pdf_extraction_test\results\es2012rs02\full_text.md", "Markdown", 0, -437, 0, 0, -76, -513
"d:\OneDrive - The Energy and Resources Institute\Desktop\My_Files\Projects\Agentic-RAG-Chatbot\app\local_tests\pdf_extraction_test\results\icdl_poster_2019_full\00_summary.json", "JSON", 0, 0, -32, 0, 0, -32
"d:\OneDrive - The Energy and Resources Institute\Desktop\My_Files\Projects\Agentic-RAG-Chatbot\app\local_tests\pdf_extraction_test\results\icdl_poster_2019_full\01_pages.md", "Markdown", 0, -6796, 0, 0, -1270, -8066
"d:\OneDrive - The Energy and Resources Institute\Desktop\My_Files\Projects\Agentic-RAG-Chatbot\app\local_tests\pdf_extraction_test\results\icdl_poster_2019_full\02_tables.md", "Markdown", 0, -357, 0, 0, -56, -413
"d:\OneDrive - The Energy and Resources Institute\Desktop\My_Files\Projects\Agentic-RAG-Chatbot\app\local_tests\pdf_extraction_test\results\icdl_poster_2019_full\03_chunks.md", "Markdown", 0, -5206, 0, 0, -1402, -6608
"d:\OneDrive - The Energy and Resources Institute\Desktop\My_Files\Projects\Agentic-RAG-Chatbot\app\local_tests\pdf_extraction_test\results\icdl_poster_2019_full\04_metadata.json", "JSON", 0, 0, -220, 0, 0, -220
"d:\OneDrive - The Energy and Resources Institute\Desktop\My_Files\Projects\Agentic-RAG-Chatbot\app\local_tests\pdf_extraction_test\results\icdl_poster_2019_full\04_metadata.md", "Markdown", 0, -22, 0, 0, -5, -27
"d:\OneDrive - The Energy and Resources Institute\Desktop\My_Files\Projects\Agentic-RAG-Chatbot\app\local_tests\pdf_extraction_test\results\icdl_poster_2019_full\05_qdrant_points.json", "JSON", 0, 0, -962682, 0, 0, -962682
"d:\OneDrive - The Energy and Resources Institute\Desktop\My_Files\Projects\Agentic-RAG-Chatbot\app\local_tests\pdf_extraction_test\results\icdl_poster_2019_full\05_qdrant_points.md", "Markdown", 0, -10047, 0, 0, -934, -10981
"d:\OneDrive - The Energy and Resources Institute\Desktop\My_Files\Projects\Agentic-RAG-Chatbot\app\local_tests\pdf_extraction_test\results\icdl_poster_2019_full\full_text.md", "Markdown", 0, -6602, 0, 0, -1076, -7678
"d:\OneDrive - The Energy and Resources Institute\Desktop\My_Files\Projects\Agentic-RAG-Chatbot\app\local_tests\pdf_extraction_test\results\make_solar_cooker\00_summary.json", "JSON", 0, 0, -29, 0, 0, -29
"d:\OneDrive - The Energy and Resources Institute\Desktop\My_Files\Projects\Agentic-RAG-Chatbot\app\local_tests\pdf_extraction_test\results\make_solar_cooker\01_pages.md", "Markdown", 0, -13, 0, 0, -3, -16
"d:\OneDrive - The Energy and Resources Institute\Desktop\My_Files\Projects\Agentic-RAG-Chatbot\app\local_tests\pdf_extraction_test\results\make_solar_cooker\02_tables.md", "Markdown", 0, -3, 0, 0, -2, -5
"d:\OneDrive - The Energy and Resources Institute\Desktop\My_Files\Projects\Agentic-RAG-Chatbot\app\local_tests\pdf_extraction_test\results\make_solar_cooker\03_chunks.md", "Markdown", 0, -18, 0, 0, -9, -27
"d:\OneDrive - The Energy and Resources Institute\Desktop\My_Files\Projects\Agentic-RAG-Chatbot\app\local_tests\pdf_extraction_test\results\make_solar_cooker\04_metadata.json", "JSON", 0, 0, -31, 0, 0, -31
"d:\OneDrive - The Energy and Resources Institute\Desktop\My_Files\Projects\Agentic-RAG-Chatbot\app\local_tests\pdf_extraction_test\results\make_solar_cooker\04_metadata.md", "Markdown", 0, -22, 0, 0, -5, -27
"d:\OneDrive - The Energy and Resources Institute\Desktop\My_Files\Projects\Agentic-RAG-Chatbot\app\local_tests\pdf_extraction_test\results\make_solar_cooker\05_qdrant_points.json", "JSON", 0, 0, -3114, 0, 0, -3114
"d:\OneDrive - The Energy and Resources Institute\Desktop\My_Files\Projects\Agentic-RAG-Chatbot\app\local_tests\pdf_extraction_test\results\make_solar_cooker\05_qdrant_points.md", "Markdown", 0, -36, 0, 0, -7, -43
"d:\OneDrive - The Energy and Resources Institute\Desktop\My_Files\Projects\Agentic-RAG-Chatbot\app\local_tests\pdf_extraction_test\results\make_solar_cooker\full_text.md", "Markdown", 0, -12, 0, 0, -2, -14
"d:\OneDrive - The Energy and Resources Institute\Desktop\My_Files\Projects\Agentic-RAG-Chatbot\app\local_tests\pdf_extraction_test\results\managing_water\00_summary.json", "JSON", 0, 0, -29, 0, 0, -29
"d:\OneDrive - The Energy and Resources Institute\Desktop\My_Files\Projects\Agentic-RAG-Chatbot\app\local_tests\pdf_extraction_test\results\managing_water\01_pages.md", "Markdown", 0, -20, 0, 0, -3, -23
"d:\OneDrive - The Energy and Resources Institute\Desktop\My_Files\Projects\Agentic-RAG-Chatbot\app\local_tests\pdf_extraction_test\results\managing_water\02_tables.md", "Markdown", 0, -3, 0, 0, -2, -5
"d:\OneDrive - The Energy and Resources Institute\Desktop\My_Files\Projects\Agentic-RAG-Chatbot\app\local_tests\pdf_extraction_test\results\managing_water\03_chunks.md", "Markdown", 0, -34, 0, 0, -19, -53
"d:\OneDrive - The Energy and Resources Institute\Desktop\My_Files\Projects\Agentic-RAG-Chatbot\app\local_tests\pdf_extraction_test\results\managing_water\04_metadata.json", "JSON", 0, 0, -31, 0, 0, -31
"d:\OneDrive - The Energy and Resources Institute\Desktop\My_Files\Projects\Agentic-RAG-Chatbot\app\local_tests\pdf_extraction_test\results\managing_water\04_metadata.md", "Markdown", 0, -22, 0, 0, -5, -27
"d:\OneDrive - The Energy and Resources Institute\Desktop\My_Files\Projects\Agentic-RAG-Chatbot\app\local_tests\pdf_extraction_test\results\managing_water\05_qdrant_points.json", "JSON", 0, 0, -12431, 0, 0, -12431
"d:\OneDrive - The Energy and Resources Institute\Desktop\My_Files\Projects\Agentic-RAG-Chatbot\app\local_tests\pdf_extraction_test\results\managing_water\05_qdrant_points.md", "Markdown", 0, -134, 0, 0, -16, -150
"d:\OneDrive - The Energy and Resources Institute\Desktop\My_Files\Projects\Agentic-RAG-Chatbot\app\local_tests\pdf_extraction_test\results\managing_water\full_text.md", "Markdown", 0, -19, 0, 0, -2, -21
"d:\OneDrive - The Energy and Resources Institute\Desktop\My_Files\Projects\Agentic-RAG-Chatbot\app\local_tests\pdf_extraction_test\results\navbharat_times\00_summary.json", "JSON", 0, 0, -29, 0, 0, -29
"d:\OneDrive - The Energy and Resources Institute\Desktop\My_Files\Projects\Agentic-RAG-Chatbot\app\local_tests\pdf_extraction_test\results\navbharat_times\01_pages.md", "Markdown", 0, -16, 0, 0, -3, -19
"d:\OneDrive - The Energy and Resources Institute\Desktop\My_Files\Projects\Agentic-RAG-Chatbot\app\local_tests\pdf_extraction_test\results\navbharat_times\02_tables.md", "Markdown", 0, -3, 0, 0, -2, -5
"d:\OneDrive - The Energy and Resources Institute\Desktop\My_Files\Projects\Agentic-RAG-Chatbot\app\local_tests\pdf_extraction_test\results\navbharat_times\03_chunks.md", "Markdown", 0, -43, 0, 0, -35, -78
"d:\OneDrive - The Energy and Resources Institute\Desktop\My_Files\Projects\Agentic-RAG-Chatbot\app\local_tests\pdf_extraction_test\results\navbharat_times\04_metadata.json", "JSON", 0, 0, -31, 0, 0, -31
"d:\OneDrive - The Energy and Resources Institute\Desktop\My_Files\Projects\Agentic-RAG-Chatbot\app\local_tests\pdf_extraction_test\results\navbharat_times\04_metadata.md", "Markdown", 0, -22, 0, 0, -5, -27
"d:\OneDrive - The Energy and Resources Institute\Desktop\My_Files\Projects\Agentic-RAG-Chatbot\app\local_tests\pdf_extraction_test\results\navbharat_times\05_qdrant_points.json", "JSON", 0, 0, -34162, 0, 0, -34162
"d:\OneDrive - The Energy and Resources Institute\Desktop\My_Files\Projects\Agentic-RAG-Chatbot\app\local_tests\pdf_extraction_test\results\navbharat_times\05_qdrant_points.md", "Markdown", 0, -354, 0, 0, -37, -391
"d:\OneDrive - The Energy and Resources Institute\Desktop\My_Files\Projects\Agentic-RAG-Chatbot\app\local_tests\pdf_extraction_test\results\navbharat_times\full_text.md", "Markdown", 0, -15, 0, 0, -2, -17
"d:\OneDrive - The Energy and Resources Institute\Desktop\My_Files\Projects\Agentic-RAG-Chatbot\app\local_tests\pdf_extraction_test\run.py", "Python", -446, 0, 0, -67, -67, -580
"d:\OneDrive - The Energy and Resources Institute\Desktop\My_Files\Projects\Agentic-RAG-Chatbot\app\local_tests\pdf_extraction_test\v1old_results\_index.json", "JSON", 0, 0, -751, 0, 0, -751
"d:\OneDrive - The Energy and Resources Institute\Desktop\My_Files\Projects\Agentic-RAG-Chatbot\app\local_tests\pdf_extraction_test\v1old_results\_index.md", "Markdown", 0, -21, 0, 0, -3, -24
"d:\OneDrive - The Energy and Resources Institute\Desktop\My_Files\Projects\Agentic-RAG-Chatbot\app\local_tests\pdf_extraction_test\v1old_results\achieving_green_steel_roadmap\00_summary.json", "JSON", 0, 0, -43, 0, 0, -43
"d:\OneDrive - The Energy and Resources Institute\Desktop\My_Files\Projects\Agentic-RAG-Chatbot\app\local_tests\pdf_extraction_test\v1old_results\achieving_green_steel_roadmap\01_pages.md", "Markdown", 0, -1498, 0, 0, -279, -1777
"d:\OneDrive - The Energy and Resources Institute\Desktop\My_Files\Projects\Agentic-RAG-Chatbot\app\local_tests\pdf_extraction_test\v1old_results\achieving_green_steel_roadmap\02_tables.md", "Markdown", 0, -43, 0, 0, -10, -53
"d:\OneDrive - The Energy and Resources Institute\Desktop\My_Files\Projects\Agentic-RAG-Chatbot\app\local_tests\pdf_extraction_test\v1old_results\achieving_green_steel_roadmap\03_chunks.md", "Markdown", 0, -1524, 0, 0, -395, -1919
"d:\OneDrive - The Energy and Resources Institute\Desktop\My_Files\Projects\Agentic-RAG-Chatbot\app\local_tests\pdf_extraction_test\v1old_results\achieving_green_steel_roadmap\04_metadata.json", "JSON", 0, 0, -79, 0, 0, -79
"d:\OneDrive - The Energy and Resources Institute\Desktop\My_Files\Projects\Agentic-RAG-Chatbot\app\local_tests\pdf_extraction_test\v1old_results\achieving_green_steel_roadmap\04_metadata.md", "Markdown", 0, -22, 0, 0, -5, -27
"d:\OneDrive - The Energy and Resources Institute\Desktop\My_Files\Projects\Agentic-RAG-Chatbot\app\local_tests\pdf_extraction_test\v1old_results\achieving_green_steel_roadmap\05_qdrant_points.json", "JSON", 0, 0, -310502, 0, 0, -310502
"d:\OneDrive - The Energy and Resources Institute\Desktop\My_Files\Projects\Agentic-RAG-Chatbot\app\local_tests\pdf_extraction_test\v1old_results\achieving_green_steel_roadmap\05_qdrant_points.md", "Markdown", 0, -3197, 0, 0, -304, -3501
"d:\OneDrive - The Energy and Resources Institute\Desktop\My_Files\Projects\Agentic-RAG-Chatbot\app\local_tests\pdf_extraction_test\v1old_results\achieving_green_steel_roadmap\full_text.md", "Markdown", 0, -1433, 0, 0, -214, -1647
"d:\OneDrive - The Energy and Resources Institute\Desktop\My_Files\Projects\Agentic-RAG-Chatbot\app\local_tests\pdf_extraction_test\v1old_results\act4earth_policybrief_sustainable_consumption_lifestyles\00_summary.json", "JSON", 0, 0, -29, 0, 0, -29
"d:\OneDrive - The Energy and Resources Institute\Desktop\My_Files\Projects\Agentic-RAG-Chatbot\app\local_tests\pdf_extraction_test\v1old_results\act4earth_policybrief_sustainable_consumption_lifestyles\01_pages.md", "Markdown", 0, -584, 0, 0, -116, -700
"d:\OneDrive - The Energy and Resources Institute\Desktop\My_Files\Projects\Agentic-RAG-Chatbot\app\local_tests\pdf_extraction_test\v1old_results\act4earth_policybrief_sustainable_consumption_lifestyles\02_tables.md", "Markdown", 0, -89, 0, 0, -12, -101
"d:\OneDrive - The Energy and Resources Institute\Desktop\My_Files\Projects\Agentic-RAG-Chatbot\app\local_tests\pdf_extraction_test\v1old_results\act4earth_policybrief_sustainable_consumption_lifestyles\03_chunks.md", "Markdown", 0, -452, 0, 0, -130, -582
"d:\OneDrive - The Energy and Resources Institute\Desktop\My_Files\Projects\Agentic-RAG-Chatbot\app\local_tests\pdf_extraction_test\v1old_results\act4earth_policybrief_sustainable_consumption_lifestyles\04_metadata.json", "JSON", 0, 0, -46, 0, 0, -46
"d:\OneDrive - The Energy and Resources Institute\Desktop\My_Files\Projects\Agentic-RAG-Chatbot\app\local_tests\pdf_extraction_test\v1old_results\act4earth_policybrief_sustainable_consumption_lifestyles\04_metadata.md", "Markdown", 0, -22, 0, 0, -5, -27
"d:\OneDrive - The Energy and Resources Institute\Desktop\My_Files\Projects\Agentic-RAG-Chatbot\app\local_tests\pdf_extraction_test\v1old_results\act4earth_policybrief_sustainable_consumption_lifestyles\05_qdrant_points.json", "JSON", 0, 0, -102484, 0, 0, -102484
"d:\OneDrive - The Energy and Resources Institute\Desktop\My_Files\Projects\Agentic-RAG-Chatbot\app\local_tests\pdf_extraction_test\v1old_results\act4earth_policybrief_sustainable_consumption_lifestyles\05_qdrant_points.md", "Markdown", 0, -1070, 0, 0, -103, -1173
"d:\OneDrive - The Energy and Resources Institute\Desktop\My_Files\Projects\Agentic-RAG-Chatbot\app\local_tests\pdf_extraction_test\v1old_results\act4earth_policybrief_sustainable_consumption_lifestyles\full_text.md", "Markdown", 0, -562, 0, 0, -94, -656
"d:\OneDrive - The Energy and Resources Institute\Desktop\My_Files\Projects\Agentic-RAG-Chatbot\app\local_tests\pdf_extraction_test\v1old_results\advanced_green_fuels_for_maritime\00_summary.json", "JSON", 0, 0, -172, 0, 0, -172
"d:\OneDrive - The Energy and Resources Institute\Desktop\My_Files\Projects\Agentic-RAG-Chatbot\app\local_tests\pdf_extraction_test\v1old_results\advanced_green_fuels_for_maritime\01_pages.md", "Markdown", 0, -8750, 0, -4187, -1736, -14673
"d:\OneDrive - The Energy and Resources Institute\Desktop\My_Files\Projects\Agentic-RAG-Chatbot\app\local_tests\pdf_extraction_test\v1old_results\advanced_green_fuels_for_maritime\02_tables.md", "Markdown", 0, -2161, 0, 0, -278, -2439
"d:\OneDrive - The Energy and Resources Institute\Desktop\My_Files\Projects\Agentic-RAG-Chatbot\app\local_tests\pdf_extraction_test\v1old_results\advanced_green_fuels_for_maritime\03_chunks.md", "Markdown", 0, -7323, 0, -6696, -2070, -16089
"d:\OneDrive - The Energy and Resources Institute\Desktop\My_Files\Projects\Agentic-RAG-Chatbot\app\local_tests\pdf_extraction_test\v1old_results\advanced_green_fuels_for_maritime\04_metadata.json", "JSON", 0, 0, -332, 0, 0, -332
"d:\OneDrive - The Energy and Resources Institute\Desktop\My_Files\Projects\Agentic-RAG-Chatbot\app\local_tests\pdf_extraction_test\v1old_results\advanced_green_fuels_for_maritime\04_metadata.md", "Markdown", 0, -22, 0, 0, -5, -27
"d:\OneDrive - The Energy and Resources Institute\Desktop\My_Files\Projects\Agentic-RAG-Chatbot\app\local_tests\pdf_extraction_test\v1old_results\advanced_green_fuels_for_maritime\05_qdrant_points.json", "JSON", 0, 0, -1984220, 0, 0, -1984220
"d:\OneDrive - The Energy and Resources Institute\Desktop\My_Files\Projects\Agentic-RAG-Chatbot\app\local_tests\pdf_extraction_test\v1old_results\advanced_green_fuels_for_maritime\05_qdrant_points.md", "Markdown", 0, -11578, 0, -9828, -1083, -22489
"d:\OneDrive - The Energy and Resources Institute\Desktop\My_Files\Projects\Agentic-RAG-Chatbot\app\local_tests\pdf_extraction_test\v1old_results\advanced_green_fuels_for_maritime\full_text.md", "Markdown", 0, -8627, 0, -3783, -1613, -14023
"d:\OneDrive - The Energy and Resources Institute\Desktop\My_Files\Projects\Agentic-RAG-Chatbot\app\local_tests\pdf_extraction_test\v1old_results\advanced_green_fuels_for_maritime_part_a_book\00_summary.json", "JSON", 0, 0, -172, 0, 0, -172
"d:\OneDrive - The Energy and Resources Institute\Desktop\My_Files\Projects\Agentic-RAG-Chatbot\app\local_tests\pdf_extraction_test\v1old_results\advanced_green_fuels_for_maritime_part_a_book\01_pages.md", "Markdown", 0, -8750, 0, -4187, -1736, -14673
"d:\OneDrive - The Energy and Resources Institute\Desktop\My_Files\Projects\Agentic-RAG-Chatbot\app\local_tests\pdf_extraction_test\v1old_results\advanced_green_fuels_for_maritime_part_a_book\02_tables.md", "Markdown", 0, -2161, 0, 0, -278, -2439
"d:\OneDrive - The Energy and Resources Institute\Desktop\My_Files\Projects\Agentic-RAG-Chatbot\app\local_tests\pdf_extraction_test\v1old_results\advanced_green_fuels_for_maritime_part_a_book\03_chunks.md", "Markdown", 0, -7323, 0, -6696, -2070, -16089
"d:\OneDrive - The Energy and Resources Institute\Desktop\My_Files\Projects\Agentic-RAG-Chatbot\app\local_tests\pdf_extraction_test\v1old_results\advanced_green_fuels_for_maritime_part_a_book\04_metadata.json", "JSON", 0, 0, -332, 0, 0, -332
"d:\OneDrive - The Energy and Resources Institute\Desktop\My_Files\Projects\Agentic-RAG-Chatbot\app\local_tests\pdf_extraction_test\v1old_results\advanced_green_fuels_for_maritime_part_a_book\04_metadata.md", "Markdown", 0, -22, 0, 0, -5, -27
"d:\OneDrive - The Energy and Resources Institute\Desktop\My_Files\Projects\Agentic-RAG-Chatbot\app\local_tests\pdf_extraction_test\v1old_results\advanced_green_fuels_for_maritime_part_a_book\05_qdrant_points.json", "JSON", 0, 0, -1984220, 0, 0, -1984220
"d:\OneDrive - The Energy and Resources Institute\Desktop\My_Files\Projects\Agentic-RAG-Chatbot\app\local_tests\pdf_extraction_test\v1old_results\advanced_green_fuels_for_maritime_part_a_book\05_qdrant_points.md", "Markdown", 0, -11578, 0, -9828, -1083, -22489
"d:\OneDrive - The Energy and Resources Institute\Desktop\My_Files\Projects\Agentic-RAG-Chatbot\app\local_tests\pdf_extraction_test\v1old_results\advanced_green_fuels_for_maritime_part_a_book\full_text.md", "Markdown", 0, -8627, 0, -3783, -1613, -14023
"d:\OneDrive - The Energy and Resources Institute\Desktop\My_Files\Projects\Agentic-RAG-Chatbot\app\local_tests\pdf_extraction_test\v1old_results\annexure_a2_commitment_letters\00_summary.json", "JSON", 0, 0, -27, 0, 0, -27
"d:\OneDrive - The Energy and Resources Institute\Desktop\My_Files\Projects\Agentic-RAG-Chatbot\app\local_tests\pdf_extraction_test\v1old_results\annexure_a2_commitment_letters\01_pages.md", "Markdown", 0, -132, 0, -105, -62, -299
"d:\OneDrive - The Energy and Resources Institute\Desktop\My_Files\Projects\Agentic-RAG-Chatbot\app\local_tests\pdf_extraction_test\v1old_results\annexure_a2_commitment_letters\02_tables.md", "Markdown", 0, -3, 0, 0, -2, -5
"d:\OneDrive - The Energy and Resources Institute\Desktop\My_Files\Projects\Agentic-RAG-Chatbot\app\local_tests\pdf_extraction_test\v1old_results\annexure_a2_commitment_letters\03_chunks.md", "Markdown", 0, -104, 0, -281, -62, -447
"d:\OneDrive - The Energy and Resources Institute\Desktop\My_Files\Projects\Agentic-RAG-Chatbot\app\local_tests\pdf_extraction_test\v1old_results\annexure_a2_commitment_letters\04_metadata.json", "JSON", 0, 0, -41, 0, 0, -41
"d:\OneDrive - The Energy and Resources Institute\Desktop\My_Files\Projects\Agentic-RAG-Chatbot\app\local_tests\pdf_extraction_test\v1old_results\annexure_a2_commitment_letters\04_metadata.md", "Markdown", 0, -22, 0, 0, -5, -27
"d:\OneDrive - The Energy and Resources Institute\Desktop\My_Files\Projects\Agentic-RAG-Chatbot\app\local_tests\pdf_extraction_test\v1old_results\annexure_a2_commitment_letters\05_qdrant_points.json", "JSON", 0, 0, -49685, 0, 0, -49685
"d:\OneDrive - The Energy and Resources Institute\Desktop\My_Files\Projects\Agentic-RAG-Chatbot\app\local_tests\pdf_extraction_test\v1old_results\annexure_a2_commitment_letters\05_qdrant_points.md", "Markdown", 0, -397, 0, -125, -42, -564
"d:\OneDrive - The Energy and Resources Institute\Desktop\My_Files\Projects\Agentic-RAG-Chatbot\app\local_tests\pdf_extraction_test\v1old_results\annexure_a2_commitment_letters\full_text.md", "Markdown", 0, -128, 0, -101, -58, -287
"d:\OneDrive - The Energy and Resources Institute\Desktop\My_Files\Projects\Agentic-RAG-Chatbot\app\local_tests\pdf_extraction_test\v1old_results\annexure_j1_teri_wwd_2020_report\00_summary.json", "JSON", 0, 0, -36, 0, 0, -36
"d:\OneDrive - The Energy and Resources Institute\Desktop\My_Files\Projects\Agentic-RAG-Chatbot\app\local_tests\pdf_extraction_test\v1old_results\annexure_j1_teri_wwd_2020_report\01_pages.md", "Markdown", 0, -1091, 0, 0, -142, -1233
"d:\OneDrive - The Energy and Resources Institute\Desktop\My_Files\Projects\Agentic-RAG-Chatbot\app\local_tests\pdf_extraction_test\v1old_results\annexure_j1_teri_wwd_2020_report\02_tables.md", "Markdown", 0, -42, 0, 0, -6, -48
"d:\OneDrive - The Energy and Resources Institute\Desktop\My_Files\Projects\Agentic-RAG-Chatbot\app\local_tests\pdf_extraction_test\v1old_results\annexure_j1_teri_wwd_2020_report\03_chunks.md", "Markdown", 0, -1440, 0, 0, -227, -1667
"d:\OneDrive - The Energy and Resources Institute\Desktop\My_Files\Projects\Agentic-RAG-Chatbot\app\local_tests\pdf_extraction_test\v1old_results\annexure_j1_teri_wwd_2020_report\04_metadata.json", "JSON", 0, 0, -60, 0, 0, -60
"d:\OneDrive - The Energy and Resources Institute\Desktop\My_Files\Projects\Agentic-RAG-Chatbot\app\local_tests\pdf_extraction_test\v1old_results\annexure_j1_teri_wwd_2020_report\04_metadata.md", "Markdown", 0, -22, 0, 0, -5, -27
"d:\OneDrive - The Energy and Resources Institute\Desktop\My_Files\Projects\Agentic-RAG-Chatbot\app\local_tests\pdf_extraction_test\v1old_results\annexure_j1_teri_wwd_2020_report\05_qdrant_points.json", "JSON", 0, 0, -170780, 0, 0, -170780
"d:\OneDrive - The Energy and Resources Institute\Desktop\My_Files\Projects\Agentic-RAG-Chatbot\app\local_tests\pdf_extraction_test\v1old_results\annexure_j1_teri_wwd_2020_report\05_qdrant_points.md", "Markdown", 0, -1760, 0, 0, -169, -1929
"d:\OneDrive - The Energy and Resources Institute\Desktop\My_Files\Projects\Agentic-RAG-Chatbot\app\local_tests\pdf_extraction_test\v1old_results\annexure_j1_teri_wwd_2020_report\full_text.md", "Markdown", 0, -1044, 0, 0, -95, -1139
"d:\OneDrive - The Energy and Resources Institute\Desktop\My_Files\Projects\Agentic-RAG-Chatbot\app\local_tests\pdf_extraction_test\v1old_results\annexure_o_map_plastic_leakage_points\00_summary.json", "JSON", 0, 0, -22, 0, 0, -22
"d:\OneDrive - The Energy and Resources Institute\Desktop\My_Files\Projects\Agentic-RAG-Chatbot\app\local_tests\pdf_extraction_test\v1old_results\annexure_o_map_plastic_leakage_points\01_pages.md", "Markdown", 0, -24, 0, 0, -18, -42
"d:\OneDrive - The Energy and Resources Institute\Desktop\My_Files\Projects\Agentic-RAG-Chatbot\app\local_tests\pdf_extraction_test\v1old_results\annexure_o_map_plastic_leakage_points\02_tables.md", "Markdown", 0, -3, 0, 0, -2, -5
"d:\OneDrive - The Energy and Resources Institute\Desktop\My_Files\Projects\Agentic-RAG-Chatbot\app\local_tests\pdf_extraction_test\v1old_results\annexure_o_map_plastic_leakage_points\03_chunks.md", "Markdown", 0, -32, 0, 0, -27, -59
"d:\OneDrive - The Energy and Resources Institute\Desktop\My_Files\Projects\Agentic-RAG-Chatbot\app\local_tests\pdf_extraction_test\v1old_results\annexure_o_map_plastic_leakage_points\04_metadata.json", "JSON", 0, 0, -33, 0, 0, -33
"d:\OneDrive - The Energy and Resources Institute\Desktop\My_Files\Projects\Agentic-RAG-Chatbot\app\local_tests\pdf_extraction_test\v1old_results\annexure_o_map_plastic_leakage_points\04_metadata.md", "Markdown", 0, -22, 0, 0, -5, -27
"d:\OneDrive - The Energy and Resources Institute\Desktop\My_Files\Projects\Agentic-RAG-Chatbot\app\local_tests\pdf_extraction_test\v1old_results\annexure_o_map_plastic_leakage_points\05_qdrant_points.json", "JSON", 0, 0, -6219, 0, 0, -6219
"d:\OneDrive - The Energy and Resources Institute\Desktop\My_Files\Projects\Agentic-RAG-Chatbot\app\local_tests\pdf_extraction_test\v1old_results\annexure_o_map_plastic_leakage_points\05_qdrant_points.md", "Markdown", 0, -68, 0, 0, -10, -78
"d:\OneDrive - The Energy and Resources Institute\Desktop\My_Files\Projects\Agentic-RAG-Chatbot\app\local_tests\pdf_extraction_test\v1old_results\annexure_o_map_plastic_leakage_points\full_text.md", "Markdown", 0, -23, 0, 0, -17, -40
"d:\OneDrive - The Energy and Resources Institute\Desktop\My_Files\Projects\Agentic-RAG-Chatbot\app\local_tests\pdf_extraction_test\v1old_results\bengaluru_conference_report_2020\00_summary.json", "JSON", 0, 0, -65, 0, 0, -65
"d:\OneDrive - The Energy and Resources Institute\Desktop\My_Files\Projects\Agentic-RAG-Chatbot\app\local_tests\pdf_extraction_test\v1old_results\bengaluru_conference_report_2020\01_pages.md", "Markdown", 0, -1335, 0, 0, -521, -1856
"d:\OneDrive - The Energy and Resources Institute\Desktop\My_Files\Projects\Agentic-RAG-Chatbot\app\local_tests\pdf_extraction_test\v1old_results\bengaluru_conference_report_2020\02_tables.md", "Markdown", 0, -172, 0, 0, -12, -184
"d:\OneDrive - The Energy and Resources Institute\Desktop\My_Files\Projects\Agentic-RAG-Chatbot\app\local_tests\pdf_extraction_test\v1old_results\bengaluru_conference_report_2020\03_chunks.md", "Markdown", 0, -1458, 0, 0, -621, -2079
"d:\OneDrive - The Energy and Resources Institute\Desktop\My_Files\Projects\Agentic-RAG-Chatbot\app\local_tests\pdf_extraction_test\v1old_results\bengaluru_conference_report_2020\04_metadata.json", "JSON", 0, 0, -119, 0, 0, -119
"d:\OneDrive - The Energy and Resources Institute\Desktop\My_Files\Projects\Agentic-RAG-Chatbot\app\local_tests\pdf_extraction_test\v1old_results\bengaluru_conference_report_2020\04_metadata.md", "Markdown", 0, -22, 0, 0, -5, -27
"d:\OneDrive - The Energy and Resources Institute\Desktop\My_Files\Projects\Agentic-RAG-Chatbot\app\local_tests\pdf_extraction_test\v1old_results\bengaluru_conference_report_2020\05_qdrant_points.json", "JSON", 0, 0, -322899, 0, 0, -322899
"d:\OneDrive - The Energy and Resources Institute\Desktop\My_Files\Projects\Agentic-RAG-Chatbot\app\local_tests\pdf_extraction_test\v1old_results\bengaluru_conference_report_2020\05_qdrant_points.md", "Markdown", 0, -3302, 0, 0, -316, -3618
"d:\OneDrive - The Energy and Resources Institute\Desktop\My_Files\Projects\Agentic-RAG-Chatbot\app\local_tests\pdf_extraction_test\v1old_results\bengaluru_conference_report_2020\full_text.md", "Markdown", 0, -1289, 0, 0, -475, -1764
"d:\OneDrive - The Energy and Resources Institute\Desktop\My_Files\Projects\Agentic-RAG-Chatbot\app\local_tests\pdf_extraction_test\v1old_results\check_your_water_quality\00_summary.json", "JSON", 0, 0, -22, 0, 0, -22
"d:\OneDrive - The Energy and Resources Institute\Desktop\My_Files\Projects\Agentic-RAG-Chatbot\app\local_tests\pdf_extraction_test\v1old_results\check_your_water_quality\01_pages.md", "Markdown", 0, -30, 0, 0, -9, -39
"d:\OneDrive - The Energy and Resources Institute\Desktop\My_Files\Projects\Agentic-RAG-Chatbot\app\local_tests\pdf_extraction_test\v1old_results\check_your_water_quality\02_tables.md", "Markdown", 0, -23, 0, 0, -6, -29
"d:\OneDrive - The Energy and Resources Institute\Desktop\My_Files\Projects\Agentic-RAG-Chatbot\app\local_tests\pdf_extraction_test\v1old_results\check_your_water_quality\03_chunks.md", "Markdown", 0, -40, 0, 0, -18, -58
"d:\OneDrive - The Energy and Resources Institute\Desktop\My_Files\Projects\Agentic-RAG-Chatbot\app\local_tests\pdf_extraction_test\v1old_results\check_your_water_quality\04_metadata.json", "JSON", 0, 0, -33, 0, 0, -33
"d:\OneDrive - The Energy and Resources Institute\Desktop\My_Files\Projects\Agentic-RAG-Chatbot\app\local_tests\pdf_extraction_test\v1old_results\check_your_water_quality\04_metadata.md", "Markdown", 0, -22, 0, 0, -5, -27
"d:\OneDrive - The Energy and Resources Institute\Desktop\My_Files\Projects\Agentic-RAG-Chatbot\app\local_tests\pdf_extraction_test\v1old_results\check_your_water_quality\05_qdrant_points.json", "JSON", 0, 0, -9325, 0, 0, -9325
"d:\OneDrive - The Energy and Resources Institute\Desktop\My_Files\Projects\Agentic-RAG-Chatbot\app\local_tests\pdf_extraction_test\v1old_results\check_your_water_quality\05_qdrant_points.md", "Markdown", 0, -101, 0, 0, -13, -114
"d:\OneDrive - The Energy and Resources Institute\Desktop\My_Files\Projects\Agentic-RAG-Chatbot\app\local_tests\pdf_extraction_test\v1old_results\check_your_water_quality\full_text.md", "Markdown", 0, -29, 0, 0, -8, -37
"d:\OneDrive - The Energy and Resources Institute\Desktop\My_Files\Projects\Agentic-RAG-Chatbot\app\local_tests\pdf_extraction_test\v1old_results\es2012rs02\00_summary.json", "JSON", 0, 0, -35, 0, 0, -35
"d:\OneDrive - The Energy and Resources Institute\Desktop\My_Files\Projects\Agentic-RAG-Chatbot\app\local_tests\pdf_extraction_test\v1old_results\es2012rs02\01_pages.md", "Markdown", 0, -558, 0, 0, -227, -785
"d:\OneDrive - The Energy and Resources Institute\Desktop\My_Files\Projects\Agentic-RAG-Chatbot\app\local_tests\pdf_extraction_test\v1old_results\es2012rs02\02_tables.md", "Markdown", 0, -81, 0, 0, -16, -97
"d:\OneDrive - The Energy and Resources Institute\Desktop\My_Files\Projects\Agentic-RAG-Chatbot\app\local_tests\pdf_extraction_test\v1old_results\es2012rs02\03_chunks.md", "Markdown", 0, -907, 0, 0, -318, -1225
"d:\OneDrive - The Energy and Resources Institute\Desktop\My_Files\Projects\Agentic-RAG-Chatbot\app\local_tests\pdf_extraction_test\v1old_results\es2012rs02\04_metadata.json", "JSON", 0, 0, -58, 0, 0, -58
"d:\OneDrive - The Energy and Resources Institute\Desktop\My_Files\Projects\Agentic-RAG-Chatbot\app\local_tests\pdf_extraction_test\v1old_results\es2012rs02\04_metadata.md", "Markdown", 0, -22, 0, 0, -5, -27
"d:\OneDrive - The Energy and Resources Institute\Desktop\My_Files\Projects\Agentic-RAG-Chatbot\app\local_tests\pdf_extraction_test\v1old_results\es2012rs02\05_qdrant_points.json", "JSON", 0, 0, -108667, 0, 0, -108667
"d:\OneDrive - The Energy and Resources Institute\Desktop\My_Files\Projects\Agentic-RAG-Chatbot\app\local_tests\pdf_extraction_test\v1old_results\es2012rs02\05_qdrant_points.md", "Markdown", 0, -1107, 0, 0, -109, -1216
"d:\OneDrive - The Energy and Resources Institute\Desktop\My_Files\Projects\Agentic-RAG-Chatbot\app\local_tests\pdf_extraction_test\v1old_results\es2012rs02\full_text.md", "Markdown", 0, -527, 0, 0, -196, -723
"d:\OneDrive - The Energy and Resources Institute\Desktop\My_Files\Projects\Agentic-RAG-Chatbot\app\local_tests\pdf_extraction_test\v1old_results\icdl_poster_2019_full\00_summary.json", "JSON", 0, 0, -60, 0, 0, -60
"d:\OneDrive - The Energy and Resources Institute\Desktop\My_Files\Projects\Agentic-RAG-Chatbot\app\local_tests\pdf_extraction_test\v1old_results\icdl_poster_2019_full\01_pages.md", "Markdown", 0, -6542, 0, 0, -1475, -8017
"d:\OneDrive - The Energy and Resources Institute\Desktop\My_Files\Projects\Agentic-RAG-Chatbot\app\local_tests\pdf_extraction_test\v1old_results\icdl_poster_2019_full\02_tables.md", "Markdown", 0, -135, 0, 0, -32, -167
"d:\OneDrive - The Energy and Resources Institute\Desktop\My_Files\Projects\Agentic-RAG-Chatbot\app\local_tests\pdf_extraction_test\v1old_results\icdl_poster_2019_full\03_chunks.md", "Markdown", 0, -6387, 0, 0, -2211, -8598
"d:\OneDrive - The Energy and Resources Institute\Desktop\My_Files\Projects\Agentic-RAG-Chatbot\app\local_tests\pdf_extraction_test\v1old_results\icdl_poster_2019_full\04_metadata.json", "JSON", 0, 0, -108, 0, 0, -108
"d:\OneDrive - The Energy and Resources Institute\Desktop\My_Files\Projects\Agentic-RAG-Chatbot\app\local_tests\pdf_extraction_test\v1old_results\icdl_poster_2019_full\04_metadata.md", "Markdown", 0, -22, 0, 0, -5, -27
"d:\OneDrive - The Energy and Resources Institute\Desktop\My_Files\Projects\Agentic-RAG-Chatbot\app\local_tests\pdf_extraction_test\v1old_results\icdl_poster_2019_full\05_qdrant_points.json", "JSON", 0, 0, -1189203, 0, 0, -1189203
"d:\OneDrive - The Energy and Resources Institute\Desktop\My_Files\Projects\Agentic-RAG-Chatbot\app\local_tests\pdf_extraction_test\v1old_results\icdl_poster_2019_full\05_qdrant_points.md", "Markdown", 0, -12239, 0, 0, -1153, -13392
"d:\OneDrive - The Energy and Resources Institute\Desktop\My_Files\Projects\Agentic-RAG-Chatbot\app\local_tests\pdf_extraction_test\v1old_results\icdl_poster_2019_full\full_text.md", "Markdown", 0, -6348, 0, 0, -1281, -7629
"d:\OneDrive - The Energy and Resources Institute\Desktop\My_Files\Projects\Agentic-RAG-Chatbot\app\local_tests\pdf_extraction_test\v1old_results\make_solar_cooker\00_summary.json", "JSON", 0, 0, -22, 0, 0, -22
"d:\OneDrive - The Energy and Resources Institute\Desktop\My_Files\Projects\Agentic-RAG-Chatbot\app\local_tests\pdf_extraction_test\v1old_results\make_solar_cooker\01_pages.md", "Markdown", 0, -47, 0, 0, -13, -60
"d:\OneDrive - The Energy and Resources Institute\Desktop\My_Files\Projects\Agentic-RAG-Chatbot\app\local_tests\pdf_extraction_test\v1old_results\make_solar_cooker\02_tables.md", "Markdown", 0, -3, 0, 0, -2, -5
"d:\OneDrive - The Energy and Resources Institute\Desktop\My_Files\Projects\Agentic-RAG-Chatbot\app\local_tests\pdf_extraction_test\v1old_results\make_solar_cooker\03_chunks.md", "Markdown", 0, -86, 0, 0, -28, -114
"d:\OneDrive - The Energy and Resources Institute\Desktop\My_Files\Projects\Agentic-RAG-Chatbot\app\local_tests\pdf_extraction_test\v1old_results\make_solar_cooker\04_metadata.json", "JSON", 0, 0, -33, 0, 0, -33
"d:\OneDrive - The Energy and Resources Institute\Desktop\My_Files\Projects\Agentic-RAG-Chatbot\app\local_tests\pdf_extraction_test\v1old_results\make_solar_cooker\04_metadata.md", "Markdown", 0, -22, 0, 0, -5, -27
"d:\OneDrive - The Energy and Resources Institute\Desktop\My_Files\Projects\Agentic-RAG-Chatbot\app\local_tests\pdf_extraction_test\v1old_results\make_solar_cooker\05_qdrant_points.json", "JSON", 0, 0, -6219, 0, 0, -6219
"d:\OneDrive - The Energy and Resources Institute\Desktop\My_Files\Projects\Agentic-RAG-Chatbot\app\local_tests\pdf_extraction_test\v1old_results\make_solar_cooker\05_qdrant_points.md", "Markdown", 0, -68, 0, 0, -10, -78
"d:\OneDrive - The Energy and Resources Institute\Desktop\My_Files\Projects\Agentic-RAG-Chatbot\app\local_tests\pdf_extraction_test\v1old_results\make_solar_cooker\full_text.md", "Markdown", 0, -46, 0, 0, -12, -58
"d:\OneDrive - The Energy and Resources Institute\Desktop\My_Files\Projects\Agentic-RAG-Chatbot\app\local_tests\pdf_extraction_test\v1old_results\managing_water\00_summary.json", "JSON", 0, 0, -22, 0, 0, -22
"d:\OneDrive - The Energy and Resources Institute\Desktop\My_Files\Projects\Agentic-RAG-Chatbot\app\local_tests\pdf_extraction_test\v1old_results\managing_water\01_pages.md", "Markdown", 0, -189, 0, 0, -19, -208
"d:\OneDrive - The Energy and Resources Institute\Desktop\My_Files\Projects\Agentic-RAG-Chatbot\app\local_tests\pdf_extraction_test\v1old_results\managing_water\02_tables.md", "Markdown", 0, -3, 0, 0, -2, -5
"d:\OneDrive - The Energy and Resources Institute\Desktop\My_Files\Projects\Agentic-RAG-Chatbot\app\local_tests\pdf_extraction_test\v1old_results\managing_water\03_chunks.md", "Markdown", 0, -168, 0, 0, -34, -202
"d:\OneDrive - The Energy and Resources Institute\Desktop\My_Files\Projects\Agentic-RAG-Chatbot\app\local_tests\pdf_extraction_test\v1old_results\managing_water\04_metadata.json", "JSON", 0, 0, -33, 0, 0, -33
"d:\OneDrive - The Energy and Resources Institute\Desktop\My_Files\Projects\Agentic-RAG-Chatbot\app\local_tests\pdf_extraction_test\v1old_results\managing_water\04_metadata.md", "Markdown", 0, -22, 0, 0, -5, -27
"d:\OneDrive - The Energy and Resources Institute\Desktop\My_Files\Projects\Agentic-RAG-Chatbot\app\local_tests\pdf_extraction_test\v1old_results\managing_water\05_qdrant_points.json", "JSON", 0, 0, -15537, 0, 0, -15537
"d:\OneDrive - The Energy and Resources Institute\Desktop\My_Files\Projects\Agentic-RAG-Chatbot\app\local_tests\pdf_extraction_test\v1old_results\managing_water\05_qdrant_points.md", "Markdown", 0, -167, 0, 0, -19, -186
"d:\OneDrive - The Energy and Resources Institute\Desktop\My_Files\Projects\Agentic-RAG-Chatbot\app\local_tests\pdf_extraction_test\v1old_results\managing_water\full_text.md", "Markdown", 0, -188, 0, 0, -18, -206
"d:\OneDrive - The Energy and Resources Institute\Desktop\My_Files\Projects\Agentic-RAG-Chatbot\app\local_tests\pdf_extraction_test\v1old_results\navbharat_times\00_summary.json", "JSON", 0, 0, -22, 0, 0, -22
"d:\OneDrive - The Energy and Resources Institute\Desktop\My_Files\Projects\Agentic-RAG-Chatbot\app\local_tests\pdf_extraction_test\v1old_results\navbharat_times\01_pages.md", "Markdown", 0, -81, 0, 0, -19, -100
"d:\OneDrive - The Energy and Resources Institute\Desktop\My_Files\Projects\Agentic-RAG-Chatbot\app\local_tests\pdf_extraction_test\v1old_results\navbharat_times\02_tables.md", "Markdown", 0, -3, 0, 0, -2, -5
"d:\OneDrive - The Energy and Resources Institute\Desktop\My_Files\Projects\Agentic-RAG-Chatbot\app\local_tests\pdf_extraction_test\v1old_results\navbharat_times\03_chunks.md", "Markdown", 0, -171, 0, 0, -57, -228
"d:\OneDrive - The Energy and Resources Institute\Desktop\My_Files\Projects\Agentic-RAG-Chatbot\app\local_tests\pdf_extraction_test\v1old_results\navbharat_times\04_metadata.json", "JSON", 0, 0, -33, 0, 0, -33
"d:\OneDrive - The Energy and Resources Institute\Desktop\My_Files\Projects\Agentic-RAG-Chatbot\app\local_tests\pdf_extraction_test\v1old_results\navbharat_times\04_metadata.md", "Markdown", 0, -22, 0, 0, -5, -27
"d:\OneDrive - The Energy and Resources Institute\Desktop\My_Files\Projects\Agentic-RAG-Chatbot\app\local_tests\pdf_extraction_test\v1old_results\navbharat_times\05_qdrant_points.json", "JSON", 0, 0, -43485, 0, 0, -43485
"d:\OneDrive - The Energy and Resources Institute\Desktop\My_Files\Projects\Agentic-RAG-Chatbot\app\local_tests\pdf_extraction_test\v1old_results\navbharat_times\05_qdrant_points.md", "Markdown", 0, -458, 0, 0, -46, -504
"d:\OneDrive - The Energy and Resources Institute\Desktop\My_Files\Projects\Agentic-RAG-Chatbot\app\local_tests\pdf_extraction_test\v1old_results\navbharat_times\full_text.md", "Markdown", 0, -80, 0, 0, -18, -98
"d:\OneDrive - The Energy and Resources Institute\Desktop\My_Files\Projects\Agentic-RAG-Chatbot\app\local_tests\pdf_extraction_test\v2old_results\achieving_green_steel_roadmap\00_summary.json", "JSON", 0, 0, -43, 0, 0, -43
"d:\OneDrive - The Energy and Resources Institute\Desktop\My_Files\Projects\Agentic-RAG-Chatbot\app\local_tests\pdf_extraction_test\v2old_results\achieving_green_steel_roadmap\01_pages.md", "Markdown", 0, -1359, 0, 0, -278, -1637
"d:\OneDrive - The Energy and Resources Institute\Desktop\My_Files\Projects\Agentic-RAG-Chatbot\app\local_tests\pdf_extraction_test\v2old_results\achieving_green_steel_roadmap\02_tables.md", "Markdown", 0, -43, 0, 0, -10, -53
"d:\OneDrive - The Energy and Resources Institute\Desktop\My_Files\Projects\Agentic-RAG-Chatbot\app\local_tests\pdf_extraction_test\v2old_results\achieving_green_steel_roadmap\03_chunks.md", "Markdown", 0, -1300, 0, 0, -388, -1688
"d:\OneDrive - The Energy and Resources Institute\Desktop\My_Files\Projects\Agentic-RAG-Chatbot\app\local_tests\pdf_extraction_test\v2old_results\achieving_green_steel_roadmap\04_metadata.json", "JSON", 0, 0, -79, 0, 0, -79
"d:\OneDrive - The Energy and Resources Institute\Desktop\My_Files\Projects\Agentic-RAG-Chatbot\app\local_tests\pdf_extraction_test\v2old_results\achieving_green_steel_roadmap\04_metadata.md", "Markdown", 0, -22, 0, 0, -5, -27
"d:\OneDrive - The Energy and Resources Institute\Desktop\My_Files\Projects\Agentic-RAG-Chatbot\app\local_tests\pdf_extraction_test\v2old_results\achieving_green_steel_roadmap\05_qdrant_points.json", "JSON", 0, 0, -294990, 0, 0, -294990
"d:\OneDrive - The Energy and Resources Institute\Desktop\My_Files\Projects\Agentic-RAG-Chatbot\app\local_tests\pdf_extraction_test\v2old_results\achieving_green_steel_roadmap\05_qdrant_points.md", "Markdown", 0, -3050, 0, 0, -289, -3339
"d:\OneDrive - The Energy and Resources Institute\Desktop\My_Files\Projects\Agentic-RAG-Chatbot\app\local_tests\pdf_extraction_test\v2old_results\achieving_green_steel_roadmap\full_text.md", "Markdown", 0, -1294, 0, 0, -213, -1507
"d:\OneDrive - The Energy and Resources Institute\Desktop\My_Files\Projects\Agentic-RAG-Chatbot\app\local_tests\pdf_extraction_test\v2old_results\act4earth_policybrief_sustainable_consumption_lifestyles\00_summary.json", "JSON", 0, 0, -29, 0, 0, -29
"d:\OneDrive - The Energy and Resources Institute\Desktop\My_Files\Projects\Agentic-RAG-Chatbot\app\local_tests\pdf_extraction_test\v2old_results\act4earth_policybrief_sustainable_consumption_lifestyles\01_pages.md", "Markdown", 0, -584, 0, 0, -116, -700
"d:\OneDrive - The Energy and Resources Institute\Desktop\My_Files\Projects\Agentic-RAG-Chatbot\app\local_tests\pdf_extraction_test\v2old_results\act4earth_policybrief_sustainable_consumption_lifestyles\02_tables.md", "Markdown", 0, -89, 0, 0, -12, -101
"d:\OneDrive - The Energy and Resources Institute\Desktop\My_Files\Projects\Agentic-RAG-Chatbot\app\local_tests\pdf_extraction_test\v2old_results\act4earth_policybrief_sustainable_consumption_lifestyles\03_chunks.md", "Markdown", 0, -453, 0, 0, -130, -583
"d:\OneDrive - The Energy and Resources Institute\Desktop\My_Files\Projects\Agentic-RAG-Chatbot\app\local_tests\pdf_extraction_test\v2old_results\act4earth_policybrief_sustainable_consumption_lifestyles\04_metadata.json", "JSON", 0, 0, -46, 0, 0, -46
"d:\OneDrive - The Energy and Resources Institute\Desktop\My_Files\Projects\Agentic-RAG-Chatbot\app\local_tests\pdf_extraction_test\v2old_results\act4earth_policybrief_sustainable_consumption_lifestyles\04_metadata.md", "Markdown", 0, -22, 0, 0, -5, -27
"d:\OneDrive - The Energy and Resources Institute\Desktop\My_Files\Projects\Agentic-RAG-Chatbot\app\local_tests\pdf_extraction_test\v2old_results\act4earth_policybrief_sustainable_consumption_lifestyles\05_qdrant_points.json", "JSON", 0, 0, -102484, 0, 0, -102484
"d:\OneDrive - The Energy and Resources Institute\Desktop\My_Files\Projects\Agentic-RAG-Chatbot\app\local_tests\pdf_extraction_test\v2old_results\act4earth_policybrief_sustainable_consumption_lifestyles\05_qdrant_points.md", "Markdown", 0, -1070, 0, 0, -103, -1173
"d:\OneDrive - The Energy and Resources Institute\Desktop\My_Files\Projects\Agentic-RAG-Chatbot\app\local_tests\pdf_extraction_test\v2old_results\act4earth_policybrief_sustainable_consumption_lifestyles\full_text.md", "Markdown", 0, -562, 0, 0, -94, -656
"d:\OneDrive - The Energy and Resources Institute\Desktop\My_Files\Projects\Agentic-RAG-Chatbot\app\local_tests\pdf_extraction_test\v3old_results\_index.json", "JSON", 0, 0, -751, 0, 0, -751
"d:\OneDrive - The Energy and Resources Institute\Desktop\My_Files\Projects\Agentic-RAG-Chatbot\app\local_tests\pdf_extraction_test\v3old_results\_index.md", "Markdown", 0, -21, 0, 0, -3, -24
"d:\OneDrive - The Energy and Resources Institute\Desktop\My_Files\Projects\Agentic-RAG-Chatbot\app\local_tests\pdf_extraction_test\v3old_results\achieving_green_steel_roadmap\00_summary.json", "JSON", 0, 0, -43, 0, 0, -43
"d:\OneDrive - The Energy and Resources Institute\Desktop\My_Files\Projects\Agentic-RAG-Chatbot\app\local_tests\pdf_extraction_test\v3old_results\achieving_green_steel_roadmap\01_pages.md", "Markdown", 0, -1359, 0, 0, -278, -1637
"d:\OneDrive - The Energy and Resources Institute\Desktop\My_Files\Projects\Agentic-RAG-Chatbot\app\local_tests\pdf_extraction_test\v3old_results\achieving_green_steel_roadmap\02_tables.md", "Markdown", 0, -43, 0, 0, -10, -53
"d:\OneDrive - The Energy and Resources Institute\Desktop\My_Files\Projects\Agentic-RAG-Chatbot\app\local_tests\pdf_extraction_test\v3old_results\achieving_green_steel_roadmap\03_chunks.md", "Markdown", 0, -1300, 0, 0, -388, -1688
"d:\OneDrive - The Energy and Resources Institute\Desktop\My_Files\Projects\Agentic-RAG-Chatbot\app\local_tests\pdf_extraction_test\v3old_results\achieving_green_steel_roadmap\04_metadata.json", "JSON", 0, 0, -79, 0, 0, -79
"d:\OneDrive - The Energy and Resources Institute\Desktop\My_Files\Projects\Agentic-RAG-Chatbot\app\local_tests\pdf_extraction_test\v3old_results\achieving_green_steel_roadmap\04_metadata.md", "Markdown", 0, -22, 0, 0, -5, -27
"d:\OneDrive - The Energy and Resources Institute\Desktop\My_Files\Projects\Agentic-RAG-Chatbot\app\local_tests\pdf_extraction_test\v3old_results\achieving_green_steel_roadmap\05_qdrant_points.json", "JSON", 0, 0, -294991, 0, 0, -294991
"d:\OneDrive - The Energy and Resources Institute\Desktop\My_Files\Projects\Agentic-RAG-Chatbot\app\local_tests\pdf_extraction_test\v3old_results\achieving_green_steel_roadmap\05_qdrant_points.md", "Markdown", 0, -3051, 0, 0, -289, -3340
"d:\OneDrive - The Energy and Resources Institute\Desktop\My_Files\Projects\Agentic-RAG-Chatbot\app\local_tests\pdf_extraction_test\v3old_results\achieving_green_steel_roadmap\full_text.md", "Markdown", 0, -1294, 0, 0, -213, -1507
"d:\OneDrive - The Energy and Resources Institute\Desktop\My_Files\Projects\Agentic-RAG-Chatbot\app\local_tests\pdf_extraction_test\v3old_results\act4earth_policybrief_sustainable_consumption_lifestyles\00_summary.json", "JSON", 0, 0, -29, 0, 0, -29
"d:\OneDrive - The Energy and Resources Institute\Desktop\My_Files\Projects\Agentic-RAG-Chatbot\app\local_tests\pdf_extraction_test\v3old_results\act4earth_policybrief_sustainable_consumption_lifestyles\01_pages.md", "Markdown", 0, -584, 0, 0, -116, -700
"d:\OneDrive - The Energy and Resources Institute\Desktop\My_Files\Projects\Agentic-RAG-Chatbot\app\local_tests\pdf_extraction_test\v3old_results\act4earth_policybrief_sustainable_consumption_lifestyles\02_tables.md", "Markdown", 0, -89, 0, 0, -12, -101
"d:\OneDrive - The Energy and Resources Institute\Desktop\My_Files\Projects\Agentic-RAG-Chatbot\app\local_tests\pdf_extraction_test\v3old_results\act4earth_policybrief_sustainable_consumption_lifestyles\03_chunks.md", "Markdown", 0, -453, 0, 0, -130, -583
"d:\OneDrive - The Energy and Resources Institute\Desktop\My_Files\Projects\Agentic-RAG-Chatbot\app\local_tests\pdf_extraction_test\v3old_results\act4earth_policybrief_sustainable_consumption_lifestyles\04_metadata.json", "JSON", 0, 0, -46, 0, 0, -46
"d:\OneDrive - The Energy and Resources Institute\Desktop\My_Files\Projects\Agentic-RAG-Chatbot\app\local_tests\pdf_extraction_test\v3old_results\act4earth_policybrief_sustainable_consumption_lifestyles\04_metadata.md", "Markdown", 0, -22, 0, 0, -5, -27
"d:\OneDrive - The Energy and Resources Institute\Desktop\My_Files\Projects\Agentic-RAG-Chatbot\app\local_tests\pdf_extraction_test\v3old_results\act4earth_policybrief_sustainable_consumption_lifestyles\05_qdrant_points.json", "JSON", 0, 0, -102485, 0, 0, -102485
"d:\OneDrive - The Energy and Resources Institute\Desktop\My_Files\Projects\Agentic-RAG-Chatbot\app\local_tests\pdf_extraction_test\v3old_results\act4earth_policybrief_sustainable_consumption_lifestyles\05_qdrant_points.md", "Markdown", 0, -1071, 0, 0, -103, -1174
"d:\OneDrive - The Energy and Resources Institute\Desktop\My_Files\Projects\Agentic-RAG-Chatbot\app\local_tests\pdf_extraction_test\v3old_results\act4earth_policybrief_sustainable_consumption_lifestyles\full_text.md", "Markdown", 0, -562, 0, 0, -94, -656
"d:\OneDrive - The Energy and Resources Institute\Desktop\My_Files\Projects\Agentic-RAG-Chatbot\app\local_tests\pdf_extraction_test\v3old_results\advanced_green_fuels_for_maritime\00_summary.json", "JSON", 0, 0, -172, 0, 0, -172
"d:\OneDrive - The Energy and Resources Institute\Desktop\My_Files\Projects\Agentic-RAG-Chatbot\app\local_tests\pdf_extraction_test\v3old_results\advanced_green_fuels_for_maritime\01_pages.md", "Markdown", 0, -8750, 0, -4187, -1736, -14673
"d:\OneDrive - The Energy and Resources Institute\Desktop\My_Files\Projects\Agentic-RAG-Chatbot\app\local_tests\pdf_extraction_test\v3old_results\advanced_green_fuels_for_maritime\02_tables.md", "Markdown", 0, -2161, 0, 0, -278, -2439
"d:\OneDrive - The Energy and Resources Institute\Desktop\My_Files\Projects\Agentic-RAG-Chatbot\app\local_tests\pdf_extraction_test\v3old_results\advanced_green_fuels_for_maritime\03_chunks.md", "Markdown", 0, -7341, 0, -6681, -2070, -16092
"d:\OneDrive - The Energy and Resources Institute\Desktop\My_Files\Projects\Agentic-RAG-Chatbot\app\local_tests\pdf_extraction_test\v3old_results\advanced_green_fuels_for_maritime\04_metadata.json", "JSON", 0, 0, -332, 0, 0, -332
"d:\OneDrive - The Energy and Resources Institute\Desktop\My_Files\Projects\Agentic-RAG-Chatbot\app\local_tests\pdf_extraction_test\v3old_results\advanced_green_fuels_for_maritime\04_metadata.md", "Markdown", 0, -22, 0, 0, -5, -27
"d:\OneDrive - The Energy and Resources Institute\Desktop\My_Files\Projects\Agentic-RAG-Chatbot\app\local_tests\pdf_extraction_test\v3old_results\advanced_green_fuels_for_maritime\05_qdrant_points.json", "JSON", 0, 0, -1984276, 0, 0, -1984276
"d:\OneDrive - The Energy and Resources Institute\Desktop\My_Files\Projects\Agentic-RAG-Chatbot\app\local_tests\pdf_extraction_test\v3old_results\advanced_green_fuels_for_maritime\05_qdrant_points.md", "Markdown", 0, -11584, 0, -9878, -1083, -22545
"d:\OneDrive - The Energy and Resources Institute\Desktop\My_Files\Projects\Agentic-RAG-Chatbot\app\local_tests\pdf_extraction_test\v3old_results\advanced_green_fuels_for_maritime\full_text.md", "Markdown", 0, -8627, 0, -3783, -1613, -14023
"d:\OneDrive - The Energy and Resources Institute\Desktop\My_Files\Projects\Agentic-RAG-Chatbot\app\local_tests\pdf_extraction_test\v3old_results\advanced_green_fuels_for_maritime_part_a_book\00_summary.json", "JSON", 0, 0, -172, 0, 0, -172
"d:\OneDrive - The Energy and Resources Institute\Desktop\My_Files\Projects\Agentic-RAG-Chatbot\app\local_tests\pdf_extraction_test\v3old_results\advanced_green_fuels_for_maritime_part_a_book\01_pages.md", "Markdown", 0, -8750, 0, -4187, -1736, -14673
"d:\OneDrive - The Energy and Resources Institute\Desktop\My_Files\Projects\Agentic-RAG-Chatbot\app\local_tests\pdf_extraction_test\v3old_results\advanced_green_fuels_for_maritime_part_a_book\02_tables.md", "Markdown", 0, -2161, 0, 0, -278, -2439
"d:\OneDrive - The Energy and Resources Institute\Desktop\My_Files\Projects\Agentic-RAG-Chatbot\app\local_tests\pdf_extraction_test\v3old_results\advanced_green_fuels_for_maritime_part_a_book\03_chunks.md", "Markdown", 0, -7341, 0, -6681, -2070, -16092
"d:\OneDrive - The Energy and Resources Institute\Desktop\My_Files\Projects\Agentic-RAG-Chatbot\app\local_tests\pdf_extraction_test\v3old_results\advanced_green_fuels_for_maritime_part_a_book\04_metadata.json", "JSON", 0, 0, -332, 0, 0, -332
"d:\OneDrive - The Energy and Resources Institute\Desktop\My_Files\Projects\Agentic-RAG-Chatbot\app\local_tests\pdf_extraction_test\v3old_results\advanced_green_fuels_for_maritime_part_a_book\04_metadata.md", "Markdown", 0, -22, 0, 0, -5, -27
"d:\OneDrive - The Energy and Resources Institute\Desktop\My_Files\Projects\Agentic-RAG-Chatbot\app\local_tests\pdf_extraction_test\v3old_results\advanced_green_fuels_for_maritime_part_a_book\05_qdrant_points.json", "JSON", 0, 0, -1984276, 0, 0, -1984276
"d:\OneDrive - The Energy and Resources Institute\Desktop\My_Files\Projects\Agentic-RAG-Chatbot\app\local_tests\pdf_extraction_test\v3old_results\advanced_green_fuels_for_maritime_part_a_book\05_qdrant_points.md", "Markdown", 0, -11584, 0, -9878, -1083, -22545
"d:\OneDrive - The Energy and Resources Institute\Desktop\My_Files\Projects\Agentic-RAG-Chatbot\app\local_tests\pdf_extraction_test\v3old_results\advanced_green_fuels_for_maritime_part_a_book\full_text.md", "Markdown", 0, -8627, 0, -3783, -1613, -14023
"d:\OneDrive - The Energy and Resources Institute\Desktop\My_Files\Projects\Agentic-RAG-Chatbot\app\local_tests\pdf_extraction_test\v3old_results\annexure_a2_commitment_letters\00_summary.json", "JSON", 0, 0, -27, 0, 0, -27
"d:\OneDrive - The Energy and Resources Institute\Desktop\My_Files\Projects\Agentic-RAG-Chatbot\app\local_tests\pdf_extraction_test\v3old_results\annexure_a2_commitment_letters\01_pages.md", "Markdown", 0, -132, 0, -105, -62, -299
"d:\OneDrive - The Energy and Resources Institute\Desktop\My_Files\Projects\Agentic-RAG-Chatbot\app\local_tests\pdf_extraction_test\v3old_results\annexure_a2_commitment_letters\02_tables.md", "Markdown", 0, -3, 0, 0, -2, -5
"d:\OneDrive - The Energy and Resources Institute\Desktop\My_Files\Projects\Agentic-RAG-Chatbot\app\local_tests\pdf_extraction_test\v3old_results\annexure_a2_commitment_letters\03_chunks.md", "Markdown", 0, -104, 0, -277, -62, -443
"d:\OneDrive - The Energy and Resources Institute\Desktop\My_Files\Projects\Agentic-RAG-Chatbot\app\local_tests\pdf_extraction_test\v3old_results\annexure_a2_commitment_letters\04_metadata.json", "JSON", 0, 0, -41, 0, 0, -41
"d:\OneDrive - The Energy and Resources Institute\Desktop\My_Files\Projects\Agentic-RAG-Chatbot\app\local_tests\pdf_extraction_test\v3old_results\annexure_a2_commitment_letters\04_metadata.md", "Markdown", 0, -22, 0, 0, -5, -27
"d:\OneDrive - The Energy and Resources Institute\Desktop\My_Files\Projects\Agentic-RAG-Chatbot\app\local_tests\pdf_extraction_test\v3old_results\annexure_a2_commitment_letters\05_qdrant_points.json", "JSON", 0, 0, -49685, 0, 0, -49685
"d:\OneDrive - The Energy and Resources Institute\Desktop\My_Files\Projects\Agentic-RAG-Chatbot\app\local_tests\pdf_extraction_test\v3old_results\annexure_a2_commitment_letters\05_qdrant_points.md", "Markdown", 0, -397, 0, -125, -42, -564
"d:\OneDrive - The Energy and Resources Institute\Desktop\My_Files\Projects\Agentic-RAG-Chatbot\app\local_tests\pdf_extraction_test\v3old_results\annexure_a2_commitment_letters\full_text.md", "Markdown", 0, -128, 0, -101, -58, -287
"d:\OneDrive - The Energy and Resources Institute\Desktop\My_Files\Projects\Agentic-RAG-Chatbot\app\local_tests\pdf_extraction_test\v3old_results\annexure_j1_teri_wwd_2020_report\00_summary.json", "JSON", 0, 0, -36, 0, 0, -36
"d:\OneDrive - The Energy and Resources Institute\Desktop\My_Files\Projects\Agentic-RAG-Chatbot\app\local_tests\pdf_extraction_test\v3old_results\annexure_j1_teri_wwd_2020_report\01_pages.md", "Markdown", 0, -1091, 0, 0, -142, -1233
"d:\OneDrive - The Energy and Resources Institute\Desktop\My_Files\Projects\Agentic-RAG-Chatbot\app\local_tests\pdf_extraction_test\v3old_results\annexure_j1_teri_wwd_2020_report\02_tables.md", "Markdown", 0, -42, 0, 0, -6, -48
"d:\OneDrive - The Energy and Resources Institute\Desktop\My_Files\Projects\Agentic-RAG-Chatbot\app\local_tests\pdf_extraction_test\v3old_results\annexure_j1_teri_wwd_2020_report\03_chunks.md", "Markdown", 0, -1453, 0, 0, -225, -1678
"d:\OneDrive - The Energy and Resources Institute\Desktop\My_Files\Projects\Agentic-RAG-Chatbot\app\local_tests\pdf_extraction_test\v3old_results\annexure_j1_teri_wwd_2020_report\04_metadata.json", "JSON", 0, 0, -60, 0, 0, -60
"d:\OneDrive - The Energy and Resources Institute\Desktop\My_Files\Projects\Agentic-RAG-Chatbot\app\local_tests\pdf_extraction_test\v3old_results\annexure_j1_teri_wwd_2020_report\04_metadata.md", "Markdown", 0, -22, 0, 0, -5, -27
"d:\OneDrive - The Energy and Resources Institute\Desktop\My_Files\Projects\Agentic-RAG-Chatbot\app\local_tests\pdf_extraction_test\v3old_results\annexure_j1_teri_wwd_2020_report\05_qdrant_points.json", "JSON", 0, 0, -170780, 0, 0, -170780
"d:\OneDrive - The Energy and Resources Institute\Desktop\My_Files\Projects\Agentic-RAG-Chatbot\app\local_tests\pdf_extraction_test\v3old_results\annexure_j1_teri_wwd_2020_report\05_qdrant_points.md", "Markdown", 0, -1760, 0, 0, -169, -1929
"d:\OneDrive - The Energy and Resources Institute\Desktop\My_Files\Projects\Agentic-RAG-Chatbot\app\local_tests\pdf_extraction_test\v3old_results\annexure_j1_teri_wwd_2020_report\full_text.md", "Markdown", 0, -1044, 0, 0, -95, -1139
"d:\OneDrive - The Energy and Resources Institute\Desktop\My_Files\Projects\Agentic-RAG-Chatbot\app\local_tests\pdf_extraction_test\v3old_results\annexure_o_map_plastic_leakage_points\00_summary.json", "JSON", 0, 0, -22, 0, 0, -22
"d:\OneDrive - The Energy and Resources Institute\Desktop\My_Files\Projects\Agentic-RAG-Chatbot\app\local_tests\pdf_extraction_test\v3old_results\annexure_o_map_plastic_leakage_points\01_pages.md", "Markdown", 0, -24, 0, 0, -18, -42
"d:\OneDrive - The Energy and Resources Institute\Desktop\My_Files\Projects\Agentic-RAG-Chatbot\app\local_tests\pdf_extraction_test\v3old_results\annexure_o_map_plastic_leakage_points\02_tables.md", "Markdown", 0, -3, 0, 0, -2, -5
"d:\OneDrive - The Energy and Resources Institute\Desktop\My_Files\Projects\Agentic-RAG-Chatbot\app\local_tests\pdf_extraction_test\v3old_results\annexure_o_map_plastic_leakage_points\03_chunks.md", "Markdown", 0, -32, 0, 0, -27, -59
"d:\OneDrive - The Energy and Resources Institute\Desktop\My_Files\Projects\Agentic-RAG-Chatbot\app\local_tests\pdf_extraction_test\v3old_results\annexure_o_map_plastic_leakage_points\04_metadata.json", "JSON", 0, 0, -33, 0, 0, -33
"d:\OneDrive - The Energy and Resources Institute\Desktop\My_Files\Projects\Agentic-RAG-Chatbot\app\local_tests\pdf_extraction_test\v3old_results\annexure_o_map_plastic_leakage_points\04_metadata.md", "Markdown", 0, -22, 0, 0, -5, -27
"d:\OneDrive - The Energy and Resources Institute\Desktop\My_Files\Projects\Agentic-RAG-Chatbot\app\local_tests\pdf_extraction_test\v3old_results\annexure_o_map_plastic_leakage_points\05_qdrant_points.json", "JSON", 0, 0, -6219, 0, 0, -6219
"d:\OneDrive - The Energy and Resources Institute\Desktop\My_Files\Projects\Agentic-RAG-Chatbot\app\local_tests\pdf_extraction_test\v3old_results\annexure_o_map_plastic_leakage_points\05_qdrant_points.md", "Markdown", 0, -68, 0, 0, -10, -78
"d:\OneDrive - The Energy and Resources Institute\Desktop\My_Files\Projects\Agentic-RAG-Chatbot\app\local_tests\pdf_extraction_test\v3old_results\annexure_o_map_plastic_leakage_points\full_text.md", "Markdown", 0, -23, 0, 0, -17, -40
"d:\OneDrive - The Energy and Resources Institute\Desktop\My_Files\Projects\Agentic-RAG-Chatbot\app\local_tests\pdf_extraction_test\v3old_results\bengaluru_conference_report_2020\00_summary.json", "JSON", 0, 0, -65, 0, 0, -65
"d:\OneDrive - The Energy and Resources Institute\Desktop\My_Files\Projects\Agentic-RAG-Chatbot\app\local_tests\pdf_extraction_test\v3old_results\bengaluru_conference_report_2020\01_pages.md", "Markdown", 0, -1335, 0, 0, -521, -1856
"d:\OneDrive - The Energy and Resources Institute\Desktop\My_Files\Projects\Agentic-RAG-Chatbot\app\local_tests\pdf_extraction_test\v3old_results\bengaluru_conference_report_2020\02_tables.md", "Markdown", 0, -172, 0, 0, -12, -184
"d:\OneDrive - The Energy and Resources Institute\Desktop\My_Files\Projects\Agentic-RAG-Chatbot\app\local_tests\pdf_extraction_test\v3old_results\bengaluru_conference_report_2020\03_chunks.md", "Markdown", 0, -1452, 0, 0, -617, -2069
"d:\OneDrive - The Energy and Resources Institute\Desktop\My_Files\Projects\Agentic-RAG-Chatbot\app\local_tests\pdf_extraction_test\v3old_results\bengaluru_conference_report_2020\04_metadata.json", "JSON", 0, 0, -119, 0, 0, -119
"d:\OneDrive - The Energy and Resources Institute\Desktop\My_Files\Projects\Agentic-RAG-Chatbot\app\local_tests\pdf_extraction_test\v3old_results\bengaluru_conference_report_2020\04_metadata.md", "Markdown", 0, -22, 0, 0, -5, -27
"d:\OneDrive - The Energy and Resources Institute\Desktop\My_Files\Projects\Agentic-RAG-Chatbot\app\local_tests\pdf_extraction_test\v3old_results\bengaluru_conference_report_2020\05_qdrant_points.json", "JSON", 0, 0, -322899, 0, 0, -322899
"d:\OneDrive - The Energy and Resources Institute\Desktop\My_Files\Projects\Agentic-RAG-Chatbot\app\local_tests\pdf_extraction_test\v3old_results\bengaluru_conference_report_2020\05_qdrant_points.md", "Markdown", 0, -3302, 0, 0, -316, -3618
"d:\OneDrive - The Energy and Resources Institute\Desktop\My_Files\Projects\Agentic-RAG-Chatbot\app\local_tests\pdf_extraction_test\v3old_results\bengaluru_conference_report_2020\full_text.md", "Markdown", 0, -1289, 0, 0, -475, -1764
"d:\OneDrive - The Energy and Resources Institute\Desktop\My_Files\Projects\Agentic-RAG-Chatbot\app\local_tests\pdf_extraction_test\v3old_results\check_your_water_quality\00_summary.json", "JSON", 0, 0, -22, 0, 0, -22
"d:\OneDrive - The Energy and Resources Institute\Desktop\My_Files\Projects\Agentic-RAG-Chatbot\app\local_tests\pdf_extraction_test\v3old_results\check_your_water_quality\01_pages.md", "Markdown", 0, -21, 0, 0, -8, -29
"d:\OneDrive - The Energy and Resources Institute\Desktop\My_Files\Projects\Agentic-RAG-Chatbot\app\local_tests\pdf_extraction_test\v3old_results\check_your_water_quality\02_tables.md", "Markdown", 0, -23, 0, 0, -6, -29
"d:\OneDrive - The Energy and Resources Institute\Desktop\My_Files\Projects\Agentic-RAG-Chatbot\app\local_tests\pdf_extraction_test\v3old_results\check_your_water_quality\03_chunks.md", "Markdown", 0, -25, 0, 0, -13, -38
"d:\OneDrive - The Energy and Resources Institute\Desktop\My_Files\Projects\Agentic-RAG-Chatbot\app\local_tests\pdf_extraction_test\v3old_results\check_your_water_quality\04_metadata.json", "JSON", 0, 0, -33, 0, 0, -33
"d:\OneDrive - The Energy and Resources Institute\Desktop\My_Files\Projects\Agentic-RAG-Chatbot\app\local_tests\pdf_extraction_test\v3old_results\check_your_water_quality\04_metadata.md", "Markdown", 0, -22, 0, 0, -5, -27
"d:\OneDrive - The Energy and Resources Institute\Desktop\My_Files\Projects\Agentic-RAG-Chatbot\app\local_tests\pdf_extraction_test\v3old_results\check_your_water_quality\05_qdrant_points.json", "JSON", 0, 0, -6219, 0, 0, -6219
"d:\OneDrive - The Energy and Resources Institute\Desktop\My_Files\Projects\Agentic-RAG-Chatbot\app\local_tests\pdf_extraction_test\v3old_results\check_your_water_quality\05_qdrant_points.md", "Markdown", 0, -68, 0, 0, -10, -78
"d:\OneDrive - The Energy and Resources Institute\Desktop\My_Files\Projects\Agentic-RAG-Chatbot\app\local_tests\pdf_extraction_test\v3old_results\check_your_water_quality\full_text.md", "Markdown", 0, -20, 0, 0, -7, -27
"d:\OneDrive - The Energy and Resources Institute\Desktop\My_Files\Projects\Agentic-RAG-Chatbot\app\local_tests\pdf_extraction_test\v3old_results\es2012rs02\00_summary.json", "JSON", 0, 0, -35, 0, 0, -35
"d:\OneDrive - The Energy and Resources Institute\Desktop\My_Files\Projects\Agentic-RAG-Chatbot\app\local_tests\pdf_extraction_test\v3old_results\es2012rs02\01_pages.md", "Markdown", 0, -545, 0, 0, -227, -772
"d:\OneDrive - The Energy and Resources Institute\Desktop\My_Files\Projects\Agentic-RAG-Chatbot\app\local_tests\pdf_extraction_test\v3old_results\es2012rs02\02_tables.md", "Markdown", 0, -81, 0, 0, -16, -97
"d:\OneDrive - The Energy and Resources Institute\Desktop\My_Files\Projects\Agentic-RAG-Chatbot\app\local_tests\pdf_extraction_test\v3old_results\es2012rs02\03_chunks.md", "Markdown", 0, -881, 0, 0, -318, -1199
"d:\OneDrive - The Energy and Resources Institute\Desktop\My_Files\Projects\Agentic-RAG-Chatbot\app\local_tests\pdf_extraction_test\v3old_results\es2012rs02\04_metadata.json", "JSON", 0, 0, -58, 0, 0, -58
"d:\OneDrive - The Energy and Resources Institute\Desktop\My_Files\Projects\Agentic-RAG-Chatbot\app\local_tests\pdf_extraction_test\v3old_results\es2012rs02\04_metadata.md", "Markdown", 0, -22, 0, 0, -5, -27
"d:\OneDrive - The Energy and Resources Institute\Desktop\My_Files\Projects\Agentic-RAG-Chatbot\app\local_tests\pdf_extraction_test\v3old_results\es2012rs02\05_qdrant_points.json", "JSON", 0, 0, -108667, 0, 0, -108667
"d:\OneDrive - The Energy and Resources Institute\Desktop\My_Files\Projects\Agentic-RAG-Chatbot\app\local_tests\pdf_extraction_test\v3old_results\es2012rs02\05_qdrant_points.md", "Markdown", 0, -1107, 0, 0, -109, -1216
"d:\OneDrive - The Energy and Resources Institute\Desktop\My_Files\Projects\Agentic-RAG-Chatbot\app\local_tests\pdf_extraction_test\v3old_results\es2012rs02\full_text.md", "Markdown", 0, -514, 0, 0, -196, -710
"d:\OneDrive - The Energy and Resources Institute\Desktop\My_Files\Projects\Agentic-RAG-Chatbot\app\local_tests\pdf_extraction_test\v3old_results\icdl_poster_2019_full\00_summary.json", "JSON", 0, 0, -60, 0, 0, -60
"d:\OneDrive - The Energy and Resources Institute\Desktop\My_Files\Projects\Agentic-RAG-Chatbot\app\local_tests\pdf_extraction_test\v3old_results\icdl_poster_2019_full\01_pages.md", "Markdown", 0, -6524, 0, 0, -1475, -7999
"d:\OneDrive - The Energy and Resources Institute\Desktop\My_Files\Projects\Agentic-RAG-Chatbot\app\local_tests\pdf_extraction_test\v3old_results\icdl_poster_2019_full\02_tables.md", "Markdown", 0, -135, 0, 0, -32, -167
"d:\OneDrive - The Energy and Resources Institute\Desktop\My_Files\Projects\Agentic-RAG-Chatbot\app\local_tests\pdf_extraction_test\v3old_results\icdl_poster_2019_full\03_chunks.md", "Markdown", 0, -6347, 0, 0, -2200, -8547
"d:\OneDrive - The Energy and Resources Institute\Desktop\My_Files\Projects\Agentic-RAG-Chatbot\app\local_tests\pdf_extraction_test\v3old_results\icdl_poster_2019_full\04_metadata.json", "JSON", 0, 0, -108, 0, 0, -108
"d:\OneDrive - The Energy and Resources Institute\Desktop\My_Files\Projects\Agentic-RAG-Chatbot\app\local_tests\pdf_extraction_test\v3old_results\icdl_poster_2019_full\04_metadata.md", "Markdown", 0, -22, 0, 0, -5, -27
"d:\OneDrive - The Energy and Resources Institute\Desktop\My_Files\Projects\Agentic-RAG-Chatbot\app\local_tests\pdf_extraction_test\v3old_results\icdl_poster_2019_full\05_qdrant_points.json", "JSON", 0, 0, -1189231, 0, 0, -1189231
"d:\OneDrive - The Energy and Resources Institute\Desktop\My_Files\Projects\Agentic-RAG-Chatbot\app\local_tests\pdf_extraction_test\v3old_results\icdl_poster_2019_full\05_qdrant_points.md", "Markdown", 0, -12267, 0, 0, -1153, -13420
"d:\OneDrive - The Energy and Resources Institute\Desktop\My_Files\Projects\Agentic-RAG-Chatbot\app\local_tests\pdf_extraction_test\v3old_results\icdl_poster_2019_full\full_text.md", "Markdown", 0, -6330, 0, 0, -1281, -7611
"d:\OneDrive - The Energy and Resources Institute\Desktop\My_Files\Projects\Agentic-RAG-Chatbot\app\local_tests\pdf_extraction_test\v3old_results\make_solar_cooker\00_summary.json", "JSON", 0, 0, -22, 0, 0, -22
"d:\OneDrive - The Energy and Resources Institute\Desktop\My_Files\Projects\Agentic-RAG-Chatbot\app\local_tests\pdf_extraction_test\v3old_results\make_solar_cooker\01_pages.md", "Markdown", 0, -47, 0, 0, -13, -60
"d:\OneDrive - The Energy and Resources Institute\Desktop\My_Files\Projects\Agentic-RAG-Chatbot\app\local_tests\pdf_extraction_test\v3old_results\make_solar_cooker\02_tables.md", "Markdown", 0, -3, 0, 0, -2, -5
"d:\OneDrive - The Energy and Resources Institute\Desktop\My_Files\Projects\Agentic-RAG-Chatbot\app\local_tests\pdf_extraction_test\v3old_results\make_solar_cooker\03_chunks.md", "Markdown", 0, -86, 0, 0, -28, -114
"d:\OneDrive - The Energy and Resources Institute\Desktop\My_Files\Projects\Agentic-RAG-Chatbot\app\local_tests\pdf_extraction_test\v3old_results\make_solar_cooker\04_metadata.json", "JSON", 0, 0, -33, 0, 0, -33
"d:\OneDrive - The Energy and Resources Institute\Desktop\My_Files\Projects\Agentic-RAG-Chatbot\app\local_tests\pdf_extraction_test\v3old_results\make_solar_cooker\04_metadata.md", "Markdown", 0, -22, 0, 0, -5, -27
"d:\OneDrive - The Energy and Resources Institute\Desktop\My_Files\Projects\Agentic-RAG-Chatbot\app\local_tests\pdf_extraction_test\v3old_results\make_solar_cooker\05_qdrant_points.json", "JSON", 0, 0, -6219, 0, 0, -6219
"d:\OneDrive - The Energy and Resources Institute\Desktop\My_Files\Projects\Agentic-RAG-Chatbot\app\local_tests\pdf_extraction_test\v3old_results\make_solar_cooker\05_qdrant_points.md", "Markdown", 0, -68, 0, 0, -10, -78
"d:\OneDrive - The Energy and Resources Institute\Desktop\My_Files\Projects\Agentic-RAG-Chatbot\app\local_tests\pdf_extraction_test\v3old_results\make_solar_cooker\full_text.md", "Markdown", 0, -46, 0, 0, -12, -58
"d:\OneDrive - The Energy and Resources Institute\Desktop\My_Files\Projects\Agentic-RAG-Chatbot\app\local_tests\pdf_extraction_test\v3old_results\managing_water\00_summary.json", "JSON", 0, 0, -22, 0, 0, -22
"d:\OneDrive - The Energy and Resources Institute\Desktop\My_Files\Projects\Agentic-RAG-Chatbot\app\local_tests\pdf_extraction_test\v3old_results\managing_water\01_pages.md", "Markdown", 0, -189, 0, 0, -19, -208
"d:\OneDrive - The Energy and Resources Institute\Desktop\My_Files\Projects\Agentic-RAG-Chatbot\app\local_tests\pdf_extraction_test\v3old_results\managing_water\02_tables.md", "Markdown", 0, -3, 0, 0, -2, -5
"d:\OneDrive - The Energy and Resources Institute\Desktop\My_Files\Projects\Agentic-RAG-Chatbot\app\local_tests\pdf_extraction_test\v3old_results\managing_water\03_chunks.md", "Markdown", 0, -169, 0, 0, -34, -203
"d:\OneDrive - The Energy and Resources Institute\Desktop\My_Files\Projects\Agentic-RAG-Chatbot\app\local_tests\pdf_extraction_test\v3old_results\managing_water\04_metadata.json", "JSON", 0, 0, -33, 0, 0, -33
"d:\OneDrive - The Energy and Resources Institute\Desktop\My_Files\Projects\Agentic-RAG-Chatbot\app\local_tests\pdf_extraction_test\v3old_results\managing_water\04_metadata.md", "Markdown", 0, -22, 0, 0, -5, -27
"d:\OneDrive - The Energy and Resources Institute\Desktop\My_Files\Projects\Agentic-RAG-Chatbot\app\local_tests\pdf_extraction_test\v3old_results\managing_water\05_qdrant_points.json", "JSON", 0, 0, -15537, 0, 0, -15537
"d:\OneDrive - The Energy and Resources Institute\Desktop\My_Files\Projects\Agentic-RAG-Chatbot\app\local_tests\pdf_extraction_test\v3old_results\managing_water\05_qdrant_points.md", "Markdown", 0, -167, 0, 0, -19, -186
"d:\OneDrive - The Energy and Resources Institute\Desktop\My_Files\Projects\Agentic-RAG-Chatbot\app\local_tests\pdf_extraction_test\v3old_results\managing_water\full_text.md", "Markdown", 0, -188, 0, 0, -18, -206
"d:\OneDrive - The Energy and Resources Institute\Desktop\My_Files\Projects\Agentic-RAG-Chatbot\app\local_tests\pdf_extraction_test\v3old_results\navbharat_times\00_summary.json", "JSON", 0, 0, -22, 0, 0, -22
"d:\OneDrive - The Energy and Resources Institute\Desktop\My_Files\Projects\Agentic-RAG-Chatbot\app\local_tests\pdf_extraction_test\v3old_results\navbharat_times\01_pages.md", "Markdown", 0, -81, 0, 0, -19, -100
"d:\OneDrive - The Energy and Resources Institute\Desktop\My_Files\Projects\Agentic-RAG-Chatbot\app\local_tests\pdf_extraction_test\v3old_results\navbharat_times\02_tables.md", "Markdown", 0, -3, 0, 0, -2, -5
"d:\OneDrive - The Energy and Resources Institute\Desktop\My_Files\Projects\Agentic-RAG-Chatbot\app\local_tests\pdf_extraction_test\v3old_results\navbharat_times\03_chunks.md", "Markdown", 0, -171, 0, 0, -57, -228
"d:\OneDrive - The Energy and Resources Institute\Desktop\My_Files\Projects\Agentic-RAG-Chatbot\app\local_tests\pdf_extraction_test\v3old_results\navbharat_times\04_metadata.json", "JSON", 0, 0, -33, 0, 0, -33
"d:\OneDrive - The Energy and Resources Institute\Desktop\My_Files\Projects\Agentic-RAG-Chatbot\app\local_tests\pdf_extraction_test\v3old_results\navbharat_times\04_metadata.md", "Markdown", 0, -22, 0, 0, -5, -27
"d:\OneDrive - The Energy and Resources Institute\Desktop\My_Files\Projects\Agentic-RAG-Chatbot\app\local_tests\pdf_extraction_test\v3old_results\navbharat_times\05_qdrant_points.json", "JSON", 0, 0, -43485, 0, 0, -43485
"d:\OneDrive - The Energy and Resources Institute\Desktop\My_Files\Projects\Agentic-RAG-Chatbot\app\local_tests\pdf_extraction_test\v3old_results\navbharat_times\05_qdrant_points.md", "Markdown", 0, -458, 0, 0, -46, -504
"d:\OneDrive - The Energy and Resources Institute\Desktop\My_Files\Projects\Agentic-RAG-Chatbot\app\local_tests\pdf_extraction_test\v3old_results\navbharat_times\full_text.md", "Markdown", 0, -80, 0, 0, -18, -98
"d:\OneDrive - The Energy and Resources Institute\Desktop\My_Files\Projects\Agentic-RAG-Chatbot\app\local_tests\pdf_extraction_test\v4old_results\achieving_green_steel_roadmap\00_summary.json", "JSON", 0, 0, -43, 0, 0, -43
"d:\OneDrive - The Energy and Resources Institute\Desktop\My_Files\Projects\Agentic-RAG-Chatbot\app\local_tests\pdf_extraction_test\v4old_results\achieving_green_steel_roadmap\01_pages.md", "Markdown", 0, -1349, 0, 0, -275, -1624
"d:\OneDrive - The Energy and Resources Institute\Desktop\My_Files\Projects\Agentic-RAG-Chatbot\app\local_tests\pdf_extraction_test\v4old_results\achieving_green_steel_roadmap\02_tables.md", "Markdown", 0, -43, 0, 0, -10, -53
"d:\OneDrive - The Energy and Resources Institute\Desktop\My_Files\Projects\Agentic-RAG-Chatbot\app\local_tests\pdf_extraction_test\v4old_results\achieving_green_steel_roadmap\03_chunks.md", "Markdown", 0, -974, 0, 0, -296, -1270
"d:\OneDrive - The Energy and Resources Institute\Desktop\My_Files\Projects\Agentic-RAG-Chatbot\app\local_tests\pdf_extraction_test\v4old_results\achieving_green_steel_roadmap\04_metadata.json", "JSON", 0, 0, -79, 0, 0, -79
"d:\OneDrive - The Energy and Resources Institute\Desktop\My_Files\Projects\Agentic-RAG-Chatbot\app\local_tests\pdf_extraction_test\v4old_results\achieving_green_steel_roadmap\04_metadata.md", "Markdown", 0, -22, 0, 0, -5, -27
"d:\OneDrive - The Energy and Resources Institute\Desktop\My_Files\Projects\Agentic-RAG-Chatbot\app\local_tests\pdf_extraction_test\v4old_results\achieving_green_steel_roadmap\05_qdrant_points.json", "JSON", 0, 0, -232911, 0, 0, -232911
"d:\OneDrive - The Energy and Resources Institute\Desktop\My_Files\Projects\Agentic-RAG-Chatbot\app\local_tests\pdf_extraction_test\v4old_results\achieving_green_steel_roadmap\05_qdrant_points.md", "Markdown", 0, -2431, 0, 0, -229, -2660
"d:\OneDrive - The Energy and Resources Institute\Desktop\My_Files\Projects\Agentic-RAG-Chatbot\app\local_tests\pdf_extraction_test\v4old_results\achieving_green_steel_roadmap\full_text.md", "Markdown", 0, -1284, 0, 0, -210, -1494
"d:\OneDrive - The Energy and Resources Institute\Desktop\My_Files\Projects\Agentic-RAG-Chatbot\app\local_tests\pdf_extraction_test\v4old_results\act4earth_policybrief_sustainable_consumption_lifestyles\00_summary.json", "JSON", 0, 0, -29, 0, 0, -29
"d:\OneDrive - The Energy and Resources Institute\Desktop\My_Files\Projects\Agentic-RAG-Chatbot\app\local_tests\pdf_extraction_test\v4old_results\act4earth_policybrief_sustainable_consumption_lifestyles\01_pages.md", "Markdown", 0, -584, 0, 0, -116, -700
"d:\OneDrive - The Energy and Resources Institute\Desktop\My_Files\Projects\Agentic-RAG-Chatbot\app\local_tests\pdf_extraction_test\v4old_results\act4earth_policybrief_sustainable_consumption_lifestyles\02_tables.md", "Markdown", 0, -89, 0, 0, -12, -101
"d:\OneDrive - The Energy and Resources Institute\Desktop\My_Files\Projects\Agentic-RAG-Chatbot\app\local_tests\pdf_extraction_test\v4old_results\act4earth_policybrief_sustainable_consumption_lifestyles\03_chunks.md", "Markdown", 0, -399, 0, 0, -118, -517
"d:\OneDrive - The Energy and Resources Institute\Desktop\My_Files\Projects\Agentic-RAG-Chatbot\app\local_tests\pdf_extraction_test\v4old_results\act4earth_policybrief_sustainable_consumption_lifestyles\04_metadata.json", "JSON", 0, 0, -46, 0, 0, -46
"d:\OneDrive - The Energy and Resources Institute\Desktop\My_Files\Projects\Agentic-RAG-Chatbot\app\local_tests\pdf_extraction_test\v4old_results\act4earth_policybrief_sustainable_consumption_lifestyles\04_metadata.md", "Markdown", 0, -22, 0, 0, -5, -27
"d:\OneDrive - The Energy and Resources Institute\Desktop\My_Files\Projects\Agentic-RAG-Chatbot\app\local_tests\pdf_extraction_test\v4old_results\act4earth_policybrief_sustainable_consumption_lifestyles\05_qdrant_points.json", "JSON", 0, 0, -93174, 0, 0, -93174
"d:\OneDrive - The Energy and Resources Institute\Desktop\My_Files\Projects\Agentic-RAG-Chatbot\app\local_tests\pdf_extraction_test\v4old_results\act4earth_policybrief_sustainable_consumption_lifestyles\05_qdrant_points.md", "Markdown", 0, -979, 0, 0, -94, -1073
"d:\OneDrive - The Energy and Resources Institute\Desktop\My_Files\Projects\Agentic-RAG-Chatbot\app\local_tests\pdf_extraction_test\v4old_results\act4earth_policybrief_sustainable_consumption_lifestyles\full_text.md", "Markdown", 0, -562, 0, 0, -94, -656
"d:\OneDrive - The Energy and Resources Institute\Desktop\My_Files\Projects\Agentic-RAG-Chatbot\app\local_tests\pdf_extraction_test\v4old_results\advanced_green_fuels_for_maritime\00_summary.json", "JSON", 0, 0, -172, 0, 0, -172
"d:\OneDrive - The Energy and Resources Institute\Desktop\My_Files\Projects\Agentic-RAG-Chatbot\app\local_tests\pdf_extraction_test\v4old_results\advanced_green_fuels_for_maritime\01_pages.md", "Markdown", 0, -11989, 0, 0, -2188, -14177
"d:\OneDrive - The Energy and Resources Institute\Desktop\My_Files\Projects\Agentic-RAG-Chatbot\app\local_tests\pdf_extraction_test\v4old_results\advanced_green_fuels_for_maritime\02_tables.md", "Markdown", 0, -2161, 0, 0, -278, -2439
"d:\OneDrive - The Energy and Resources Institute\Desktop\My_Files\Projects\Agentic-RAG-Chatbot\app\local_tests\pdf_extraction_test\v4old_results\advanced_green_fuels_for_maritime\03_chunks.md", "Markdown", 0, -11228, 0, 0, -2938, -14166
"d:\OneDrive - The Energy and Resources Institute\Desktop\My_Files\Projects\Agentic-RAG-Chatbot\app\local_tests\pdf_extraction_test\v4old_results\advanced_green_fuels_for_maritime\04_metadata.json", "JSON", 0, 0, -332, 0, 0, -332
"d:\OneDrive - The Energy and Resources Institute\Desktop\My_Files\Projects\Agentic-RAG-Chatbot\app\local_tests\pdf_extraction_test\v4old_results\advanced_green_fuels_for_maritime\04_metadata.md", "Markdown", 0, -22, 0, 0, -5, -27
"d:\OneDrive - The Energy and Resources Institute\Desktop\My_Files\Projects\Agentic-RAG-Chatbot\app\local_tests\pdf_extraction_test\v4old_results\advanced_green_fuels_for_maritime_part_a_book\00_summary.json", "JSON", 0, 0, -172, 0, 0, -172
"d:\OneDrive - The Energy and Resources Institute\Desktop\My_Files\Projects\Agentic-RAG-Chatbot\app\local_tests\pdf_extraction_test\v4old_results\advanced_green_fuels_for_maritime_part_a_book\01_pages.md", "Markdown", 0, -11989, 0, 0, -2188, -14177
"d:\OneDrive - The Energy and Resources Institute\Desktop\My_Files\Projects\Agentic-RAG-Chatbot\app\local_tests\pdf_extraction_test\v4old_results\advanced_green_fuels_for_maritime_part_a_book\02_tables.md", "Markdown", 0, -2161, 0, 0, -278, -2439
"d:\OneDrive - The Energy and Resources Institute\Desktop\My_Files\Projects\Agentic-RAG-Chatbot\app\local_tests\pdf_extraction_test\v4old_results\advanced_green_fuels_for_maritime_part_a_book\03_chunks.md", "Markdown", 0, -11228, 0, 0, -2938, -14166
"d:\OneDrive - The Energy and Resources Institute\Desktop\My_Files\Projects\Agentic-RAG-Chatbot\app\local_tests\pdf_extraction_test\v4old_results\advanced_green_fuels_for_maritime_part_a_book\04_metadata.json", "JSON", 0, 0, -332, 0, 0, -332
"d:\OneDrive - The Energy and Resources Institute\Desktop\My_Files\Projects\Agentic-RAG-Chatbot\app\local_tests\pdf_extraction_test\v4old_results\advanced_green_fuels_for_maritime_part_a_book\04_metadata.md", "Markdown", 0, -22, 0, 0, -5, -27
"d:\OneDrive - The Energy and Resources Institute\Desktop\My_Files\Projects\Agentic-RAG-Chatbot\app\local_tests\pdf_extraction_test\v4old_results\advanced_green_fuels_for_maritime_part_a_book\05_qdrant_points.json", "JSON", 0, 0, -1791792, 0, 0, -1791792
"d:\OneDrive - The Energy and Resources Institute\Desktop\My_Files\Projects\Agentic-RAG-Chatbot\app\local_tests\pdf_extraction_test\v4old_results\advanced_green_fuels_for_maritime_part_a_book\05_qdrant_points.md", "Markdown", 0, -18666, 0, 0, -1735, -20401
"d:\OneDrive - The Energy and Resources Institute\Desktop\My_Files\Projects\Agentic-RAG-Chatbot\app\local_tests\pdf_extraction_test\v4old_results\advanced_green_fuels_for_maritime_part_a_book\full_text.md", "Markdown", 0, -11660, 0, 0, -1859, -13519
"d:\OneDrive - The Energy and Resources Institute\Desktop\My_Files\Projects\Agentic-RAG-Chatbot\app\local_tests\pdf_extraction_test\v5results\achieving_green_steel_roadmap\00_summary.json", "JSON", 0, 0, -43, 0, 0, -43
"d:\OneDrive - The Energy and Resources Institute\Desktop\My_Files\Projects\Agentic-RAG-Chatbot\app\local_tests\pdf_extraction_test\v5results\achieving_green_steel_roadmap\01_pages.md", "Markdown", 0, -1349, 0, 0, -275, -1624
"d:\OneDrive - The Energy and Resources Institute\Desktop\My_Files\Projects\Agentic-RAG-Chatbot\app\local_tests\pdf_extraction_test\v5results\achieving_green_steel_roadmap\02_tables.md", "Markdown", 0, -43, 0, 0, -10, -53
"d:\OneDrive - The Energy and Resources Institute\Desktop\My_Files\Projects\Agentic-RAG-Chatbot\app\local_tests\pdf_extraction_test\v5results\achieving_green_steel_roadmap\03_chunks.md", "Markdown", 0, -974, 0, 0, -296, -1270
"d:\OneDrive - The Energy and Resources Institute\Desktop\My_Files\Projects\Agentic-RAG-Chatbot\app\local_tests\pdf_extraction_test\v5results\achieving_green_steel_roadmap\04_metadata.json", "JSON", 0, 0, -79, 0, 0, -79
"d:\OneDrive - The Energy and Resources Institute\Desktop\My_Files\Projects\Agentic-RAG-Chatbot\app\local_tests\pdf_extraction_test\v5results\achieving_green_steel_roadmap\04_metadata.md", "Markdown", 0, -22, 0, 0, -5, -27
"d:\OneDrive - The Energy and Resources Institute\Desktop\My_Files\Projects\Agentic-RAG-Chatbot\app\local_tests\pdf_extraction_test\v5results\achieving_green_steel_roadmap\05_qdrant_points.json", "JSON", 0, 0, -232911, 0, 0, -232911
"d:\OneDrive - The Energy and Resources Institute\Desktop\My_Files\Projects\Agentic-RAG-Chatbot\app\local_tests\pdf_extraction_test\v5results\achieving_green_steel_roadmap\05_qdrant_points.md", "Markdown", 0, -2431, 0, 0, -229, -2660
"d:\OneDrive - The Energy and Resources Institute\Desktop\My_Files\Projects\Agentic-RAG-Chatbot\app\local_tests\pdf_extraction_test\v5results\achieving_green_steel_roadmap\full_text.md", "Markdown", 0, -1284, 0, 0, -210, -1494
"d:\OneDrive - The Energy and Resources Institute\Desktop\My_Files\Projects\Agentic-RAG-Chatbot\app\local_tests\pdf_extraction_test\v5results\act4earth_policybrief_sustainable_consumption_lifestyles\00_summary.json", "JSON", 0, 0, -29, 0, 0, -29
"d:\OneDrive - The Energy and Resources Institute\Desktop\My_Files\Projects\Agentic-RAG-Chatbot\app\local_tests\pdf_extraction_test\v5results\act4earth_policybrief_sustainable_consumption_lifestyles\01_pages.md", "Markdown", 0, -584, 0, 0, -116, -700
"d:\OneDrive - The Energy and Resources Institute\Desktop\My_Files\Projects\Agentic-RAG-Chatbot\app\local_tests\pdf_extraction_test\v5results\act4earth_policybrief_sustainable_consumption_lifestyles\02_tables.md", "Markdown", 0, -89, 0, 0, -12, -101
"d:\OneDrive - The Energy and Resources Institute\Desktop\My_Files\Projects\Agentic-RAG-Chatbot\app\local_tests\pdf_extraction_test\v5results\act4earth_policybrief_sustainable_consumption_lifestyles\03_chunks.md", "Markdown", 0, -399, 0, 0, -118, -517
"d:\OneDrive - The Energy and Resources Institute\Desktop\My_Files\Projects\Agentic-RAG-Chatbot\app\local_tests\pdf_extraction_test\v5results\act4earth_policybrief_sustainable_consumption_lifestyles\04_metadata.json", "JSON", 0, 0, -46, 0, 0, -46
"d:\OneDrive - The Energy and Resources Institute\Desktop\My_Files\Projects\Agentic-RAG-Chatbot\app\local_tests\pdf_extraction_test\v5results\act4earth_policybrief_sustainable_consumption_lifestyles\04_metadata.md", "Markdown", 0, -22, 0, 0, -5, -27
"d:\OneDrive - The Energy and Resources Institute\Desktop\My_Files\Projects\Agentic-RAG-Chatbot\app\local_tests\thematic_areas_test\README.md", "Markdown", 0, -42, 0, 0, -14, -56
"d:\OneDrive - The Energy and Resources Institute\Desktop\My_Files\Projects\Agentic-RAG-Chatbot\app\local_tests\thematic_areas_test\__init__.py", "Python", 0, 0, 0, 0, -1, -1
"d:\OneDrive - The Energy and Resources Institute\Desktop\My_Files\Projects\Agentic-RAG-Chatbot\app\local_tests\thematic_areas_test\run.py", "Python", -632, 0, 0, -119, -92, -843
"d:\OneDrive - The Energy and Resources Institute\Desktop\My_Files\Projects\Agentic-RAG-Chatbot\app\main.py", "Python", -10, 0, 0, -2, -3, -15
"d:\OneDrive - The Energy and Resources Institute\Desktop\My_Files\Projects\Agentic-RAG-Chatbot\app\observability\tracing.py", "Python", -106, 0, 0, 0, -29, -135
"d:\OneDrive - The Energy and Resources Institute\Desktop\My_Files\Projects\Agentic-RAG-Chatbot\app\rag.py", "Python", -390, 0, 0, -25, -64, -479
"d:\OneDrive - The Energy and Resources Institute\Desktop\My_Files\Projects\Agentic-RAG-Chatbot\app\retrieval\citations.py", "Python", -62, 0, 0, -4, -17, -83
"d:\OneDrive - The Energy and Resources Institute\Desktop\My_Files\Projects\Agentic-RAG-Chatbot\app\retrieval\context_builder.py", "Python", -188, 0, 0, -10, -42, -240
"d:\OneDrive - The Energy and Resources Institute\Desktop\My_Files\Projects\Agentic-RAG-Chatbot\app\retrieval\drupal_router.py", "Python", -190, 0, 0, -13, -35, -238
"d:\OneDrive - The Energy and Resources Institute\Desktop\My_Files\Projects\Agentic-RAG-Chatbot\app\retrieval\hybrid_search.py", "Python", -95, 0, 0, -8, -23, -126
"d:\OneDrive - The Energy and Resources Institute\Desktop\My_Files\Projects\Agentic-RAG-Chatbot\app\retrieval\query_processor.py", "Python", -119, 0, 0, -6, -23, -148
"d:\OneDrive - The Energy and Resources Institute\Desktop\My_Files\Projects\Agentic-RAG-Chatbot\app\retrieval\reranker.py", "Python", -145, 0, 0, -4, -36, -185
"d:\OneDrive - The Energy and Resources Institute\Desktop\My_Files\Projects\Agentic-RAG-Chatbot\app\retrieval\source_locator.py", "Python", -85, 0, 0, -15, -17, -117
"d:\OneDrive - The Energy and Resources Institute\Desktop\My_Files\Projects\Agentic-RAG-Chatbot\app\schemas\__init__.py", "Python", -30, 0, 0, 0, -2, -32
"d:\OneDrive - The Energy and Resources Institute\Desktop\My_Files\Projects\Agentic-RAG-Chatbot\app\schemas\ingest.py", "Python", -62, 0, 0, -1, -29, -92
"d:\OneDrive - The Energy and Resources Institute\Desktop\My_Files\Projects\Agentic-RAG-Chatbot\app\schemas\query.py", "Python", -52, 0, 0, -4, -21, -77
"d:\OneDrive - The Energy and Resources Institute\Desktop\My_Files\Projects\Agentic-RAG-Chatbot\app\workers\scheduler.py", "Python", -49, 0, 0, -14, -11, -74
"d:\OneDrive - The Energy and Resources Institute\Desktop\My_Files\Projects\Agentic-RAG-Chatbot\app\workers\tasks.py", "Python", -97, 0, 0, 0, -38, -135
"d:\OneDrive - The Energy and Resources Institute\Desktop\My_Files\Projects\Agentic-RAG-Chatbot\tests\test_chunk_classify.py", "Python", 58, 0, 0, 3, 17, 78
"d:\OneDrive - The Energy and Resources Institute\Desktop\My_Files\Projects\Agentic-RAG-Chatbot\tests\test_chunk_heading.py", "Python", 26, 0, 0, 3, 29, 58
"d:\OneDrive - The Energy and Resources Institute\Desktop\My_Files\Projects\Agentic-RAG-Chatbot\tests\test_chunk_overlap.py", "Python", 19, 0, 0, 1, 12, 32
"d:\OneDrive - The Energy and Resources Institute\Desktop\My_Files\Projects\Agentic-RAG-Chatbot\tests\test_chunk_parent.py", "Python", 19, 0, 0, 1, 8, 28
"d:\OneDrive - The Energy and Resources Institute\Desktop\My_Files\Projects\Agentic-RAG-Chatbot\tests\test_counting.py", "Python", 115, 0, 0, 27, 48, 190
"d:\OneDrive - The Energy and Resources Institute\Desktop\My_Files\Projects\Agentic-RAG-Chatbot\tests\test_hybrid_filter.py", "Python", 10, 0, 0, 1, 7, 18
"d:\OneDrive - The Energy and Resources Institute\Desktop\My_Files\Projects\Agentic-RAG-Chatbot\tests\test_router.py", "Python", 180, 0, 0, 31, 67, 278
"d:\OneDrive - The Energy and Resources Institute\Desktop\My_Files\Projects\Agentic-RAG-Chatbot\tests\test_text_normalize.py", "Python", 142, 0, 0, 8, 68, 218
"Total", "-", -7402, -577488, -21225078, -100134, -92590, -22002692